#! /home/rizzy/.apio/packages/tools-oss-cad-suite/bin/vvp
:ivl_version "13.0 (devel)" "(s20221226-321-gd22bb3d25)";
:ivl_delay_selection "TYPICAL";
:vpi_time_precision - 12;
:vpi_module "/home/rizzy/.apio/packages/tools-oss-cad-suite/lib/ivl/system.vpi";
:vpi_module "/home/rizzy/.apio/packages/tools-oss-cad-suite/lib/ivl/vhdl_sys.vpi";
:vpi_module "/home/rizzy/.apio/packages/tools-oss-cad-suite/lib/ivl/vhdl_textio.vpi";
:vpi_module "/home/rizzy/.apio/packages/tools-oss-cad-suite/lib/ivl/v2005_math.vpi";
:vpi_module "/home/rizzy/.apio/packages/tools-oss-cad-suite/lib/ivl/va_math.vpi";
S_0x55556369f840 .scope module, "ICESTORM_LC" "ICESTORM_LC" 2 2136;
 .timescale -12 -12;
    .port_info 0 /INPUT 1 "I0";
    .port_info 1 /INPUT 1 "I1";
    .port_info 2 /INPUT 1 "I2";
    .port_info 3 /INPUT 1 "I3";
    .port_info 4 /INPUT 1 "CIN";
    .port_info 5 /INPUT 1 "CLK";
    .port_info 6 /INPUT 1 "CEN";
    .port_info 7 /INPUT 1 "SR";
    .port_info 8 /OUTPUT 1 "LO";
    .port_info 9 /OUTPUT 1 "O";
    .port_info 10 /OUTPUT 1 "COUT";
P_0x5555637ee220 .param/l "ASYNC_SR" 0 2 2148, C4<0>;
P_0x5555637ee260 .param/l "CARRY_ENABLE" 0 2 2145, C4<0>;
P_0x5555637ee2a0 .param/l "CIN_CONST" 0 2 2150, C4<0>;
P_0x5555637ee2e0 .param/l "CIN_SET" 0 2 2151, C4<0>;
P_0x5555637ee320 .param/l "DFF_ENABLE" 0 2 2146, C4<0>;
P_0x5555637ee360 .param/l "LUT_INIT" 0 2 2142, C4<0000000000000000>;
P_0x5555637ee3a0 .param/l "NEG_CLK" 0 2 2144, C4<0>;
P_0x5555637ee3e0 .param/l "SET_NORESET" 0 2 2147, C4<0>;
o0x7fda75dd9078 .functor BUFZ 1, C4<z>; HiZ drive
L_0x55556386a060 .functor BUFZ 1, o0x7fda75dd9078, C4<0>, C4<0>, C4<0>;
L_0x555563869ed0 .functor BUFZ 1, L_0x55556386acc0, C4<0>, C4<0>, C4<0>;
o0x7fda75dd90a8 .functor BUFZ 1, C4<z>; HiZ drive
L_0x7fda75d902a0 .functor BUFT 1, C4<0>, C4<0>, C4<0>, C4<0>;
L_0x55556386af60 .functor XOR 1, o0x7fda75dd90a8, L_0x7fda75d902a0, C4<0>, C4<0>;
L_0x55556386b020 .functor BUFZ 1, L_0x55556386acc0, C4<0>, C4<0>, C4<0>;
o0x7fda75dd9018 .functor BUFZ 1, C4<z>; HiZ drive
v0x5555637ca5e0_0 .net "CEN", 0 0, o0x7fda75dd9018;  0 drivers
v0x555563795460_0 .net "CEN_pu", 0 0, L_0x555563869e30;  1 drivers
v0x555563794510_0 .net "CIN", 0 0, o0x7fda75dd9078;  0 drivers
v0x5555637935c0_0 .net "CLK", 0 0, o0x7fda75dd90a8;  0 drivers
L_0x7fda75d901c8 .functor BUFT 1, C4<x>, C4<0>, C4<0>, C4<0>;
v0x555563792670_0 .net "COUT", 0 0, L_0x7fda75d901c8;  1 drivers
o0x7fda75dd9108 .functor BUFZ 1, C4<z>; HiZ drive
v0x555563791720_0 .net "I0", 0 0, o0x7fda75dd9108;  0 drivers
v0x555563790860_0 .net "I0_pd", 0 0, L_0x555563869070;  1 drivers
o0x7fda75dd9168 .functor BUFZ 1, C4<z>; HiZ drive
v0x5555636116d0_0 .net "I1", 0 0, o0x7fda75dd9168;  0 drivers
v0x555563611790_0 .net "I1_pd", 0 0, L_0x555563869300;  1 drivers
o0x7fda75dd91c8 .functor BUFZ 1, C4<z>; HiZ drive
v0x555563611850_0 .net "I2", 0 0, o0x7fda75dd91c8;  0 drivers
v0x555563611910_0 .net "I2_pd", 0 0, L_0x5555638695f0;  1 drivers
o0x7fda75dd9228 .functor BUFZ 1, C4<z>; HiZ drive
v0x5555636119d0_0 .net "I3", 0 0, o0x7fda75dd9228;  0 drivers
v0x555563611a90_0 .net "I3_pd", 0 0, L_0x555563869890;  1 drivers
v0x555563607d40_0 .net "LO", 0 0, L_0x555563869ed0;  1 drivers
v0x555563607e00_0 .net "O", 0 0, L_0x55556386b020;  1 drivers
o0x7fda75dd92e8 .functor BUFZ 1, C4<z>; HiZ drive
v0x555563607ec0_0 .net "SR", 0 0, o0x7fda75dd92e8;  0 drivers
v0x555563607f80_0 .net "SR_pd", 0 0, L_0x555563869bc0;  1 drivers
o0x7fda75dd9348 .functor BUFZ 1, C4<z>; HiZ drive
; Elide local net with no drivers, v0x555563608150_0 name=_ivl_0
v0x5555636069f0_0 .net *"_ivl_10", 0 0, L_0x555563869230;  1 drivers
L_0x7fda75d90060 .functor BUFT 1, C4<0>, C4<0>, C4<0>, C4<0>;
v0x555563606ab0_0 .net/2u *"_ivl_12", 0 0, L_0x7fda75d90060;  1 drivers
o0x7fda75dd93d8 .functor BUFZ 1, C4<z>; HiZ drive
; Elide local net with no drivers, v0x555563606b90_0 name=_ivl_16
v0x555563606c70_0 .net *"_ivl_18", 0 0, L_0x5555638694f0;  1 drivers
v0x555563606d30_0 .net *"_ivl_2", 0 0, L_0x555563868f10;  1 drivers
L_0x7fda75d900a8 .functor BUFT 1, C4<0>, C4<0>, C4<0>, C4<0>;
v0x555563606df0_0 .net/2u *"_ivl_20", 0 0, L_0x7fda75d900a8;  1 drivers
o0x7fda75dd9498 .functor BUFZ 1, C4<z>; HiZ drive
; Elide local net with no drivers, v0x555563602e50_0 name=_ivl_24
v0x555563602f30_0 .net *"_ivl_26", 0 0, L_0x5555638697c0;  1 drivers
L_0x7fda75d900f0 .functor BUFT 1, C4<0>, C4<0>, C4<0>, C4<0>;
v0x555563602ff0_0 .net/2u *"_ivl_28", 0 0, L_0x7fda75d900f0;  1 drivers
o0x7fda75dd9528 .functor BUFZ 1, C4<z>; HiZ drive
; Elide local net with no drivers, v0x5555636030d0_0 name=_ivl_32
v0x5555636031b0_0 .net *"_ivl_34", 0 0, L_0x555563869aa0;  1 drivers
L_0x7fda75d90138 .functor BUFT 1, C4<0>, C4<0>, C4<0>, C4<0>;
v0x555563603270_0 .net/2u *"_ivl_36", 0 0, L_0x7fda75d90138;  1 drivers
L_0x7fda75d90018 .functor BUFT 1, C4<0>, C4<0>, C4<0>, C4<0>;
v0x5555635ff260_0 .net/2u *"_ivl_4", 0 0, L_0x7fda75d90018;  1 drivers
o0x7fda75dd95e8 .functor BUFZ 1, C4<z>; HiZ drive
; Elide local net with no drivers, v0x5555635ff340_0 name=_ivl_40
v0x5555635ff420_0 .net *"_ivl_42", 0 0, L_0x555563869d60;  1 drivers
L_0x7fda75d90180 .functor BUFT 1, C4<1>, C4<0>, C4<0>, C4<0>;
v0x5555635ff6f0_0 .net/2u *"_ivl_44", 0 0, L_0x7fda75d90180;  1 drivers
L_0x7fda75d90210 .functor BUFT 1, C4<00000000>, C4<0>, C4<0>, C4<0>;
v0x555563604d40_0 .net/2u *"_ivl_52", 7 0, L_0x7fda75d90210;  1 drivers
L_0x7fda75d90258 .functor BUFT 1, C4<00000000>, C4<0>, C4<0>, C4<0>;
v0x555563604e20_0 .net/2u *"_ivl_54", 7 0, L_0x7fda75d90258;  1 drivers
v0x555563604f00_0 .net *"_ivl_59", 3 0, L_0x55556386a330;  1 drivers
v0x555563604fe0_0 .net *"_ivl_61", 3 0, L_0x55556386a4a0;  1 drivers
v0x5555636050c0_0 .net *"_ivl_65", 1 0, L_0x55556386a760;  1 drivers
v0x5555636051a0_0 .net *"_ivl_67", 1 0, L_0x55556386a850;  1 drivers
v0x5555636011a0_0 .net *"_ivl_71", 0 0, L_0x55556386ab20;  1 drivers
v0x555563601280_0 .net *"_ivl_73", 0 0, L_0x55556386a8f0;  1 drivers
v0x555563601360_0 .net/2u *"_ivl_78", 0 0, L_0x7fda75d902a0;  1 drivers
o0x7fda75dd9828 .functor BUFZ 1, C4<z>; HiZ drive
; Elide local net with no drivers, v0x555563601440_0 name=_ivl_8
v0x555563601520_0 .net "lut_o", 0 0, L_0x55556386acc0;  1 drivers
v0x5555636015e0_0 .net "lut_s1", 1 0, L_0x55556386a990;  1 drivers
v0x5555635f7820_0 .net "lut_s2", 3 0, L_0x55556386a540;  1 drivers
v0x5555635f7900_0 .net "lut_s3", 7 0, L_0x55556386a1c0;  1 drivers
v0x5555635f79e0_0 .net "mux_cin", 0 0, L_0x55556386a060;  1 drivers
v0x5555635f7aa0_0 .var "o_reg", 0 0;
v0x5555635f7b60_0 .var "o_reg_async", 0 0;
v0x5555635f7c20_0 .net "polarized_clk", 0 0, L_0x55556386af60;  1 drivers
E_0x5555637f5390 .event posedge, v0x555563607f80_0, v0x5555635f7c20_0;
E_0x5555637de3b0 .event posedge, v0x5555635f7c20_0;
L_0x555563868f10 .cmp/eeq 1, o0x7fda75dd9108, o0x7fda75dd9348;
L_0x555563869070 .functor MUXZ 1, o0x7fda75dd9108, L_0x7fda75d90018, L_0x555563868f10, C4<>;
L_0x555563869230 .cmp/eeq 1, o0x7fda75dd9168, o0x7fda75dd9828;
L_0x555563869300 .functor MUXZ 1, o0x7fda75dd9168, L_0x7fda75d90060, L_0x555563869230, C4<>;
L_0x5555638694f0 .cmp/eeq 1, o0x7fda75dd91c8, o0x7fda75dd93d8;
L_0x5555638695f0 .functor MUXZ 1, o0x7fda75dd91c8, L_0x7fda75d900a8, L_0x5555638694f0, C4<>;
L_0x5555638697c0 .cmp/eeq 1, o0x7fda75dd9228, o0x7fda75dd9498;
L_0x555563869890 .functor MUXZ 1, o0x7fda75dd9228, L_0x7fda75d900f0, L_0x5555638697c0, C4<>;
L_0x555563869aa0 .cmp/eeq 1, o0x7fda75dd92e8, o0x7fda75dd9528;
L_0x555563869bc0 .functor MUXZ 1, o0x7fda75dd92e8, L_0x7fda75d90138, L_0x555563869aa0, C4<>;
L_0x555563869d60 .cmp/eeq 1, o0x7fda75dd9018, o0x7fda75dd95e8;
L_0x555563869e30 .functor MUXZ 1, o0x7fda75dd9018, L_0x7fda75d90180, L_0x555563869d60, C4<>;
L_0x55556386a1c0 .functor MUXZ 8, L_0x7fda75d90258, L_0x7fda75d90210, L_0x555563869890, C4<>;
L_0x55556386a330 .part L_0x55556386a1c0, 4, 4;
L_0x55556386a4a0 .part L_0x55556386a1c0, 0, 4;
L_0x55556386a540 .functor MUXZ 4, L_0x55556386a4a0, L_0x55556386a330, L_0x5555638695f0, C4<>;
L_0x55556386a760 .part L_0x55556386a540, 2, 2;
L_0x55556386a850 .part L_0x55556386a540, 0, 2;
L_0x55556386a990 .functor MUXZ 2, L_0x55556386a850, L_0x55556386a760, L_0x555563869300, C4<>;
L_0x55556386ab20 .part L_0x55556386a990, 1, 1;
L_0x55556386a8f0 .part L_0x55556386a990, 0, 1;
L_0x55556386acc0 .functor MUXZ 1, L_0x55556386a8f0, L_0x55556386ab20, L_0x555563869070, C4<>;
S_0x5555637f0f60 .scope module, "ICESTORM_RAM" "ICESTORM_RAM" 2 3167;
 .timescale -12 -12;
    .port_info 0 /OUTPUT 1 "RDATA_15";
    .port_info 1 /OUTPUT 1 "RDATA_14";
    .port_info 2 /OUTPUT 1 "RDATA_13";
    .port_info 3 /OUTPUT 1 "RDATA_12";
    .port_info 4 /OUTPUT 1 "RDATA_11";
    .port_info 5 /OUTPUT 1 "RDATA_10";
    .port_info 6 /OUTPUT 1 "RDATA_9";
    .port_info 7 /OUTPUT 1 "RDATA_8";
    .port_info 8 /OUTPUT 1 "RDATA_7";
    .port_info 9 /OUTPUT 1 "RDATA_6";
    .port_info 10 /OUTPUT 1 "RDATA_5";
    .port_info 11 /OUTPUT 1 "RDATA_4";
    .port_info 12 /OUTPUT 1 "RDATA_3";
    .port_info 13 /OUTPUT 1 "RDATA_2";
    .port_info 14 /OUTPUT 1 "RDATA_1";
    .port_info 15 /OUTPUT 1 "RDATA_0";
    .port_info 16 /INPUT 1 "RCLK";
    .port_info 17 /INPUT 1 "RCLKE";
    .port_info 18 /INPUT 1 "RE";
    .port_info 19 /INPUT 1 "RADDR_10";
    .port_info 20 /INPUT 1 "RADDR_9";
    .port_info 21 /INPUT 1 "RADDR_8";
    .port_info 22 /INPUT 1 "RADDR_7";
    .port_info 23 /INPUT 1 "RADDR_6";
    .port_info 24 /INPUT 1 "RADDR_5";
    .port_info 25 /INPUT 1 "RADDR_4";
    .port_info 26 /INPUT 1 "RADDR_3";
    .port_info 27 /INPUT 1 "RADDR_2";
    .port_info 28 /INPUT 1 "RADDR_1";
    .port_info 29 /INPUT 1 "RADDR_0";
    .port_info 30 /INPUT 1 "WCLK";
    .port_info 31 /INPUT 1 "WCLKE";
    .port_info 32 /INPUT 1 "WE";
    .port_info 33 /INPUT 1 "WADDR_10";
    .port_info 34 /INPUT 1 "WADDR_9";
    .port_info 35 /INPUT 1 "WADDR_8";
    .port_info 36 /INPUT 1 "WADDR_7";
    .port_info 37 /INPUT 1 "WADDR_6";
    .port_info 38 /INPUT 1 "WADDR_5";
    .port_info 39 /INPUT 1 "WADDR_4";
    .port_info 40 /INPUT 1 "WADDR_3";
    .port_info 41 /INPUT 1 "WADDR_2";
    .port_info 42 /INPUT 1 "WADDR_1";
    .port_info 43 /INPUT 1 "WADDR_0";
    .port_info 44 /INPUT 1 "MASK_15";
    .port_info 45 /INPUT 1 "MASK_14";
    .port_info 46 /INPUT 1 "MASK_13";
    .port_info 47 /INPUT 1 "MASK_12";
    .port_info 48 /INPUT 1 "MASK_11";
    .port_info 49 /INPUT 1 "MASK_10";
    .port_info 50 /INPUT 1 "MASK_9";
    .port_info 51 /INPUT 1 "MASK_8";
    .port_info 52 /INPUT 1 "MASK_7";
    .port_info 53 /INPUT 1 "MASK_6";
    .port_info 54 /INPUT 1 "MASK_5";
    .port_info 55 /INPUT 1 "MASK_4";
    .port_info 56 /INPUT 1 "MASK_3";
    .port_info 57 /INPUT 1 "MASK_2";
    .port_info 58 /INPUT 1 "MASK_1";
    .port_info 59 /INPUT 1 "MASK_0";
    .port_info 60 /INPUT 1 "WDATA_15";
    .port_info 61 /INPUT 1 "WDATA_14";
    .port_info 62 /INPUT 1 "WDATA_13";
    .port_info 63 /INPUT 1 "WDATA_12";
    .port_info 64 /INPUT 1 "WDATA_11";
    .port_info 65 /INPUT 1 "WDATA_10";
    .port_info 66 /INPUT 1 "WDATA_9";
    .port_info 67 /INPUT 1 "WDATA_8";
    .port_info 68 /INPUT 1 "WDATA_7";
    .port_info 69 /INPUT 1 "WDATA_6";
    .port_info 70 /INPUT 1 "WDATA_5";
    .port_info 71 /INPUT 1 "WDATA_4";
    .port_info 72 /INPUT 1 "WDATA_3";
    .port_info 73 /INPUT 1 "WDATA_2";
    .port_info 74 /INPUT 1 "WDATA_1";
    .port_info 75 /INPUT 1 "WDATA_0";
P_0x5555635f50b0 .param/l "INIT_0" 0 2 3182, C4<0000000000000000000000000000000000000000000000000000000000000000000000000000000000000000000000000000000000000000000000000000000000000000000000000000000000000000000000000000000000000000000000000000000000000000000000000000000000000000000000000000000000000000>;
P_0x5555635f50f0 .param/l "INIT_1" 0 2 3183, C4<0000000000000000000000000000000000000000000000000000000000000000000000000000000000000000000000000000000000000000000000000000000000000000000000000000000000000000000000000000000000000000000000000000000000000000000000000000000000000000000000000000000000000000>;
P_0x5555635f5130 .param/l "INIT_2" 0 2 3184, C4<0000000000000000000000000000000000000000000000000000000000000000000000000000000000000000000000000000000000000000000000000000000000000000000000000000000000000000000000000000000000000000000000000000000000000000000000000000000000000000000000000000000000000000>;
P_0x5555635f5170 .param/l "INIT_3" 0 2 3185, C4<0000000000000000000000000000000000000000000000000000000000000000000000000000000000000000000000000000000000000000000000000000000000000000000000000000000000000000000000000000000000000000000000000000000000000000000000000000000000000000000000000000000000000000>;
P_0x5555635f51b0 .param/l "INIT_4" 0 2 3186, C4<0000000000000000000000000000000000000000000000000000000000000000000000000000000000000000000000000000000000000000000000000000000000000000000000000000000000000000000000000000000000000000000000000000000000000000000000000000000000000000000000000000000000000000>;
P_0x5555635f51f0 .param/l "INIT_5" 0 2 3187, C4<0000000000000000000000000000000000000000000000000000000000000000000000000000000000000000000000000000000000000000000000000000000000000000000000000000000000000000000000000000000000000000000000000000000000000000000000000000000000000000000000000000000000000000>;
P_0x5555635f5230 .param/l "INIT_6" 0 2 3188, C4<0000000000000000000000000000000000000000000000000000000000000000000000000000000000000000000000000000000000000000000000000000000000000000000000000000000000000000000000000000000000000000000000000000000000000000000000000000000000000000000000000000000000000000>;
P_0x5555635f5270 .param/l "INIT_7" 0 2 3189, C4<0000000000000000000000000000000000000000000000000000000000000000000000000000000000000000000000000000000000000000000000000000000000000000000000000000000000000000000000000000000000000000000000000000000000000000000000000000000000000000000000000000000000000000>;
P_0x5555635f52b0 .param/l "INIT_8" 0 2 3190, C4<0000000000000000000000000000000000000000000000000000000000000000000000000000000000000000000000000000000000000000000000000000000000000000000000000000000000000000000000000000000000000000000000000000000000000000000000000000000000000000000000000000000000000000>;
P_0x5555635f52f0 .param/l "INIT_9" 0 2 3191, C4<0000000000000000000000000000000000000000000000000000000000000000000000000000000000000000000000000000000000000000000000000000000000000000000000000000000000000000000000000000000000000000000000000000000000000000000000000000000000000000000000000000000000000000>;
P_0x5555635f5330 .param/l "INIT_A" 0 2 3192, C4<0000000000000000000000000000000000000000000000000000000000000000000000000000000000000000000000000000000000000000000000000000000000000000000000000000000000000000000000000000000000000000000000000000000000000000000000000000000000000000000000000000000000000000>;
P_0x5555635f5370 .param/l "INIT_B" 0 2 3193, C4<0000000000000000000000000000000000000000000000000000000000000000000000000000000000000000000000000000000000000000000000000000000000000000000000000000000000000000000000000000000000000000000000000000000000000000000000000000000000000000000000000000000000000000>;
P_0x5555635f53b0 .param/l "INIT_C" 0 2 3194, C4<0000000000000000000000000000000000000000000000000000000000000000000000000000000000000000000000000000000000000000000000000000000000000000000000000000000000000000000000000000000000000000000000000000000000000000000000000000000000000000000000000000000000000000>;
P_0x5555635f53f0 .param/l "INIT_D" 0 2 3195, C4<0000000000000000000000000000000000000000000000000000000000000000000000000000000000000000000000000000000000000000000000000000000000000000000000000000000000000000000000000000000000000000000000000000000000000000000000000000000000000000000000000000000000000000>;
P_0x5555635f5430 .param/l "INIT_E" 0 2 3196, C4<0000000000000000000000000000000000000000000000000000000000000000000000000000000000000000000000000000000000000000000000000000000000000000000000000000000000000000000000000000000000000000000000000000000000000000000000000000000000000000000000000000000000000000>;
P_0x5555635f5470 .param/l "INIT_F" 0 2 3197, C4<0000000000000000000000000000000000000000000000000000000000000000000000000000000000000000000000000000000000000000000000000000000000000000000000000000000000000000000000000000000000000000000000000000000000000000000000000000000000000000000000000000000000000000>;
P_0x5555635f54b0 .param/l "NEG_CLK_R" 0 2 3179, C4<0>;
P_0x5555635f54f0 .param/l "NEG_CLK_W" 0 2 3180, C4<0>;
P_0x5555635f5530 .param/l "READ_MODE" 0 2 3177, +C4<00000000000000000000000000000000>;
P_0x5555635f5570 .param/l "WRITE_MODE" 0 2 3176, +C4<00000000000000000000000000000000>;
L_0x7fda75d90330 .functor BUFT 1, C4<0>, C4<0>, C4<0>, C4<0>;
L_0x55556387bd50 .functor XOR 1, L_0x55556387c420, L_0x7fda75d90330, C4<0>, C4<0>;
L_0x7fda75d90378 .functor BUFT 1, C4<0>, C4<0>, C4<0>, C4<0>;
L_0x55556387dd90 .functor XOR 1, L_0x55556387dbe0, L_0x7fda75d90378, C4<0>, C4<0>;
o0x7fda75dda1b8 .functor BUFZ 1, C4<z>; HiZ drive
v0x5555638322d0_0 .net "MASK_0", 0 0, o0x7fda75dda1b8;  0 drivers
o0x7fda75dda1e8 .functor BUFZ 1, C4<z>; HiZ drive
v0x5555638323b0_0 .net "MASK_1", 0 0, o0x7fda75dda1e8;  0 drivers
o0x7fda75dda218 .functor BUFZ 1, C4<z>; HiZ drive
v0x555563832470_0 .net "MASK_10", 0 0, o0x7fda75dda218;  0 drivers
o0x7fda75dda248 .functor BUFZ 1, C4<z>; HiZ drive
v0x555563832510_0 .net "MASK_11", 0 0, o0x7fda75dda248;  0 drivers
o0x7fda75dda278 .functor BUFZ 1, C4<z>; HiZ drive
v0x5555638325d0_0 .net "MASK_12", 0 0, o0x7fda75dda278;  0 drivers
o0x7fda75dda2a8 .functor BUFZ 1, C4<z>; HiZ drive
v0x5555638326e0_0 .net "MASK_13", 0 0, o0x7fda75dda2a8;  0 drivers
o0x7fda75dda2d8 .functor BUFZ 1, C4<z>; HiZ drive
v0x5555638327a0_0 .net "MASK_14", 0 0, o0x7fda75dda2d8;  0 drivers
o0x7fda75dda308 .functor BUFZ 1, C4<z>; HiZ drive
v0x555563832860_0 .net "MASK_15", 0 0, o0x7fda75dda308;  0 drivers
o0x7fda75dda338 .functor BUFZ 1, C4<z>; HiZ drive
v0x555563832920_0 .net "MASK_2", 0 0, o0x7fda75dda338;  0 drivers
o0x7fda75dda368 .functor BUFZ 1, C4<z>; HiZ drive
v0x5555638329e0_0 .net "MASK_3", 0 0, o0x7fda75dda368;  0 drivers
o0x7fda75dda398 .functor BUFZ 1, C4<z>; HiZ drive
v0x555563832aa0_0 .net "MASK_4", 0 0, o0x7fda75dda398;  0 drivers
o0x7fda75dda3c8 .functor BUFZ 1, C4<z>; HiZ drive
v0x555563832b60_0 .net "MASK_5", 0 0, o0x7fda75dda3c8;  0 drivers
o0x7fda75dda3f8 .functor BUFZ 1, C4<z>; HiZ drive
v0x555563832c20_0 .net "MASK_6", 0 0, o0x7fda75dda3f8;  0 drivers
o0x7fda75dda428 .functor BUFZ 1, C4<z>; HiZ drive
v0x555563832ce0_0 .net "MASK_7", 0 0, o0x7fda75dda428;  0 drivers
o0x7fda75dda458 .functor BUFZ 1, C4<z>; HiZ drive
v0x555563832da0_0 .net "MASK_8", 0 0, o0x7fda75dda458;  0 drivers
o0x7fda75dda488 .functor BUFZ 1, C4<z>; HiZ drive
v0x555563832e60_0 .net "MASK_9", 0 0, o0x7fda75dda488;  0 drivers
o0x7fda75dda4b8 .functor BUFZ 1, C4<z>; HiZ drive
v0x555563832f20_0 .net "RADDR_0", 0 0, o0x7fda75dda4b8;  0 drivers
o0x7fda75dda4e8 .functor BUFZ 1, C4<z>; HiZ drive
v0x5555638330f0_0 .net "RADDR_1", 0 0, o0x7fda75dda4e8;  0 drivers
o0x7fda75dda518 .functor BUFZ 1, C4<z>; HiZ drive
v0x5555638331b0_0 .net "RADDR_10", 0 0, o0x7fda75dda518;  0 drivers
o0x7fda75dda548 .functor BUFZ 1, C4<z>; HiZ drive
v0x555563833270_0 .net "RADDR_2", 0 0, o0x7fda75dda548;  0 drivers
o0x7fda75dda578 .functor BUFZ 1, C4<z>; HiZ drive
v0x555563833330_0 .net "RADDR_3", 0 0, o0x7fda75dda578;  0 drivers
o0x7fda75dda5a8 .functor BUFZ 1, C4<z>; HiZ drive
v0x5555638333f0_0 .net "RADDR_4", 0 0, o0x7fda75dda5a8;  0 drivers
o0x7fda75dda5d8 .functor BUFZ 1, C4<z>; HiZ drive
v0x5555638334b0_0 .net "RADDR_5", 0 0, o0x7fda75dda5d8;  0 drivers
o0x7fda75dda608 .functor BUFZ 1, C4<z>; HiZ drive
v0x555563833570_0 .net "RADDR_6", 0 0, o0x7fda75dda608;  0 drivers
o0x7fda75dda638 .functor BUFZ 1, C4<z>; HiZ drive
v0x555563833630_0 .net "RADDR_7", 0 0, o0x7fda75dda638;  0 drivers
o0x7fda75dda668 .functor BUFZ 1, C4<z>; HiZ drive
v0x5555638336f0_0 .net "RADDR_8", 0 0, o0x7fda75dda668;  0 drivers
o0x7fda75dda698 .functor BUFZ 1, C4<z>; HiZ drive
v0x5555638337b0_0 .net "RADDR_9", 0 0, o0x7fda75dda698;  0 drivers
o0x7fda75dda6c8 .functor BUFZ 1, C4<z>; HiZ drive
v0x555563833870_0 .net "RCLK", 0 0, o0x7fda75dda6c8;  0 drivers
o0x7fda75dda6f8 .functor BUFZ 1, C4<z>; HiZ drive
v0x555563833930_0 .net "RCLKE", 0 0, o0x7fda75dda6f8;  0 drivers
v0x5555638339f0_0 .net "RDATA_0", 0 0, L_0x55556387c2c0;  1 drivers
v0x555563833ab0_0 .net "RDATA_1", 0 0, L_0x55556387bfe0;  1 drivers
v0x555563833b70_0 .net "RDATA_10", 0 0, L_0x55556387b6e0;  1 drivers
v0x555563833c30_0 .net "RDATA_11", 0 0, L_0x55556387b610;  1 drivers
v0x555563833f00_0 .net "RDATA_12", 0 0, L_0x55556387b510;  1 drivers
v0x555563833fc0_0 .net "RDATA_13", 0 0, L_0x55556387b440;  1 drivers
v0x555563834080_0 .net "RDATA_14", 0 0, L_0x55556387b370;  1 drivers
v0x555563834140_0 .net "RDATA_15", 0 0, L_0x55556387b250;  1 drivers
v0x555563834200_0 .net "RDATA_2", 0 0, L_0x55556387be90;  1 drivers
v0x5555638342c0_0 .net "RDATA_3", 0 0, L_0x55556387bdc0;  1 drivers
v0x555563834380_0 .net "RDATA_4", 0 0, L_0x55556387bc80;  1 drivers
v0x555563834440_0 .net "RDATA_5", 0 0, L_0x55556387bbb0;  1 drivers
v0x555563834500_0 .net "RDATA_6", 0 0, L_0x55556387ba80;  1 drivers
v0x5555638345c0_0 .net "RDATA_7", 0 0, L_0x55556387b9b0;  1 drivers
v0x555563834680_0 .net "RDATA_8", 0 0, L_0x55556387b890;  1 drivers
v0x555563834740_0 .net "RDATA_9", 0 0, L_0x55556387b7f0;  1 drivers
o0x7fda75ddaa28 .functor BUFZ 1, C4<z>; HiZ drive
v0x555563834800_0 .net "RE", 0 0, o0x7fda75ddaa28;  0 drivers
o0x7fda75ddaa58 .functor BUFZ 1, C4<z>; HiZ drive
v0x5555638348c0_0 .net "WADDR_0", 0 0, o0x7fda75ddaa58;  0 drivers
o0x7fda75ddaa88 .functor BUFZ 1, C4<z>; HiZ drive
v0x555563834980_0 .net "WADDR_1", 0 0, o0x7fda75ddaa88;  0 drivers
o0x7fda75ddaab8 .functor BUFZ 1, C4<z>; HiZ drive
v0x555563834a40_0 .net "WADDR_10", 0 0, o0x7fda75ddaab8;  0 drivers
o0x7fda75ddaae8 .functor BUFZ 1, C4<z>; HiZ drive
v0x555563834b00_0 .net "WADDR_2", 0 0, o0x7fda75ddaae8;  0 drivers
o0x7fda75ddab18 .functor BUFZ 1, C4<z>; HiZ drive
v0x555563834bc0_0 .net "WADDR_3", 0 0, o0x7fda75ddab18;  0 drivers
o0x7fda75ddab48 .functor BUFZ 1, C4<z>; HiZ drive
v0x555563834c80_0 .net "WADDR_4", 0 0, o0x7fda75ddab48;  0 drivers
o0x7fda75ddab78 .functor BUFZ 1, C4<z>; HiZ drive
v0x555563834d40_0 .net "WADDR_5", 0 0, o0x7fda75ddab78;  0 drivers
o0x7fda75ddaba8 .functor BUFZ 1, C4<z>; HiZ drive
v0x555563834e00_0 .net "WADDR_6", 0 0, o0x7fda75ddaba8;  0 drivers
o0x7fda75ddabd8 .functor BUFZ 1, C4<z>; HiZ drive
v0x555563834ec0_0 .net "WADDR_7", 0 0, o0x7fda75ddabd8;  0 drivers
o0x7fda75ddac08 .functor BUFZ 1, C4<z>; HiZ drive
v0x555563834f80_0 .net "WADDR_8", 0 0, o0x7fda75ddac08;  0 drivers
o0x7fda75ddac38 .functor BUFZ 1, C4<z>; HiZ drive
v0x555563835040_0 .net "WADDR_9", 0 0, o0x7fda75ddac38;  0 drivers
o0x7fda75ddac68 .functor BUFZ 1, C4<z>; HiZ drive
v0x555563835100_0 .net "WCLK", 0 0, o0x7fda75ddac68;  0 drivers
o0x7fda75ddac98 .functor BUFZ 1, C4<z>; HiZ drive
v0x5555638351c0_0 .net "WCLKE", 0 0, o0x7fda75ddac98;  0 drivers
o0x7fda75ddacc8 .functor BUFZ 1, C4<z>; HiZ drive
v0x555563835280_0 .net "WDATA_0", 0 0, o0x7fda75ddacc8;  0 drivers
o0x7fda75ddacf8 .functor BUFZ 1, C4<z>; HiZ drive
v0x555563835340_0 .net "WDATA_1", 0 0, o0x7fda75ddacf8;  0 drivers
o0x7fda75ddad28 .functor BUFZ 1, C4<z>; HiZ drive
v0x555563835400_0 .net "WDATA_10", 0 0, o0x7fda75ddad28;  0 drivers
o0x7fda75ddad58 .functor BUFZ 1, C4<z>; HiZ drive
v0x5555638354c0_0 .net "WDATA_11", 0 0, o0x7fda75ddad58;  0 drivers
o0x7fda75ddad88 .functor BUFZ 1, C4<z>; HiZ drive
v0x555563835580_0 .net "WDATA_12", 0 0, o0x7fda75ddad88;  0 drivers
o0x7fda75ddadb8 .functor BUFZ 1, C4<z>; HiZ drive
v0x555563835640_0 .net "WDATA_13", 0 0, o0x7fda75ddadb8;  0 drivers
o0x7fda75ddade8 .functor BUFZ 1, C4<z>; HiZ drive
v0x555563835700_0 .net "WDATA_14", 0 0, o0x7fda75ddade8;  0 drivers
o0x7fda75ddae18 .functor BUFZ 1, C4<z>; HiZ drive
v0x5555638357c0_0 .net "WDATA_15", 0 0, o0x7fda75ddae18;  0 drivers
o0x7fda75ddae48 .functor BUFZ 1, C4<z>; HiZ drive
v0x555563835880_0 .net "WDATA_2", 0 0, o0x7fda75ddae48;  0 drivers
o0x7fda75ddae78 .functor BUFZ 1, C4<z>; HiZ drive
v0x555563835940_0 .net "WDATA_3", 0 0, o0x7fda75ddae78;  0 drivers
o0x7fda75ddaea8 .functor BUFZ 1, C4<z>; HiZ drive
v0x555563835a00_0 .net "WDATA_4", 0 0, o0x7fda75ddaea8;  0 drivers
o0x7fda75ddaed8 .functor BUFZ 1, C4<z>; HiZ drive
v0x555563835ac0_0 .net "WDATA_5", 0 0, o0x7fda75ddaed8;  0 drivers
o0x7fda75ddaf08 .functor BUFZ 1, C4<z>; HiZ drive
v0x555563835b80_0 .net "WDATA_6", 0 0, o0x7fda75ddaf08;  0 drivers
o0x7fda75ddaf38 .functor BUFZ 1, C4<z>; HiZ drive
v0x555563835c40_0 .net "WDATA_7", 0 0, o0x7fda75ddaf38;  0 drivers
o0x7fda75ddaf68 .functor BUFZ 1, C4<z>; HiZ drive
v0x555563835d00_0 .net "WDATA_8", 0 0, o0x7fda75ddaf68;  0 drivers
o0x7fda75ddaf98 .functor BUFZ 1, C4<z>; HiZ drive
v0x555563835dc0_0 .net "WDATA_9", 0 0, o0x7fda75ddaf98;  0 drivers
o0x7fda75ddafc8 .functor BUFZ 1, C4<z>; HiZ drive
v0x555563835e80_0 .net "WE", 0 0, o0x7fda75ddafc8;  0 drivers
v0x555563835f40_0 .net *"_ivl_100", 0 0, L_0x5555638801a0;  1 drivers
v0x555563836020_0 .net *"_ivl_102", 0 0, L_0x55556387fef0;  1 drivers
v0x555563836100_0 .net *"_ivl_104", 0 0, L_0x55556387fff0;  1 drivers
v0x5555638361e0_0 .net *"_ivl_106", 0 0, L_0x555563880690;  1 drivers
v0x5555638362c0_0 .net *"_ivl_108", 0 0, L_0x555563880790;  1 drivers
v0x5555638363a0_0 .net *"_ivl_110", 0 0, L_0x555563880a70;  1 drivers
v0x555563836480_0 .net *"_ivl_112", 0 0, L_0x555563880b70;  1 drivers
v0x555563836560_0 .net *"_ivl_114", 0 0, L_0x555563880e60;  1 drivers
v0x555563836640_0 .net *"_ivl_116", 0 0, L_0x555563880f60;  1 drivers
v0x555563836720_0 .net *"_ivl_120", 0 0, L_0x555563881850;  1 drivers
v0x555563836800_0 .net *"_ivl_122", 0 0, L_0x555563881b00;  1 drivers
v0x5555638368e0_0 .net *"_ivl_124", 0 0, L_0x555563881ba0;  1 drivers
v0x5555638369c0_0 .net *"_ivl_126", 0 0, L_0x555563881e60;  1 drivers
v0x555563836aa0_0 .net *"_ivl_128", 0 0, L_0x555563881f00;  1 drivers
v0x555563836b80_0 .net *"_ivl_130", 0 0, L_0x5555638821d0;  1 drivers
v0x555563836c60_0 .net *"_ivl_132", 0 0, L_0x555563882270;  1 drivers
v0x555563836d40_0 .net *"_ivl_134", 0 0, L_0x555563882550;  1 drivers
v0x555563836e20_0 .net *"_ivl_136", 0 0, L_0x5555638825f0;  1 drivers
v0x555563836f00_0 .net *"_ivl_138", 0 0, L_0x555563882910;  1 drivers
v0x555563836fe0_0 .net *"_ivl_140", 0 0, L_0x555563882a10;  1 drivers
v0x5555638370c0_0 .net *"_ivl_142", 0 0, L_0x555563882d70;  1 drivers
v0x5555638371a0_0 .net *"_ivl_144", 0 0, L_0x555563882e70;  1 drivers
v0x555563837280_0 .net *"_ivl_146", 0 0, L_0x5555638831e0;  1 drivers
v0x555563837360_0 .net *"_ivl_148", 0 0, L_0x5555638832e0;  1 drivers
v0x555563837440_0 .net *"_ivl_150", 0 0, L_0x555563883660;  1 drivers
v0x555563837520_0 .net *"_ivl_18", 0 0, L_0x55556387c420;  1 drivers
v0x555563837600_0 .net/2u *"_ivl_19", 0 0, L_0x7fda75d90330;  1 drivers
v0x5555638376e0_0 .net *"_ivl_28", 0 0, L_0x55556387c7c0;  1 drivers
v0x5555638377c0_0 .net *"_ivl_30", 0 0, L_0x55556387c620;  1 drivers
v0x5555638378a0_0 .net *"_ivl_32", 0 0, L_0x55556387c9d0;  1 drivers
v0x555563837980_0 .net *"_ivl_34", 0 0, L_0x55556387cb90;  1 drivers
v0x555563837a60_0 .net *"_ivl_36", 0 0, L_0x55556387cc90;  1 drivers
v0x555563837b40_0 .net *"_ivl_38", 0 0, L_0x55556387ce60;  1 drivers
v0x555563837c20_0 .net *"_ivl_40", 0 0, L_0x55556387cf60;  1 drivers
v0x555563837d00_0 .net *"_ivl_42", 0 0, L_0x55556387d140;  1 drivers
v0x555563837de0_0 .net *"_ivl_44", 0 0, L_0x55556387d240;  1 drivers
v0x555563837ec0_0 .net *"_ivl_46", 0 0, L_0x55556387d430;  1 drivers
v0x555563837fa0_0 .net *"_ivl_48", 0 0, L_0x55556387d530;  1 drivers
v0x555563838080_0 .net *"_ivl_52", 0 0, L_0x55556387dbe0;  1 drivers
v0x555563838160_0 .net/2u *"_ivl_53", 0 0, L_0x7fda75d90378;  1 drivers
v0x555563838240_0 .net *"_ivl_62", 0 0, L_0x55556387e100;  1 drivers
v0x555563838320_0 .net *"_ivl_64", 0 0, L_0x55556387e1a0;  1 drivers
v0x555563838400_0 .net *"_ivl_66", 0 0, L_0x55556387e370;  1 drivers
v0x5555638384e0_0 .net *"_ivl_68", 0 0, L_0x55556387e440;  1 drivers
v0x5555638385c0_0 .net *"_ivl_70", 0 0, L_0x55556387e680;  1 drivers
v0x5555638386a0_0 .net *"_ivl_72", 0 0, L_0x55556387e780;  1 drivers
v0x555563838780_0 .net *"_ivl_74", 0 0, L_0x55556387e9d0;  1 drivers
v0x555563838860_0 .net *"_ivl_76", 0 0, L_0x55556387ead0;  1 drivers
v0x555563838940_0 .net *"_ivl_78", 0 0, L_0x55556387ed30;  1 drivers
v0x555563838a20_0 .net *"_ivl_80", 0 0, L_0x55556387ee30;  1 drivers
v0x555563838b00_0 .net *"_ivl_82", 0 0, L_0x55556387f0a0;  1 drivers
v0x555563838be0_0 .net *"_ivl_86", 0 0, L_0x55556387f7d0;  1 drivers
v0x555563838cc0_0 .net *"_ivl_88", 0 0, L_0x55556387f870;  1 drivers
v0x5555638395b0_0 .net *"_ivl_90", 0 0, L_0x55556387faa0;  1 drivers
v0x555563839690_0 .net *"_ivl_92", 0 0, L_0x55556387fb40;  1 drivers
v0x555563839770_0 .net *"_ivl_94", 0 0, L_0x55556387fd80;  1 drivers
v0x555563839850_0 .net *"_ivl_96", 0 0, L_0x55556387fe20;  1 drivers
v0x555563839930_0 .net *"_ivl_98", 0 0, L_0x5555638800a0;  1 drivers
L_0x55556387b250 .part v0x555563830f90_0, 15, 1;
L_0x55556387b370 .part v0x555563830f90_0, 14, 1;
L_0x55556387b440 .part v0x555563830f90_0, 13, 1;
L_0x55556387b510 .part v0x555563830f90_0, 12, 1;
L_0x55556387b610 .part v0x555563830f90_0, 11, 1;
L_0x55556387b6e0 .part v0x555563830f90_0, 10, 1;
L_0x55556387b7f0 .part v0x555563830f90_0, 9, 1;
L_0x55556387b890 .part v0x555563830f90_0, 8, 1;
L_0x55556387b9b0 .part v0x555563830f90_0, 7, 1;
L_0x55556387ba80 .part v0x555563830f90_0, 6, 1;
L_0x55556387bbb0 .part v0x555563830f90_0, 5, 1;
L_0x55556387bc80 .part v0x555563830f90_0, 4, 1;
L_0x55556387bdc0 .part v0x555563830f90_0, 3, 1;
L_0x55556387be90 .part v0x555563830f90_0, 2, 1;
L_0x55556387bfe0 .part v0x555563830f90_0, 1, 1;
L_0x55556387c2c0 .part v0x555563830f90_0, 0, 1;
L_0x55556387c420 .ufunc/vec4 TD_ICESTORM_RAM.pd, 1, o0x7fda75dda6c8 (v0x555563831eb0_0) S_0x555563831c40;
L_0x55556387c580 .ufunc/vec4 TD_ICESTORM_RAM.pu, 1, o0x7fda75dda6f8 (v0x555563832210_0) S_0x555563831f70;
L_0x55556387c6c0 .ufunc/vec4 TD_ICESTORM_RAM.pd, 1, o0x7fda75ddaa28 (v0x555563831eb0_0) S_0x555563831c40;
L_0x55556387c7c0 .ufunc/vec4 TD_ICESTORM_RAM.pd, 1, o0x7fda75dda518 (v0x555563831eb0_0) S_0x555563831c40;
L_0x55556387c620 .ufunc/vec4 TD_ICESTORM_RAM.pd, 1, o0x7fda75dda698 (v0x555563831eb0_0) S_0x555563831c40;
L_0x55556387c9d0 .ufunc/vec4 TD_ICESTORM_RAM.pd, 1, o0x7fda75dda668 (v0x555563831eb0_0) S_0x555563831c40;
L_0x55556387cb90 .ufunc/vec4 TD_ICESTORM_RAM.pd, 1, o0x7fda75dda638 (v0x555563831eb0_0) S_0x555563831c40;
L_0x55556387cc90 .ufunc/vec4 TD_ICESTORM_RAM.pd, 1, o0x7fda75dda608 (v0x555563831eb0_0) S_0x555563831c40;
L_0x55556387ce60 .ufunc/vec4 TD_ICESTORM_RAM.pd, 1, o0x7fda75dda5d8 (v0x555563831eb0_0) S_0x555563831c40;
L_0x55556387cf60 .ufunc/vec4 TD_ICESTORM_RAM.pd, 1, o0x7fda75dda5a8 (v0x555563831eb0_0) S_0x555563831c40;
L_0x55556387d140 .ufunc/vec4 TD_ICESTORM_RAM.pd, 1, o0x7fda75dda578 (v0x555563831eb0_0) S_0x555563831c40;
L_0x55556387d240 .ufunc/vec4 TD_ICESTORM_RAM.pd, 1, o0x7fda75dda548 (v0x555563831eb0_0) S_0x555563831c40;
L_0x55556387d430 .ufunc/vec4 TD_ICESTORM_RAM.pd, 1, o0x7fda75dda4e8 (v0x555563831eb0_0) S_0x555563831c40;
L_0x55556387d530 .ufunc/vec4 TD_ICESTORM_RAM.pd, 1, o0x7fda75dda4b8 (v0x555563831eb0_0) S_0x555563831c40;
LS_0x55556387d730_0_0 .concat [ 1 1 1 1], L_0x55556387d530, L_0x55556387d430, L_0x55556387d240, L_0x55556387d140;
LS_0x55556387d730_0_4 .concat [ 1 1 1 1], L_0x55556387cf60, L_0x55556387ce60, L_0x55556387cc90, L_0x55556387cb90;
LS_0x55556387d730_0_8 .concat [ 1 1 1 0], L_0x55556387c9d0, L_0x55556387c620, L_0x55556387c7c0;
L_0x55556387d730 .concat [ 4 4 3 0], LS_0x55556387d730_0_0, LS_0x55556387d730_0_4, LS_0x55556387d730_0_8;
L_0x55556387dbe0 .ufunc/vec4 TD_ICESTORM_RAM.pd, 1, o0x7fda75ddac68 (v0x555563831eb0_0) S_0x555563831c40;
L_0x55556387dea0 .ufunc/vec4 TD_ICESTORM_RAM.pu, 1, o0x7fda75ddac98 (v0x555563832210_0) S_0x555563831f70;
L_0x55556387df40 .ufunc/vec4 TD_ICESTORM_RAM.pd, 1, o0x7fda75ddafc8 (v0x555563831eb0_0) S_0x555563831c40;
L_0x55556387e100 .ufunc/vec4 TD_ICESTORM_RAM.pd, 1, o0x7fda75ddaab8 (v0x555563831eb0_0) S_0x555563831c40;
L_0x55556387e1a0 .ufunc/vec4 TD_ICESTORM_RAM.pd, 1, o0x7fda75ddac38 (v0x555563831eb0_0) S_0x555563831c40;
L_0x55556387e370 .ufunc/vec4 TD_ICESTORM_RAM.pd, 1, o0x7fda75ddac08 (v0x555563831eb0_0) S_0x555563831c40;
L_0x55556387e440 .ufunc/vec4 TD_ICESTORM_RAM.pd, 1, o0x7fda75ddabd8 (v0x555563831eb0_0) S_0x555563831c40;
L_0x55556387e680 .ufunc/vec4 TD_ICESTORM_RAM.pd, 1, o0x7fda75ddaba8 (v0x555563831eb0_0) S_0x555563831c40;
L_0x55556387e780 .ufunc/vec4 TD_ICESTORM_RAM.pd, 1, o0x7fda75ddab78 (v0x555563831eb0_0) S_0x555563831c40;
L_0x55556387e9d0 .ufunc/vec4 TD_ICESTORM_RAM.pd, 1, o0x7fda75ddab48 (v0x555563831eb0_0) S_0x555563831c40;
L_0x55556387ead0 .ufunc/vec4 TD_ICESTORM_RAM.pd, 1, o0x7fda75ddab18 (v0x555563831eb0_0) S_0x555563831c40;
L_0x55556387ed30 .ufunc/vec4 TD_ICESTORM_RAM.pd, 1, o0x7fda75ddaae8 (v0x555563831eb0_0) S_0x555563831c40;
L_0x55556387ee30 .ufunc/vec4 TD_ICESTORM_RAM.pd, 1, o0x7fda75ddaa88 (v0x555563831eb0_0) S_0x555563831c40;
L_0x55556387f0a0 .ufunc/vec4 TD_ICESTORM_RAM.pd, 1, o0x7fda75ddaa58 (v0x555563831eb0_0) S_0x555563831c40;
LS_0x55556387f1a0_0_0 .concat [ 1 1 1 1], L_0x55556387f0a0, L_0x55556387ee30, L_0x55556387ed30, L_0x55556387ead0;
LS_0x55556387f1a0_0_4 .concat [ 1 1 1 1], L_0x55556387e9d0, L_0x55556387e780, L_0x55556387e680, L_0x55556387e440;
LS_0x55556387f1a0_0_8 .concat [ 1 1 1 0], L_0x55556387e370, L_0x55556387e1a0, L_0x55556387e100;
L_0x55556387f1a0 .concat [ 4 4 3 0], LS_0x55556387f1a0_0_0, LS_0x55556387f1a0_0_4, LS_0x55556387f1a0_0_8;
L_0x55556387f7d0 .ufunc/vec4 TD_ICESTORM_RAM.pd, 1, o0x7fda75dda308 (v0x555563831eb0_0) S_0x555563831c40;
L_0x55556387f870 .ufunc/vec4 TD_ICESTORM_RAM.pd, 1, o0x7fda75dda2d8 (v0x555563831eb0_0) S_0x555563831c40;
L_0x55556387faa0 .ufunc/vec4 TD_ICESTORM_RAM.pd, 1, o0x7fda75dda2a8 (v0x555563831eb0_0) S_0x555563831c40;
L_0x55556387fb40 .ufunc/vec4 TD_ICESTORM_RAM.pd, 1, o0x7fda75dda278 (v0x555563831eb0_0) S_0x555563831c40;
L_0x55556387fd80 .ufunc/vec4 TD_ICESTORM_RAM.pd, 1, o0x7fda75dda248 (v0x555563831eb0_0) S_0x555563831c40;
L_0x55556387fe20 .ufunc/vec4 TD_ICESTORM_RAM.pd, 1, o0x7fda75dda218 (v0x555563831eb0_0) S_0x555563831c40;
L_0x5555638800a0 .ufunc/vec4 TD_ICESTORM_RAM.pd, 1, o0x7fda75dda488 (v0x555563831eb0_0) S_0x555563831c40;
L_0x5555638801a0 .ufunc/vec4 TD_ICESTORM_RAM.pd, 1, o0x7fda75dda458 (v0x555563831eb0_0) S_0x555563831c40;
L_0x55556387fef0 .ufunc/vec4 TD_ICESTORM_RAM.pd, 1, o0x7fda75dda428 (v0x555563831eb0_0) S_0x555563831c40;
L_0x55556387fff0 .ufunc/vec4 TD_ICESTORM_RAM.pd, 1, o0x7fda75dda3f8 (v0x555563831eb0_0) S_0x555563831c40;
L_0x555563880690 .ufunc/vec4 TD_ICESTORM_RAM.pd, 1, o0x7fda75dda3c8 (v0x555563831eb0_0) S_0x555563831c40;
L_0x555563880790 .ufunc/vec4 TD_ICESTORM_RAM.pd, 1, o0x7fda75dda398 (v0x555563831eb0_0) S_0x555563831c40;
L_0x555563880a70 .ufunc/vec4 TD_ICESTORM_RAM.pd, 1, o0x7fda75dda368 (v0x555563831eb0_0) S_0x555563831c40;
L_0x555563880b70 .ufunc/vec4 TD_ICESTORM_RAM.pd, 1, o0x7fda75dda338 (v0x555563831eb0_0) S_0x555563831c40;
L_0x555563880e60 .ufunc/vec4 TD_ICESTORM_RAM.pd, 1, o0x7fda75dda1e8 (v0x555563831eb0_0) S_0x555563831c40;
L_0x555563880f60 .ufunc/vec4 TD_ICESTORM_RAM.pd, 1, o0x7fda75dda1b8 (v0x555563831eb0_0) S_0x555563831c40;
LS_0x555563881260_0_0 .concat [ 1 1 1 1], L_0x555563880f60, L_0x555563880e60, L_0x555563880b70, L_0x555563880a70;
LS_0x555563881260_0_4 .concat [ 1 1 1 1], L_0x555563880790, L_0x555563880690, L_0x55556387fff0, L_0x55556387fef0;
LS_0x555563881260_0_8 .concat [ 1 1 1 1], L_0x5555638801a0, L_0x5555638800a0, L_0x55556387fe20, L_0x55556387fd80;
LS_0x555563881260_0_12 .concat [ 1 1 1 1], L_0x55556387fb40, L_0x55556387faa0, L_0x55556387f870, L_0x55556387f7d0;
L_0x555563881260 .concat [ 4 4 4 4], LS_0x555563881260_0_0, LS_0x555563881260_0_4, LS_0x555563881260_0_8, LS_0x555563881260_0_12;
L_0x555563881850 .ufunc/vec4 TD_ICESTORM_RAM.pd, 1, o0x7fda75ddae18 (v0x555563831eb0_0) S_0x555563831c40;
L_0x555563881b00 .ufunc/vec4 TD_ICESTORM_RAM.pd, 1, o0x7fda75ddade8 (v0x555563831eb0_0) S_0x555563831c40;
L_0x555563881ba0 .ufunc/vec4 TD_ICESTORM_RAM.pd, 1, o0x7fda75ddadb8 (v0x555563831eb0_0) S_0x555563831c40;
L_0x555563881e60 .ufunc/vec4 TD_ICESTORM_RAM.pd, 1, o0x7fda75ddad88 (v0x555563831eb0_0) S_0x555563831c40;
L_0x555563881f00 .ufunc/vec4 TD_ICESTORM_RAM.pd, 1, o0x7fda75ddad58 (v0x555563831eb0_0) S_0x555563831c40;
L_0x5555638821d0 .ufunc/vec4 TD_ICESTORM_RAM.pd, 1, o0x7fda75ddad28 (v0x555563831eb0_0) S_0x555563831c40;
L_0x555563882270 .ufunc/vec4 TD_ICESTORM_RAM.pd, 1, o0x7fda75ddaf98 (v0x555563831eb0_0) S_0x555563831c40;
L_0x555563882550 .ufunc/vec4 TD_ICESTORM_RAM.pd, 1, o0x7fda75ddaf68 (v0x555563831eb0_0) S_0x555563831c40;
L_0x5555638825f0 .ufunc/vec4 TD_ICESTORM_RAM.pd, 1, o0x7fda75ddaf38 (v0x555563831eb0_0) S_0x555563831c40;
L_0x555563882910 .ufunc/vec4 TD_ICESTORM_RAM.pd, 1, o0x7fda75ddaf08 (v0x555563831eb0_0) S_0x555563831c40;
L_0x555563882a10 .ufunc/vec4 TD_ICESTORM_RAM.pd, 1, o0x7fda75ddaed8 (v0x555563831eb0_0) S_0x555563831c40;
L_0x555563882d70 .ufunc/vec4 TD_ICESTORM_RAM.pd, 1, o0x7fda75ddaea8 (v0x555563831eb0_0) S_0x555563831c40;
L_0x555563882e70 .ufunc/vec4 TD_ICESTORM_RAM.pd, 1, o0x7fda75ddae78 (v0x555563831eb0_0) S_0x555563831c40;
L_0x5555638831e0 .ufunc/vec4 TD_ICESTORM_RAM.pd, 1, o0x7fda75ddae48 (v0x555563831eb0_0) S_0x555563831c40;
L_0x5555638832e0 .ufunc/vec4 TD_ICESTORM_RAM.pd, 1, o0x7fda75ddacf8 (v0x555563831eb0_0) S_0x555563831c40;
L_0x555563883660 .ufunc/vec4 TD_ICESTORM_RAM.pd, 1, o0x7fda75ddacc8 (v0x555563831eb0_0) S_0x555563831c40;
LS_0x555563883760_0_0 .concat [ 1 1 1 1], L_0x555563883660, L_0x5555638832e0, L_0x5555638831e0, L_0x555563882e70;
LS_0x555563883760_0_4 .concat [ 1 1 1 1], L_0x555563882d70, L_0x555563882a10, L_0x555563882910, L_0x5555638825f0;
LS_0x555563883760_0_8 .concat [ 1 1 1 1], L_0x555563882550, L_0x555563882270, L_0x5555638821d0, L_0x555563881f00;
LS_0x555563883760_0_12 .concat [ 1 1 1 1], L_0x555563881e60, L_0x555563881ba0, L_0x555563881b00, L_0x555563881850;
L_0x555563883760 .concat [ 4 4 4 4], LS_0x555563883760_0_0, LS_0x555563883760_0_4, LS_0x555563883760_0_8, LS_0x555563883760_0_12;
S_0x5555635f6580 .scope module, "RAM" "SB_RAM40_4K" 2 3233, 2 1487 0, S_0x5555637f0f60;
 .timescale -12 -12;
    .port_info 0 /OUTPUT 16 "RDATA";
    .port_info 1 /INPUT 1 "RCLK";
    .port_info 2 /INPUT 1 "RCLKE";
    .port_info 3 /INPUT 1 "RE";
    .port_info 4 /INPUT 11 "RADDR";
    .port_info 5 /INPUT 1 "WCLK";
    .port_info 6 /INPUT 1 "WCLKE";
    .port_info 7 /INPUT 1 "WE";
    .port_info 8 /INPUT 11 "WADDR";
    .port_info 9 /INPUT 16 "MASK";
    .port_info 10 /INPUT 16 "WDATA";
P_0x555563682220 .param/l "INIT_0" 0 2 1507, C4<0000000000000000000000000000000000000000000000000000000000000000000000000000000000000000000000000000000000000000000000000000000000000000000000000000000000000000000000000000000000000000000000000000000000000000000000000000000000000000000000000000000000000000>;
P_0x555563682260 .param/l "INIT_1" 0 2 1508, C4<0000000000000000000000000000000000000000000000000000000000000000000000000000000000000000000000000000000000000000000000000000000000000000000000000000000000000000000000000000000000000000000000000000000000000000000000000000000000000000000000000000000000000000>;
P_0x5555636822a0 .param/l "INIT_2" 0 2 1509, C4<0000000000000000000000000000000000000000000000000000000000000000000000000000000000000000000000000000000000000000000000000000000000000000000000000000000000000000000000000000000000000000000000000000000000000000000000000000000000000000000000000000000000000000>;
P_0x5555636822e0 .param/l "INIT_3" 0 2 1510, C4<0000000000000000000000000000000000000000000000000000000000000000000000000000000000000000000000000000000000000000000000000000000000000000000000000000000000000000000000000000000000000000000000000000000000000000000000000000000000000000000000000000000000000000>;
P_0x555563682320 .param/l "INIT_4" 0 2 1511, C4<0000000000000000000000000000000000000000000000000000000000000000000000000000000000000000000000000000000000000000000000000000000000000000000000000000000000000000000000000000000000000000000000000000000000000000000000000000000000000000000000000000000000000000>;
P_0x555563682360 .param/l "INIT_5" 0 2 1512, C4<0000000000000000000000000000000000000000000000000000000000000000000000000000000000000000000000000000000000000000000000000000000000000000000000000000000000000000000000000000000000000000000000000000000000000000000000000000000000000000000000000000000000000000>;
P_0x5555636823a0 .param/l "INIT_6" 0 2 1513, C4<0000000000000000000000000000000000000000000000000000000000000000000000000000000000000000000000000000000000000000000000000000000000000000000000000000000000000000000000000000000000000000000000000000000000000000000000000000000000000000000000000000000000000000>;
P_0x5555636823e0 .param/l "INIT_7" 0 2 1514, C4<0000000000000000000000000000000000000000000000000000000000000000000000000000000000000000000000000000000000000000000000000000000000000000000000000000000000000000000000000000000000000000000000000000000000000000000000000000000000000000000000000000000000000000>;
P_0x555563682420 .param/l "INIT_8" 0 2 1515, C4<0000000000000000000000000000000000000000000000000000000000000000000000000000000000000000000000000000000000000000000000000000000000000000000000000000000000000000000000000000000000000000000000000000000000000000000000000000000000000000000000000000000000000000>;
P_0x555563682460 .param/l "INIT_9" 0 2 1516, C4<0000000000000000000000000000000000000000000000000000000000000000000000000000000000000000000000000000000000000000000000000000000000000000000000000000000000000000000000000000000000000000000000000000000000000000000000000000000000000000000000000000000000000000>;
P_0x5555636824a0 .param/l "INIT_A" 0 2 1517, C4<0000000000000000000000000000000000000000000000000000000000000000000000000000000000000000000000000000000000000000000000000000000000000000000000000000000000000000000000000000000000000000000000000000000000000000000000000000000000000000000000000000000000000000>;
P_0x5555636824e0 .param/l "INIT_B" 0 2 1518, C4<0000000000000000000000000000000000000000000000000000000000000000000000000000000000000000000000000000000000000000000000000000000000000000000000000000000000000000000000000000000000000000000000000000000000000000000000000000000000000000000000000000000000000000>;
P_0x555563682520 .param/l "INIT_C" 0 2 1519, C4<0000000000000000000000000000000000000000000000000000000000000000000000000000000000000000000000000000000000000000000000000000000000000000000000000000000000000000000000000000000000000000000000000000000000000000000000000000000000000000000000000000000000000000>;
P_0x555563682560 .param/l "INIT_D" 0 2 1520, C4<0000000000000000000000000000000000000000000000000000000000000000000000000000000000000000000000000000000000000000000000000000000000000000000000000000000000000000000000000000000000000000000000000000000000000000000000000000000000000000000000000000000000000000>;
P_0x5555636825a0 .param/l "INIT_E" 0 2 1521, C4<0000000000000000000000000000000000000000000000000000000000000000000000000000000000000000000000000000000000000000000000000000000000000000000000000000000000000000000000000000000000000000000000000000000000000000000000000000000000000000000000000000000000000000>;
P_0x5555636825e0 .param/l "INIT_F" 0 2 1522, C4<0000000000000000000000000000000000000000000000000000000000000000000000000000000000000000000000000000000000000000000000000000000000000000000000000000000000000000000000000000000000000000000000000000000000000000000000000000000000000000000000000000000000000000>;
P_0x555563682620 .param/str "INIT_FILE" 0 2 1524, "\000";
P_0x555563682660 .param/l "READ_MODE" 0 2 1505, +C4<00000000000000000000000000000000>;
P_0x5555636826a0 .param/l "WRITE_MODE" 0 2 1504, +C4<00000000000000000000000000000000>;
v0x555563830b60_0 .net "MASK", 15 0, L_0x555563881260;  1 drivers
v0x555563830c20_0 .net "RADDR", 10 0, L_0x55556387d730;  1 drivers
v0x555563830d00_0 .net "RCLK", 0 0, L_0x55556387bd50;  1 drivers
v0x555563830da0_0 .net "RCLKE", 0 0, L_0x55556387c580;  1 drivers
v0x555563830e60_0 .net "RDATA", 15 0, v0x555563830f90_0;  1 drivers
v0x555563830f90_0 .var "RDATA_I", 15 0;
v0x555563831070_0 .net "RE", 0 0, L_0x55556387c6c0;  1 drivers
L_0x7fda75d902e8 .functor BUFT 1, C4<0000000000000000>, C4<0>, C4<0>, C4<0>;
v0x555563831130_0 .net "RMASK_I", 15 0, L_0x7fda75d902e8;  1 drivers
v0x555563831210_0 .net "WADDR", 10 0, L_0x55556387f1a0;  1 drivers
v0x5555638312f0_0 .net "WCLK", 0 0, L_0x55556387dd90;  1 drivers
v0x5555638313b0_0 .net "WCLKE", 0 0, L_0x55556387dea0;  1 drivers
v0x555563831470_0 .net "WDATA", 15 0, L_0x555563883760;  1 drivers
v0x555563831550_0 .net "WDATA_I", 15 0, L_0x55556387b140;  1 drivers
v0x555563831630_0 .net "WE", 0 0, L_0x55556387df40;  1 drivers
v0x5555638316f0_0 .net "WMASK_I", 15 0, L_0x55556386b0c0;  1 drivers
v0x5555638317d0_0 .var/i "i", 31 0;
v0x5555638318b0 .array "memory", 255 0, 15 0;
E_0x5555637de740 .event posedge, v0x555563830d00_0;
E_0x5555637d7230 .event posedge, v0x5555638312f0_0;
S_0x5555638303a0 .scope generate, "genblk1" "genblk1" 2 1534, 2 1534 0, S_0x5555635f6580;
 .timescale -12 -12;
L_0x55556386b0c0 .functor BUFZ 16, L_0x555563881260, C4<0000000000000000>, C4<0000000000000000>, C4<0000000000000000>;
S_0x5555638305a0 .scope generate, "genblk2" "genblk2" 2 1555, 2 1555 0, S_0x5555635f6580;
 .timescale -12 -12;
S_0x5555638307a0 .scope generate, "genblk3" "genblk3" 2 1576, 2 1576 0, S_0x5555635f6580;
 .timescale -12 -12;
L_0x55556387b140 .functor BUFZ 16, L_0x555563883760, C4<0000000000000000>, C4<0000000000000000>, C4<0000000000000000>;
S_0x555563830980 .scope generate, "genblk4" "genblk4" 2 1595, 2 1595 0, S_0x5555635f6580;
 .timescale -12 -12;
S_0x555563831c40 .scope function.vec4.s1, "pd" "pd" 2 3200, 2 3200 0, S_0x5555637f0f60;
 .timescale -12 -12;
; Variable pd is vec4 return value of scope S_0x555563831c40
v0x555563831eb0_0 .var "x", 0 0;
TD_ICESTORM_RAM.pd ;
    %load/vec4 v0x555563831eb0_0;
    %cmpi/e 0, 1, 1;
    %flag_mov 8, 6;
    %jmp/0 T_0.0, 8;
    %pushi/vec4 0, 0, 1;
    %jmp/1 T_0.1, 8;
T_0.0 ; End of true expr.
    %load/vec4 v0x555563831eb0_0;
    %jmp/0 T_0.1, 8;
 ; End of false expr.
    %blend;
T_0.1;
    %ret/vec4 0, 0, 1;  Assign to pd (store_vec4_to_lval)
    %end;
S_0x555563831f70 .scope function.vec4.s1, "pu" "pu" 2 3207, 2 3207 0, S_0x5555637f0f60;
 .timescale -12 -12;
; Variable pu is vec4 return value of scope S_0x555563831f70
v0x555563832210_0 .var "x", 0 0;
TD_ICESTORM_RAM.pu ;
    %load/vec4 v0x555563832210_0;
    %cmpi/e 0, 1, 1;
    %flag_mov 8, 6;
    %jmp/0 T_1.2, 8;
    %pushi/vec4 1, 0, 1;
    %jmp/1 T_1.3, 8;
T_1.2 ; End of true expr.
    %load/vec4 v0x555563832210_0;
    %jmp/0 T_1.3, 8;
 ; End of false expr.
    %blend;
T_1.3;
    %ret/vec4 0, 0, 1;  Assign to pu (store_vec4_to_lval)
    %end;
S_0x5555637f1ab0 .scope module, "SB_CARRY" "SB_CARRY" 2 228;
 .timescale -12 -12;
    .port_info 0 /OUTPUT 1 "CO";
    .port_info 1 /INPUT 1 "I0";
    .port_info 2 /INPUT 1 "I1";
    .port_info 3 /INPUT 1 "CI";
o0x7fda75ddc978 .functor BUFZ 1, C4<z>; HiZ drive
o0x7fda75ddc9a8 .functor BUFZ 1, C4<z>; HiZ drive
L_0x555563883fe0 .functor AND 1, o0x7fda75ddc978, o0x7fda75ddc9a8, C4<1>, C4<1>;
L_0x555563884050 .functor OR 1, o0x7fda75ddc978, o0x7fda75ddc9a8, C4<0>, C4<0>;
o0x7fda75ddc918 .functor BUFZ 1, C4<z>; HiZ drive
L_0x555563884160 .functor AND 1, L_0x555563884050, o0x7fda75ddc918, C4<1>, C4<1>;
L_0x555563884220 .functor OR 1, L_0x555563883fe0, L_0x555563884160, C4<0>, C4<0>;
v0x55556383a390_0 .net "CI", 0 0, o0x7fda75ddc918;  0 drivers
v0x55556383a470_0 .net "CO", 0 0, L_0x555563884220;  1 drivers
v0x55556383a530_0 .net "I0", 0 0, o0x7fda75ddc978;  0 drivers
v0x55556383a5d0_0 .net "I1", 0 0, o0x7fda75ddc9a8;  0 drivers
v0x55556383a690_0 .net *"_ivl_1", 0 0, L_0x555563883fe0;  1 drivers
v0x55556383a750_0 .net *"_ivl_3", 0 0, L_0x555563884050;  1 drivers
v0x55556383a810_0 .net *"_ivl_5", 0 0, L_0x555563884160;  1 drivers
S_0x5555637f2e40 .scope module, "SB_DFF" "SB_DFF" 2 265;
 .timescale -12 -12;
    .port_info 0 /OUTPUT 1 "Q";
    .port_info 1 /INPUT 1 "C";
    .port_info 2 /INPUT 1 "D";
o0x7fda75ddcb28 .functor BUFZ 1, C4<z>; HiZ drive
v0x55556383a990_0 .net "C", 0 0, o0x7fda75ddcb28;  0 drivers
o0x7fda75ddcb58 .functor BUFZ 1, C4<z>; HiZ drive
v0x55556383aa70_0 .net "D", 0 0, o0x7fda75ddcb58;  0 drivers
v0x55556383ab30_0 .var "Q", 0 0;
E_0x5555637d75f0 .event posedge, v0x55556383a990_0;
S_0x5555638070d0 .scope module, "SB_DFFE" "SB_DFFE" 2 303;
 .timescale -12 -12;
    .port_info 0 /OUTPUT 1 "Q";
    .port_info 1 /INPUT 1 "C";
    .port_info 2 /INPUT 1 "E";
    .port_info 3 /INPUT 1 "D";
o0x7fda75ddcc48 .functor BUFZ 1, C4<z>; HiZ drive
v0x55556383ac70_0 .net "C", 0 0, o0x7fda75ddcc48;  0 drivers
o0x7fda75ddcc78 .functor BUFZ 1, C4<z>; HiZ drive
v0x55556383ad50_0 .net "D", 0 0, o0x7fda75ddcc78;  0 drivers
o0x7fda75ddcca8 .functor BUFZ 1, C4<z>; HiZ drive
v0x55556383ae10_0 .net "E", 0 0, o0x7fda75ddcca8;  0 drivers
v0x55556383aee0_0 .var "Q", 0 0;
E_0x5555637f4510 .event posedge, v0x55556383ac70_0;
S_0x555563806ce0 .scope module, "SB_DFFER" "SB_DFFER" 2 653;
 .timescale -12 -12;
    .port_info 0 /OUTPUT 1 "Q";
    .port_info 1 /INPUT 1 "C";
    .port_info 2 /INPUT 1 "E";
    .port_info 3 /INPUT 1 "R";
    .port_info 4 /INPUT 1 "D";
o0x7fda75ddcdc8 .functor BUFZ 1, C4<z>; HiZ drive
v0x55556383b090_0 .net "C", 0 0, o0x7fda75ddcdc8;  0 drivers
o0x7fda75ddcdf8 .functor BUFZ 1, C4<z>; HiZ drive
v0x55556383b170_0 .net "D", 0 0, o0x7fda75ddcdf8;  0 drivers
o0x7fda75ddce28 .functor BUFZ 1, C4<z>; HiZ drive
v0x55556383b230_0 .net "E", 0 0, o0x7fda75ddce28;  0 drivers
v0x55556383b2d0_0 .var "Q", 0 0;
o0x7fda75ddce88 .functor BUFZ 1, C4<z>; HiZ drive
v0x55556383b390_0 .net "R", 0 0, o0x7fda75ddce88;  0 drivers
E_0x5555637f4b80 .event posedge, v0x55556383b390_0, v0x55556383b090_0;
S_0x5555637f5570 .scope module, "SB_DFFES" "SB_DFFES" 2 794;
 .timescale -12 -12;
    .port_info 0 /OUTPUT 1 "Q";
    .port_info 1 /INPUT 1 "C";
    .port_info 2 /INPUT 1 "E";
    .port_info 3 /INPUT 1 "S";
    .port_info 4 /INPUT 1 "D";
o0x7fda75ddcfa8 .functor BUFZ 1, C4<z>; HiZ drive
v0x55556383b580_0 .net "C", 0 0, o0x7fda75ddcfa8;  0 drivers
o0x7fda75ddcfd8 .functor BUFZ 1, C4<z>; HiZ drive
v0x55556383b660_0 .net "D", 0 0, o0x7fda75ddcfd8;  0 drivers
o0x7fda75ddd008 .functor BUFZ 1, C4<z>; HiZ drive
v0x55556383b720_0 .net "E", 0 0, o0x7fda75ddd008;  0 drivers
v0x55556383b7c0_0 .var "Q", 0 0;
o0x7fda75ddd068 .functor BUFZ 1, C4<z>; HiZ drive
v0x55556383b880_0 .net "S", 0 0, o0x7fda75ddd068;  0 drivers
E_0x5555637f4fd0 .event posedge, v0x55556383b880_0, v0x55556383b580_0;
S_0x5555637f5180 .scope module, "SB_DFFESR" "SB_DFFESR" 2 592;
 .timescale -12 -12;
    .port_info 0 /OUTPUT 1 "Q";
    .port_info 1 /INPUT 1 "C";
    .port_info 2 /INPUT 1 "E";
    .port_info 3 /INPUT 1 "R";
    .port_info 4 /INPUT 1 "D";
o0x7fda75ddd188 .functor BUFZ 1, C4<z>; HiZ drive
v0x55556383bab0_0 .net "C", 0 0, o0x7fda75ddd188;  0 drivers
o0x7fda75ddd1b8 .functor BUFZ 1, C4<z>; HiZ drive
v0x55556383bb90_0 .net "D", 0 0, o0x7fda75ddd1b8;  0 drivers
o0x7fda75ddd1e8 .functor BUFZ 1, C4<z>; HiZ drive
v0x55556383bc50_0 .net "E", 0 0, o0x7fda75ddd1e8;  0 drivers
v0x55556383bcf0_0 .var "Q", 0 0;
o0x7fda75ddd248 .functor BUFZ 1, C4<z>; HiZ drive
v0x55556383bdb0_0 .net "R", 0 0, o0x7fda75ddd248;  0 drivers
E_0x55556383ba30 .event posedge, v0x55556383bab0_0;
S_0x5555637f49b0 .scope module, "SB_DFFESS" "SB_DFFESS" 2 733;
 .timescale -12 -12;
    .port_info 0 /OUTPUT 1 "Q";
    .port_info 1 /INPUT 1 "C";
    .port_info 2 /INPUT 1 "E";
    .port_info 3 /INPUT 1 "S";
    .port_info 4 /INPUT 1 "D";
o0x7fda75ddd368 .functor BUFZ 1, C4<z>; HiZ drive
v0x55556383bfe0_0 .net "C", 0 0, o0x7fda75ddd368;  0 drivers
o0x7fda75ddd398 .functor BUFZ 1, C4<z>; HiZ drive
v0x55556383c0c0_0 .net "D", 0 0, o0x7fda75ddd398;  0 drivers
o0x7fda75ddd3c8 .functor BUFZ 1, C4<z>; HiZ drive
v0x55556383c180_0 .net "E", 0 0, o0x7fda75ddd3c8;  0 drivers
v0x55556383c220_0 .var "Q", 0 0;
o0x7fda75ddd428 .functor BUFZ 1, C4<z>; HiZ drive
v0x55556383c2e0_0 .net "S", 0 0, o0x7fda75ddd428;  0 drivers
E_0x55556383bf60 .event posedge, v0x55556383bfe0_0;
S_0x5555637ef7c0 .scope module, "SB_DFFN" "SB_DFFN" 2 876;
 .timescale -12 -12;
    .port_info 0 /OUTPUT 1 "Q";
    .port_info 1 /INPUT 1 "C";
    .port_info 2 /INPUT 1 "D";
o0x7fda75ddd548 .functor BUFZ 1, C4<z>; HiZ drive
v0x55556383c510_0 .net "C", 0 0, o0x7fda75ddd548;  0 drivers
o0x7fda75ddd578 .functor BUFZ 1, C4<z>; HiZ drive
v0x55556383c5f0_0 .net "D", 0 0, o0x7fda75ddd578;  0 drivers
v0x55556383c6b0_0 .var "Q", 0 0;
E_0x55556383c490 .event negedge, v0x55556383c510_0;
S_0x5555637e9db0 .scope module, "SB_DFFNE" "SB_DFFNE" 2 914;
 .timescale -12 -12;
    .port_info 0 /OUTPUT 1 "Q";
    .port_info 1 /INPUT 1 "C";
    .port_info 2 /INPUT 1 "E";
    .port_info 3 /INPUT 1 "D";
o0x7fda75ddd668 .functor BUFZ 1, C4<z>; HiZ drive
v0x55556383c830_0 .net "C", 0 0, o0x7fda75ddd668;  0 drivers
o0x7fda75ddd698 .functor BUFZ 1, C4<z>; HiZ drive
v0x55556383c910_0 .net "D", 0 0, o0x7fda75ddd698;  0 drivers
o0x7fda75ddd6c8 .functor BUFZ 1, C4<z>; HiZ drive
v0x55556383c9d0_0 .net "E", 0 0, o0x7fda75ddd6c8;  0 drivers
v0x55556383caa0_0 .var "Q", 0 0;
E_0x55556383c7d0 .event negedge, v0x55556383c830_0;
S_0x5555637d19f0 .scope module, "SB_DFFNER" "SB_DFFNER" 2 1264;
 .timescale -12 -12;
    .port_info 0 /OUTPUT 1 "Q";
    .port_info 1 /INPUT 1 "C";
    .port_info 2 /INPUT 1 "E";
    .port_info 3 /INPUT 1 "R";
    .port_info 4 /INPUT 1 "D";
o0x7fda75ddd7e8 .functor BUFZ 1, C4<z>; HiZ drive
v0x55556383cc90_0 .net "C", 0 0, o0x7fda75ddd7e8;  0 drivers
o0x7fda75ddd818 .functor BUFZ 1, C4<z>; HiZ drive
v0x55556383cd70_0 .net "D", 0 0, o0x7fda75ddd818;  0 drivers
o0x7fda75ddd848 .functor BUFZ 1, C4<z>; HiZ drive
v0x55556383ce30_0 .net "E", 0 0, o0x7fda75ddd848;  0 drivers
v0x55556383ced0_0 .var "Q", 0 0;
o0x7fda75ddd8a8 .functor BUFZ 1, C4<z>; HiZ drive
v0x55556383cf90_0 .net "R", 0 0, o0x7fda75ddd8a8;  0 drivers
E_0x55556383cc10/0 .event negedge, v0x55556383cc90_0;
E_0x55556383cc10/1 .event posedge, v0x55556383cf90_0;
E_0x55556383cc10 .event/or E_0x55556383cc10/0, E_0x55556383cc10/1;
S_0x5555637d1600 .scope module, "SB_DFFNES" "SB_DFFNES" 2 1405;
 .timescale -12 -12;
    .port_info 0 /OUTPUT 1 "Q";
    .port_info 1 /INPUT 1 "C";
    .port_info 2 /INPUT 1 "E";
    .port_info 3 /INPUT 1 "S";
    .port_info 4 /INPUT 1 "D";
o0x7fda75ddd9c8 .functor BUFZ 1, C4<z>; HiZ drive
v0x55556383d1c0_0 .net "C", 0 0, o0x7fda75ddd9c8;  0 drivers
o0x7fda75ddd9f8 .functor BUFZ 1, C4<z>; HiZ drive
v0x55556383d2a0_0 .net "D", 0 0, o0x7fda75ddd9f8;  0 drivers
o0x7fda75ddda28 .functor BUFZ 1, C4<z>; HiZ drive
v0x55556383d360_0 .net "E", 0 0, o0x7fda75ddda28;  0 drivers
v0x55556383d400_0 .var "Q", 0 0;
o0x7fda75ddda88 .functor BUFZ 1, C4<z>; HiZ drive
v0x55556383d4c0_0 .net "S", 0 0, o0x7fda75ddda88;  0 drivers
E_0x55556383d140/0 .event negedge, v0x55556383d1c0_0;
E_0x55556383d140/1 .event posedge, v0x55556383d4c0_0;
E_0x55556383d140 .event/or E_0x55556383d140/0, E_0x55556383d140/1;
S_0x5555637ce700 .scope module, "SB_DFFNESR" "SB_DFFNESR" 2 1203;
 .timescale -12 -12;
    .port_info 0 /OUTPUT 1 "Q";
    .port_info 1 /INPUT 1 "C";
    .port_info 2 /INPUT 1 "E";
    .port_info 3 /INPUT 1 "R";
    .port_info 4 /INPUT 1 "D";
o0x7fda75dddba8 .functor BUFZ 1, C4<z>; HiZ drive
v0x55556383d6f0_0 .net "C", 0 0, o0x7fda75dddba8;  0 drivers
o0x7fda75dddbd8 .functor BUFZ 1, C4<z>; HiZ drive
v0x55556383d7d0_0 .net "D", 0 0, o0x7fda75dddbd8;  0 drivers
o0x7fda75dddc08 .functor BUFZ 1, C4<z>; HiZ drive
v0x55556383d890_0 .net "E", 0 0, o0x7fda75dddc08;  0 drivers
v0x55556383d930_0 .var "Q", 0 0;
o0x7fda75dddc68 .functor BUFZ 1, C4<z>; HiZ drive
v0x55556383d9f0_0 .net "R", 0 0, o0x7fda75dddc68;  0 drivers
E_0x55556383d670 .event negedge, v0x55556383d6f0_0;
S_0x5555637ce310 .scope module, "SB_DFFNESS" "SB_DFFNESS" 2 1344;
 .timescale -12 -12;
    .port_info 0 /OUTPUT 1 "Q";
    .port_info 1 /INPUT 1 "C";
    .port_info 2 /INPUT 1 "E";
    .port_info 3 /INPUT 1 "S";
    .port_info 4 /INPUT 1 "D";
o0x7fda75dddd88 .functor BUFZ 1, C4<z>; HiZ drive
v0x55556383dc20_0 .net "C", 0 0, o0x7fda75dddd88;  0 drivers
o0x7fda75ddddb8 .functor BUFZ 1, C4<z>; HiZ drive
v0x55556383dd00_0 .net "D", 0 0, o0x7fda75ddddb8;  0 drivers
o0x7fda75dddde8 .functor BUFZ 1, C4<z>; HiZ drive
v0x55556383ddc0_0 .net "E", 0 0, o0x7fda75dddde8;  0 drivers
v0x55556383de60_0 .var "Q", 0 0;
o0x7fda75ddde48 .functor BUFZ 1, C4<z>; HiZ drive
v0x55556383df20_0 .net "S", 0 0, o0x7fda75ddde48;  0 drivers
E_0x55556383dba0 .event negedge, v0x55556383dc20_0;
S_0x5555637c8690 .scope module, "SB_DFFNR" "SB_DFFNR" 2 1011;
 .timescale -12 -12;
    .port_info 0 /OUTPUT 1 "Q";
    .port_info 1 /INPUT 1 "C";
    .port_info 2 /INPUT 1 "R";
    .port_info 3 /INPUT 1 "D";
o0x7fda75dddf68 .functor BUFZ 1, C4<z>; HiZ drive
v0x55556383e150_0 .net "C", 0 0, o0x7fda75dddf68;  0 drivers
o0x7fda75dddf98 .functor BUFZ 1, C4<z>; HiZ drive
v0x55556383e230_0 .net "D", 0 0, o0x7fda75dddf98;  0 drivers
v0x55556383e2f0_0 .var "Q", 0 0;
o0x7fda75dddff8 .functor BUFZ 1, C4<z>; HiZ drive
v0x55556383e390_0 .net "R", 0 0, o0x7fda75dddff8;  0 drivers
E_0x55556383e0d0/0 .event negedge, v0x55556383e150_0;
E_0x55556383e0d0/1 .event posedge, v0x55556383e390_0;
E_0x55556383e0d0 .event/or E_0x55556383e0d0/0, E_0x55556383e0d0/1;
S_0x5555637cb330 .scope module, "SB_DFFNS" "SB_DFFNS" 2 1132;
 .timescale -12 -12;
    .port_info 0 /OUTPUT 1 "Q";
    .port_info 1 /INPUT 1 "C";
    .port_info 2 /INPUT 1 "S";
    .port_info 3 /INPUT 1 "D";
o0x7fda75dde0e8 .functor BUFZ 1, C4<z>; HiZ drive
v0x55556383e580_0 .net "C", 0 0, o0x7fda75dde0e8;  0 drivers
o0x7fda75dde118 .functor BUFZ 1, C4<z>; HiZ drive
v0x55556383e660_0 .net "D", 0 0, o0x7fda75dde118;  0 drivers
v0x55556383e720_0 .var "Q", 0 0;
o0x7fda75dde178 .functor BUFZ 1, C4<z>; HiZ drive
v0x55556383e7c0_0 .net "S", 0 0, o0x7fda75dde178;  0 drivers
E_0x55556383e500/0 .event negedge, v0x55556383e580_0;
E_0x55556383e500/1 .event posedge, v0x55556383e7c0_0;
E_0x55556383e500 .event/or E_0x55556383e500/0, E_0x55556383e500/1;
S_0x5555637caf40 .scope module, "SB_DFFNSR" "SB_DFFNSR" 2 961;
 .timescale -12 -12;
    .port_info 0 /OUTPUT 1 "Q";
    .port_info 1 /INPUT 1 "C";
    .port_info 2 /INPUT 1 "R";
    .port_info 3 /INPUT 1 "D";
o0x7fda75dde268 .functor BUFZ 1, C4<z>; HiZ drive
v0x55556383e9b0_0 .net "C", 0 0, o0x7fda75dde268;  0 drivers
o0x7fda75dde298 .functor BUFZ 1, C4<z>; HiZ drive
v0x55556383ea90_0 .net "D", 0 0, o0x7fda75dde298;  0 drivers
v0x55556383eb50_0 .var "Q", 0 0;
o0x7fda75dde2f8 .functor BUFZ 1, C4<z>; HiZ drive
v0x55556383ebf0_0 .net "R", 0 0, o0x7fda75dde2f8;  0 drivers
E_0x55556383e930 .event negedge, v0x55556383e9b0_0;
S_0x5555637c82d0 .scope module, "SB_DFFNSS" "SB_DFFNSS" 2 1082;
 .timescale -12 -12;
    .port_info 0 /OUTPUT 1 "Q";
    .port_info 1 /INPUT 1 "C";
    .port_info 2 /INPUT 1 "S";
    .port_info 3 /INPUT 1 "D";
o0x7fda75dde3e8 .functor BUFZ 1, C4<z>; HiZ drive
v0x55556383ede0_0 .net "C", 0 0, o0x7fda75dde3e8;  0 drivers
o0x7fda75dde418 .functor BUFZ 1, C4<z>; HiZ drive
v0x55556383eec0_0 .net "D", 0 0, o0x7fda75dde418;  0 drivers
v0x55556383ef80_0 .var "Q", 0 0;
o0x7fda75dde478 .functor BUFZ 1, C4<z>; HiZ drive
v0x55556383f020_0 .net "S", 0 0, o0x7fda75dde478;  0 drivers
E_0x55556383ed60 .event negedge, v0x55556383ede0_0;
S_0x5555637b3ec0 .scope module, "SB_DFFR" "SB_DFFR" 2 400;
 .timescale -12 -12;
    .port_info 0 /OUTPUT 1 "Q";
    .port_info 1 /INPUT 1 "C";
    .port_info 2 /INPUT 1 "R";
    .port_info 3 /INPUT 1 "D";
o0x7fda75dde568 .functor BUFZ 1, C4<z>; HiZ drive
v0x55556383f210_0 .net "C", 0 0, o0x7fda75dde568;  0 drivers
o0x7fda75dde598 .functor BUFZ 1, C4<z>; HiZ drive
v0x55556383f2f0_0 .net "D", 0 0, o0x7fda75dde598;  0 drivers
v0x55556383f3b0_0 .var "Q", 0 0;
o0x7fda75dde5f8 .functor BUFZ 1, C4<z>; HiZ drive
v0x55556383f450_0 .net "R", 0 0, o0x7fda75dde5f8;  0 drivers
E_0x55556383f190 .event posedge, v0x55556383f450_0, v0x55556383f210_0;
S_0x5555637b3b80 .scope module, "SB_DFFS" "SB_DFFS" 2 521;
 .timescale -12 -12;
    .port_info 0 /OUTPUT 1 "Q";
    .port_info 1 /INPUT 1 "C";
    .port_info 2 /INPUT 1 "S";
    .port_info 3 /INPUT 1 "D";
o0x7fda75dde6e8 .functor BUFZ 1, C4<z>; HiZ drive
v0x55556383f640_0 .net "C", 0 0, o0x7fda75dde6e8;  0 drivers
o0x7fda75dde718 .functor BUFZ 1, C4<z>; HiZ drive
v0x55556383f720_0 .net "D", 0 0, o0x7fda75dde718;  0 drivers
v0x55556383f7e0_0 .var "Q", 0 0;
o0x7fda75dde778 .functor BUFZ 1, C4<z>; HiZ drive
v0x55556383f880_0 .net "S", 0 0, o0x7fda75dde778;  0 drivers
E_0x55556383f5c0 .event posedge, v0x55556383f880_0, v0x55556383f640_0;
S_0x5555637afa70 .scope module, "SB_DFFSR" "SB_DFFSR" 2 350;
 .timescale -12 -12;
    .port_info 0 /OUTPUT 1 "Q";
    .port_info 1 /INPUT 1 "C";
    .port_info 2 /INPUT 1 "R";
    .port_info 3 /INPUT 1 "D";
o0x7fda75dde868 .functor BUFZ 1, C4<z>; HiZ drive
v0x55556383fa70_0 .net "C", 0 0, o0x7fda75dde868;  0 drivers
o0x7fda75dde898 .functor BUFZ 1, C4<z>; HiZ drive
v0x55556383fb50_0 .net "D", 0 0, o0x7fda75dde898;  0 drivers
v0x55556383fc10_0 .var "Q", 0 0;
o0x7fda75dde8f8 .functor BUFZ 1, C4<z>; HiZ drive
v0x55556383fcb0_0 .net "R", 0 0, o0x7fda75dde8f8;  0 drivers
E_0x55556383f9f0 .event posedge, v0x55556383fa70_0;
S_0x5555637af6b0 .scope module, "SB_DFFSS" "SB_DFFSS" 2 471;
 .timescale -12 -12;
    .port_info 0 /OUTPUT 1 "Q";
    .port_info 1 /INPUT 1 "C";
    .port_info 2 /INPUT 1 "S";
    .port_info 3 /INPUT 1 "D";
o0x7fda75dde9e8 .functor BUFZ 1, C4<z>; HiZ drive
v0x55556383fea0_0 .net "C", 0 0, o0x7fda75dde9e8;  0 drivers
o0x7fda75ddea18 .functor BUFZ 1, C4<z>; HiZ drive
v0x55556383ff80_0 .net "D", 0 0, o0x7fda75ddea18;  0 drivers
v0x555563840040_0 .var "Q", 0 0;
o0x7fda75ddea78 .functor BUFZ 1, C4<z>; HiZ drive
v0x5555638400e0_0 .net "S", 0 0, o0x7fda75ddea78;  0 drivers
E_0x55556383fe20 .event posedge, v0x55556383fea0_0;
S_0x55556379cb10 .scope module, "SB_FILTER_50NS" "SB_FILTER_50NS" 2 2856;
 .timescale -12 -12;
    .port_info 0 /INPUT 1 "FILTERIN";
    .port_info 1 /OUTPUT 1 "FILTEROUT";
o0x7fda75ddeb68 .functor BUFZ 1, C4<z>; HiZ drive
v0x555563840250_0 .net "FILTERIN", 0 0, o0x7fda75ddeb68;  0 drivers
o0x7fda75ddeb98 .functor BUFZ 1, C4<z>; HiZ drive
v0x555563840330_0 .net "FILTEROUT", 0 0, o0x7fda75ddeb98;  0 drivers
S_0x55556379c720 .scope module, "SB_GB" "SB_GB" 2 162;
 .timescale -12 -12;
    .port_info 0 /INPUT 1 "USER_SIGNAL_TO_GLOBAL_BUFFER";
    .port_info 1 /OUTPUT 1 "GLOBAL_BUFFER_OUTPUT";
o0x7fda75ddec58 .functor BUFZ 1, C4<z>; HiZ drive
L_0x555563884330 .functor BUFZ 1, o0x7fda75ddec58, C4<0>, C4<0>, C4<0>;
v0x555563840450_0 .net "GLOBAL_BUFFER_OUTPUT", 0 0, L_0x555563884330;  1 drivers
v0x555563840510_0 .net "USER_SIGNAL_TO_GLOBAL_BUFFER", 0 0, o0x7fda75ddec58;  0 drivers
S_0x55556379bf50 .scope module, "SB_GB_IO" "SB_GB_IO" 2 123;
 .timescale -12 -12;
    .port_info 0 /INOUT 1 "PACKAGE_PIN";
    .port_info 1 /OUTPUT 1 "GLOBAL_BUFFER_OUTPUT";
    .port_info 2 /INPUT 1 "LATCH_INPUT_VALUE";
    .port_info 3 /INPUT 1 "CLOCK_ENABLE";
    .port_info 4 /INPUT 1 "INPUT_CLK";
    .port_info 5 /INPUT 1 "OUTPUT_CLK";
    .port_info 6 /INPUT 1 "OUTPUT_ENABLE";
    .port_info 7 /INPUT 1 "D_OUT_0";
    .port_info 8 /INPUT 1 "D_OUT_1";
    .port_info 9 /OUTPUT 1 "D_IN_0";
    .port_info 10 /OUTPUT 1 "D_IN_1";
P_0x55556379a870 .param/str "IO_STANDARD" 0 2 139, "SB_LVCMOS";
P_0x55556379a8b0 .param/l "NEG_TRIGGER" 0 2 138, C4<0>;
P_0x55556379a8f0 .param/l "PIN_TYPE" 0 2 136, C4<000000>;
P_0x55556379a930 .param/l "PULLUP" 0 2 137, C4<0>;
o0x7fda75ddee98 .functor BUFZ 1, C4<z>; HiZ drive
L_0x5555638843a0 .functor BUFZ 1, o0x7fda75ddee98, C4<0>, C4<0>, C4<0>;
o0x7fda75ddece8 .functor BUFZ 1, C4<z>; HiZ drive
v0x555563842660_0 .net "CLOCK_ENABLE", 0 0, o0x7fda75ddece8;  0 drivers
v0x555563842720_0 .net "D_IN_0", 0 0, L_0x555563884610;  1 drivers
v0x5555638427f0_0 .net "D_IN_1", 0 0, L_0x5555638846d0;  1 drivers
o0x7fda75dded78 .functor BUFZ 1, C4<z>; HiZ drive
v0x5555638428f0_0 .net "D_OUT_0", 0 0, o0x7fda75dded78;  0 drivers
o0x7fda75ddeda8 .functor BUFZ 1, C4<z>; HiZ drive
v0x5555638429c0_0 .net "D_OUT_1", 0 0, o0x7fda75ddeda8;  0 drivers
v0x555563842a60_0 .net "GLOBAL_BUFFER_OUTPUT", 0 0, L_0x5555638843a0;  1 drivers
o0x7fda75ddedd8 .functor BUFZ 1, C4<z>; HiZ drive
v0x555563842b00_0 .net "INPUT_CLK", 0 0, o0x7fda75ddedd8;  0 drivers
o0x7fda75ddee08 .functor BUFZ 1, C4<z>; HiZ drive
v0x555563842bd0_0 .net "LATCH_INPUT_VALUE", 0 0, o0x7fda75ddee08;  0 drivers
o0x7fda75ddee38 .functor BUFZ 1, C4<z>; HiZ drive
v0x555563842ca0_0 .net "OUTPUT_CLK", 0 0, o0x7fda75ddee38;  0 drivers
o0x7fda75ddee68 .functor BUFZ 1, C4<z>; HiZ drive
v0x555563842d70_0 .net "OUTPUT_ENABLE", 0 0, o0x7fda75ddee68;  0 drivers
v0x555563842e40_0 .net "PACKAGE_PIN", 0 0, o0x7fda75ddee98;  0 drivers
S_0x555563840630 .scope module, "IO" "SB_IO" 2 148, 2 17 0, S_0x55556379bf50;
 .timescale -12 -12;
    .port_info 0 /INOUT 1 "PACKAGE_PIN";
    .port_info 1 /INPUT 1 "LATCH_INPUT_VALUE";
    .port_info 2 /INPUT 1 "CLOCK_ENABLE";
    .port_info 3 /INPUT 1 "INPUT_CLK";
    .port_info 4 /INPUT 1 "OUTPUT_CLK";
    .port_info 5 /INPUT 1 "OUTPUT_ENABLE";
    .port_info 6 /INPUT 1 "D_OUT_0";
    .port_info 7 /INPUT 1 "D_OUT_1";
    .port_info 8 /OUTPUT 1 "D_IN_0";
    .port_info 9 /OUTPUT 1 "D_IN_1";
P_0x555563832fc0 .param/str "IO_STANDARD" 0 2 32, "SB_LVCMOS";
P_0x555563833000 .param/l "NEG_TRIGGER" 0 2 31, C4<0>;
P_0x555563833040 .param/l "PIN_TYPE" 0 2 29, C4<000000>;
P_0x555563833080 .param/l "PULLUP" 0 2 30, C4<0>;
L_0x555563884550 .functor OR 1, o0x7fda75ddece8, L_0x555563884460, C4<0>, C4<0>;
L_0x555563884610 .functor BUFZ 1, v0x555563841c30_0, C4<0>, C4<0>, C4<0>;
L_0x5555638846d0 .functor BUFZ 1, v0x555563841cf0_0, C4<0>, C4<0>, C4<0>;
v0x5555638410a0_0 .net "CLOCK_ENABLE", 0 0, o0x7fda75ddece8;  alias, 0 drivers
v0x555563841160_0 .net "D_IN_0", 0 0, L_0x555563884610;  alias, 1 drivers
v0x555563841220_0 .net "D_IN_1", 0 0, L_0x5555638846d0;  alias, 1 drivers
v0x5555638412c0_0 .net "D_OUT_0", 0 0, o0x7fda75dded78;  alias, 0 drivers
v0x555563841380_0 .net "D_OUT_1", 0 0, o0x7fda75ddeda8;  alias, 0 drivers
v0x555563841490_0 .net "INPUT_CLK", 0 0, o0x7fda75ddedd8;  alias, 0 drivers
v0x555563841550_0 .net "LATCH_INPUT_VALUE", 0 0, o0x7fda75ddee08;  alias, 0 drivers
v0x555563841610_0 .net "OUTPUT_CLK", 0 0, o0x7fda75ddee38;  alias, 0 drivers
v0x5555638416d0_0 .net "OUTPUT_ENABLE", 0 0, o0x7fda75ddee68;  alias, 0 drivers
v0x555563841790_0 .net "PACKAGE_PIN", 0 0, o0x7fda75ddee98;  alias, 0 drivers
o0x7fda75ddeec8 .functor BUFZ 1, C4<z>; HiZ drive
; Elide local net with no drivers, v0x555563841850_0 name=_ivl_0
v0x555563841930_0 .net *"_ivl_2", 0 0, L_0x555563884460;  1 drivers
v0x5555638419f0_0 .net "clken_pulled", 0 0, L_0x555563884550;  1 drivers
v0x555563841ab0_0 .var "clken_pulled_ri", 0 0;
v0x555563841b70_0 .var "clken_pulled_ro", 0 0;
v0x555563841c30_0 .var "din_0", 0 0;
v0x555563841cf0_0 .var "din_1", 0 0;
v0x555563841ec0_0 .var "din_q_0", 0 0;
v0x555563841f80_0 .var "din_q_1", 0 0;
v0x555563842040_0 .var "dout", 0 0;
v0x555563842100_0 .var "dout_q_0", 0 0;
v0x5555638421c0_0 .var "dout_q_1", 0 0;
v0x555563842280_0 .var "outclk_delayed_1", 0 0;
v0x555563842340_0 .var "outclk_delayed_2", 0 0;
v0x555563842400_0 .var "outena_q", 0 0;
E_0x555563840b40 .event anyedge, v0x555563842340_0, v0x555563842100_0, v0x5555638421c0_0;
E_0x555563840ba0 .event anyedge, v0x555563842280_0;
E_0x555563840c00 .event anyedge, v0x555563841610_0;
E_0x555563840c60 .event anyedge, v0x555563841ec0_0, v0x555563841f80_0;
L_0x555563884460 .cmp/eeq 1, o0x7fda75ddece8, o0x7fda75ddeec8;
S_0x555563840cf0 .scope generate, "genblk1" "genblk1" 2 45, 2 45 0, S_0x555563840630;
 .timescale -12 -12;
E_0x555563840ed0 .event posedge, v0x555563841610_0;
E_0x555563840f50 .event negedge, v0x555563841610_0;
E_0x555563840fb0 .event negedge, v0x555563841490_0;
E_0x555563841010 .event posedge, v0x555563841490_0;
S_0x555563799c50 .scope module, "SB_HFOSC" "SB_HFOSC" 2 2664;
 .timescale -12 -12;
    .port_info 0 /INPUT 1 "TRIM0";
    .port_info 1 /INPUT 1 "TRIM1";
    .port_info 2 /INPUT 1 "TRIM2";
    .port_info 3 /INPUT 1 "TRIM3";
    .port_info 4 /INPUT 1 "TRIM4";
    .port_info 5 /INPUT 1 "TRIM5";
    .port_info 6 /INPUT 1 "TRIM6";
    .port_info 7 /INPUT 1 "TRIM7";
    .port_info 8 /INPUT 1 "TRIM8";
    .port_info 9 /INPUT 1 "TRIM9";
    .port_info 10 /INPUT 1 "CLKHFPU";
    .port_info 11 /INPUT 1 "CLKHFEN";
    .port_info 12 /OUTPUT 1 "CLKHF";
P_0x5555636921b0 .param/str "CLKHF_DIV" 0 2 2680, "0b00";
P_0x5555636921f0 .param/str "TRIM_EN" 0 2 2679, "0b0";
o0x7fda75ddf5b8 .functor BUFZ 1, C4<z>; HiZ drive
v0x555563842f30_0 .net "CLKHF", 0 0, o0x7fda75ddf5b8;  0 drivers
o0x7fda75ddf5e8 .functor BUFZ 1, C4<z>; HiZ drive
v0x555563843010_0 .net "CLKHFEN", 0 0, o0x7fda75ddf5e8;  0 drivers
o0x7fda75ddf618 .functor BUFZ 1, C4<z>; HiZ drive
v0x5555638430d0_0 .net "CLKHFPU", 0 0, o0x7fda75ddf618;  0 drivers
o0x7fda75ddf648 .functor BUFZ 1, C4<z>; HiZ drive
v0x5555638431a0_0 .net "TRIM0", 0 0, o0x7fda75ddf648;  0 drivers
o0x7fda75ddf678 .functor BUFZ 1, C4<z>; HiZ drive
v0x555563843260_0 .net "TRIM1", 0 0, o0x7fda75ddf678;  0 drivers
o0x7fda75ddf6a8 .functor BUFZ 1, C4<z>; HiZ drive
v0x555563843320_0 .net "TRIM2", 0 0, o0x7fda75ddf6a8;  0 drivers
o0x7fda75ddf6d8 .functor BUFZ 1, C4<z>; HiZ drive
v0x5555638433e0_0 .net "TRIM3", 0 0, o0x7fda75ddf6d8;  0 drivers
o0x7fda75ddf708 .functor BUFZ 1, C4<z>; HiZ drive
v0x5555638434a0_0 .net "TRIM4", 0 0, o0x7fda75ddf708;  0 drivers
o0x7fda75ddf738 .functor BUFZ 1, C4<z>; HiZ drive
v0x555563843560_0 .net "TRIM5", 0 0, o0x7fda75ddf738;  0 drivers
o0x7fda75ddf768 .functor BUFZ 1, C4<z>; HiZ drive
v0x5555638436b0_0 .net "TRIM6", 0 0, o0x7fda75ddf768;  0 drivers
o0x7fda75ddf798 .functor BUFZ 1, C4<z>; HiZ drive
v0x555563843770_0 .net "TRIM7", 0 0, o0x7fda75ddf798;  0 drivers
o0x7fda75ddf7c8 .functor BUFZ 1, C4<z>; HiZ drive
v0x555563843830_0 .net "TRIM8", 0 0, o0x7fda75ddf7c8;  0 drivers
o0x7fda75ddf7f8 .functor BUFZ 1, C4<z>; HiZ drive
v0x5555638438f0_0 .net "TRIM9", 0 0, o0x7fda75ddf7f8;  0 drivers
S_0x55556382a110 .scope module, "SB_I2C" "SB_I2C" 2 2733;
 .timescale -12 -12;
    .port_info 0 /INPUT 1 "SBCLKI";
    .port_info 1 /INPUT 1 "SBRWI";
    .port_info 2 /INPUT 1 "SBSTBI";
    .port_info 3 /INPUT 1 "SBADRI7";
    .port_info 4 /INPUT 1 "SBADRI6";
    .port_info 5 /INPUT 1 "SBADRI5";
    .port_info 6 /INPUT 1 "SBADRI4";
    .port_info 7 /INPUT 1 "SBADRI3";
    .port_info 8 /INPUT 1 "SBADRI2";
    .port_info 9 /INPUT 1 "SBADRI1";
    .port_info 10 /INPUT 1 "SBADRI0";
    .port_info 11 /INPUT 1 "SBDATI7";
    .port_info 12 /INPUT 1 "SBDATI6";
    .port_info 13 /INPUT 1 "SBDATI5";
    .port_info 14 /INPUT 1 "SBDATI4";
    .port_info 15 /INPUT 1 "SBDATI3";
    .port_info 16 /INPUT 1 "SBDATI2";
    .port_info 17 /INPUT 1 "SBDATI1";
    .port_info 18 /INPUT 1 "SBDATI0";
    .port_info 19 /INPUT 1 "SCLI";
    .port_info 20 /INPUT 1 "SDAI";
    .port_info 21 /OUTPUT 1 "SBDATO7";
    .port_info 22 /OUTPUT 1 "SBDATO6";
    .port_info 23 /OUTPUT 1 "SBDATO5";
    .port_info 24 /OUTPUT 1 "SBDATO4";
    .port_info 25 /OUTPUT 1 "SBDATO3";
    .port_info 26 /OUTPUT 1 "SBDATO2";
    .port_info 27 /OUTPUT 1 "SBDATO1";
    .port_info 28 /OUTPUT 1 "SBDATO0";
    .port_info 29 /OUTPUT 1 "SBACKO";
    .port_info 30 /OUTPUT 1 "I2CIRQ";
    .port_info 31 /OUTPUT 1 "I2CWKUP";
    .port_info 32 /OUTPUT 1 "SCLO";
    .port_info 33 /OUTPUT 1 "SCLOE";
    .port_info 34 /OUTPUT 1 "SDAO";
    .port_info 35 /OUTPUT 1 "SDAOE";
P_0x555563692300 .param/str "BUS_ADDR74" 0 2 2772, "0b0001";
P_0x555563692340 .param/str "I2C_SLAVE_INIT_ADDR" 0 2 2771, "0b1111100001";
o0x7fda75ddfa98 .functor BUFZ 1, C4<z>; HiZ drive
v0x555563843bc0_0 .net "I2CIRQ", 0 0, o0x7fda75ddfa98;  0 drivers
o0x7fda75ddfac8 .functor BUFZ 1, C4<z>; HiZ drive
v0x555563843ca0_0 .net "I2CWKUP", 0 0, o0x7fda75ddfac8;  0 drivers
o0x7fda75ddfaf8 .functor BUFZ 1, C4<z>; HiZ drive
v0x555563843d60_0 .net "SBACKO", 0 0, o0x7fda75ddfaf8;  0 drivers
o0x7fda75ddfb28 .functor BUFZ 1, C4<z>; HiZ drive
v0x555563843e00_0 .net "SBADRI0", 0 0, o0x7fda75ddfb28;  0 drivers
o0x7fda75ddfb58 .functor BUFZ 1, C4<z>; HiZ drive
v0x555563843ec0_0 .net "SBADRI1", 0 0, o0x7fda75ddfb58;  0 drivers
o0x7fda75ddfb88 .functor BUFZ 1, C4<z>; HiZ drive
v0x555563843f80_0 .net "SBADRI2", 0 0, o0x7fda75ddfb88;  0 drivers
o0x7fda75ddfbb8 .functor BUFZ 1, C4<z>; HiZ drive
v0x555563844040_0 .net "SBADRI3", 0 0, o0x7fda75ddfbb8;  0 drivers
o0x7fda75ddfbe8 .functor BUFZ 1, C4<z>; HiZ drive
v0x555563844100_0 .net "SBADRI4", 0 0, o0x7fda75ddfbe8;  0 drivers
o0x7fda75ddfc18 .functor BUFZ 1, C4<z>; HiZ drive
v0x5555638441c0_0 .net "SBADRI5", 0 0, o0x7fda75ddfc18;  0 drivers
o0x7fda75ddfc48 .functor BUFZ 1, C4<z>; HiZ drive
v0x555563844310_0 .net "SBADRI6", 0 0, o0x7fda75ddfc48;  0 drivers
o0x7fda75ddfc78 .functor BUFZ 1, C4<z>; HiZ drive
v0x5555638443d0_0 .net "SBADRI7", 0 0, o0x7fda75ddfc78;  0 drivers
o0x7fda75ddfca8 .functor BUFZ 1, C4<z>; HiZ drive
v0x555563844490_0 .net "SBCLKI", 0 0, o0x7fda75ddfca8;  0 drivers
o0x7fda75ddfcd8 .functor BUFZ 1, C4<z>; HiZ drive
v0x555563844550_0 .net "SBDATI0", 0 0, o0x7fda75ddfcd8;  0 drivers
o0x7fda75ddfd08 .functor BUFZ 1, C4<z>; HiZ drive
v0x555563844610_0 .net "SBDATI1", 0 0, o0x7fda75ddfd08;  0 drivers
o0x7fda75ddfd38 .functor BUFZ 1, C4<z>; HiZ drive
v0x5555638446d0_0 .net "SBDATI2", 0 0, o0x7fda75ddfd38;  0 drivers
o0x7fda75ddfd68 .functor BUFZ 1, C4<z>; HiZ drive
v0x555563844790_0 .net "SBDATI3", 0 0, o0x7fda75ddfd68;  0 drivers
o0x7fda75ddfd98 .functor BUFZ 1, C4<z>; HiZ drive
v0x555563844850_0 .net "SBDATI4", 0 0, o0x7fda75ddfd98;  0 drivers
o0x7fda75ddfdc8 .functor BUFZ 1, C4<z>; HiZ drive
v0x555563844a20_0 .net "SBDATI5", 0 0, o0x7fda75ddfdc8;  0 drivers
o0x7fda75ddfdf8 .functor BUFZ 1, C4<z>; HiZ drive
v0x555563844ae0_0 .net "SBDATI6", 0 0, o0x7fda75ddfdf8;  0 drivers
o0x7fda75ddfe28 .functor BUFZ 1, C4<z>; HiZ drive
v0x555563844ba0_0 .net "SBDATI7", 0 0, o0x7fda75ddfe28;  0 drivers
o0x7fda75ddfe58 .functor BUFZ 1, C4<z>; HiZ drive
v0x555563844c60_0 .net "SBDATO0", 0 0, o0x7fda75ddfe58;  0 drivers
o0x7fda75ddfe88 .functor BUFZ 1, C4<z>; HiZ drive
v0x555563844d20_0 .net "SBDATO1", 0 0, o0x7fda75ddfe88;  0 drivers
o0x7fda75ddfeb8 .functor BUFZ 1, C4<z>; HiZ drive
v0x555563844de0_0 .net "SBDATO2", 0 0, o0x7fda75ddfeb8;  0 drivers
o0x7fda75ddfee8 .functor BUFZ 1, C4<z>; HiZ drive
v0x555563844ea0_0 .net "SBDATO3", 0 0, o0x7fda75ddfee8;  0 drivers
o0x7fda75ddff18 .functor BUFZ 1, C4<z>; HiZ drive
v0x555563844f60_0 .net "SBDATO4", 0 0, o0x7fda75ddff18;  0 drivers
o0x7fda75ddff48 .functor BUFZ 1, C4<z>; HiZ drive
v0x555563845020_0 .net "SBDATO5", 0 0, o0x7fda75ddff48;  0 drivers
o0x7fda75ddff78 .functor BUFZ 1, C4<z>; HiZ drive
v0x5555638450e0_0 .net "SBDATO6", 0 0, o0x7fda75ddff78;  0 drivers
o0x7fda75ddffa8 .functor BUFZ 1, C4<z>; HiZ drive
v0x5555638451a0_0 .net "SBDATO7", 0 0, o0x7fda75ddffa8;  0 drivers
o0x7fda75ddffd8 .functor BUFZ 1, C4<z>; HiZ drive
v0x555563845260_0 .net "SBRWI", 0 0, o0x7fda75ddffd8;  0 drivers
o0x7fda75de0008 .functor BUFZ 1, C4<z>; HiZ drive
v0x555563845320_0 .net "SBSTBI", 0 0, o0x7fda75de0008;  0 drivers
o0x7fda75de0038 .functor BUFZ 1, C4<z>; HiZ drive
v0x5555638453e0_0 .net "SCLI", 0 0, o0x7fda75de0038;  0 drivers
o0x7fda75de0068 .functor BUFZ 1, C4<z>; HiZ drive
v0x5555638454a0_0 .net "SCLO", 0 0, o0x7fda75de0068;  0 drivers
o0x7fda75de0098 .functor BUFZ 1, C4<z>; HiZ drive
v0x555563845560_0 .net "SCLOE", 0 0, o0x7fda75de0098;  0 drivers
o0x7fda75de00c8 .functor BUFZ 1, C4<z>; HiZ drive
v0x555563845620_0 .net "SDAI", 0 0, o0x7fda75de00c8;  0 drivers
o0x7fda75de00f8 .functor BUFZ 1, C4<z>; HiZ drive
v0x5555638456e0_0 .net "SDAO", 0 0, o0x7fda75de00f8;  0 drivers
o0x7fda75de0128 .functor BUFZ 1, C4<z>; HiZ drive
v0x5555638457a0_0 .net "SDAOE", 0 0, o0x7fda75de0128;  0 drivers
S_0x5555637ef230 .scope module, "SB_IO_I3C" "SB_IO_I3C" 2 2862;
 .timescale -12 -12;
    .port_info 0 /INOUT 1 "PACKAGE_PIN";
    .port_info 1 /INPUT 1 "LATCH_INPUT_VALUE";
    .port_info 2 /INPUT 1 "CLOCK_ENABLE";
    .port_info 3 /INPUT 1 "INPUT_CLK";
    .port_info 4 /INPUT 1 "OUTPUT_CLK";
    .port_info 5 /INPUT 1 "OUTPUT_ENABLE";
    .port_info 6 /INPUT 1 "D_OUT_0";
    .port_info 7 /INPUT 1 "D_OUT_1";
    .port_info 8 /OUTPUT 1 "D_IN_0";
    .port_info 9 /OUTPUT 1 "D_IN_1";
    .port_info 10 /INPUT 1 "PU_ENB";
    .port_info 11 /INPUT 1 "WEAK_PU_ENB";
P_0x555563818350 .param/str "IO_STANDARD" 0 2 2880, "SB_LVCMOS";
P_0x555563818390 .param/l "NEG_TRIGGER" 0 2 2879, C4<0>;
P_0x5555638183d0 .param/l "PIN_TYPE" 0 2 2876, C4<000000>;
P_0x555563818410 .param/l "PULLUP" 0 2 2877, C4<0>;
P_0x555563818450 .param/l "WEAK_PULLUP" 0 2 2878, C4<0>;
L_0x555563884790 .functor BUFZ 1, v0x555563846b40_0, C4<0>, C4<0>, C4<0>;
L_0x555563884800 .functor BUFZ 1, v0x555563846c00_0, C4<0>, C4<0>, C4<0>;
o0x7fda75de0818 .functor BUFZ 1, C4<z>; HiZ drive
v0x555563846210_0 .net "CLOCK_ENABLE", 0 0, o0x7fda75de0818;  0 drivers
v0x5555638462d0_0 .net "D_IN_0", 0 0, L_0x555563884790;  1 drivers
v0x555563846390_0 .net "D_IN_1", 0 0, L_0x555563884800;  1 drivers
o0x7fda75de08a8 .functor BUFZ 1, C4<z>; HiZ drive
v0x555563846430_0 .net "D_OUT_0", 0 0, o0x7fda75de08a8;  0 drivers
o0x7fda75de08d8 .functor BUFZ 1, C4<z>; HiZ drive
v0x5555638464f0_0 .net "D_OUT_1", 0 0, o0x7fda75de08d8;  0 drivers
o0x7fda75de0908 .functor BUFZ 1, C4<z>; HiZ drive
v0x555563846600_0 .net "INPUT_CLK", 0 0, o0x7fda75de0908;  0 drivers
o0x7fda75de0938 .functor BUFZ 1, C4<z>; HiZ drive
v0x5555638466c0_0 .net "LATCH_INPUT_VALUE", 0 0, o0x7fda75de0938;  0 drivers
o0x7fda75de0968 .functor BUFZ 1, C4<z>; HiZ drive
v0x555563846780_0 .net "OUTPUT_CLK", 0 0, o0x7fda75de0968;  0 drivers
o0x7fda75de0998 .functor BUFZ 1, C4<z>; HiZ drive
v0x555563846840_0 .net "OUTPUT_ENABLE", 0 0, o0x7fda75de0998;  0 drivers
o0x7fda75de09c8 .functor BUFZ 1, C4<z>; HiZ drive
v0x555563846900_0 .net "PACKAGE_PIN", 0 0, o0x7fda75de09c8;  0 drivers
o0x7fda75de09f8 .functor BUFZ 1, C4<z>; HiZ drive
v0x5555638469c0_0 .net "PU_ENB", 0 0, o0x7fda75de09f8;  0 drivers
o0x7fda75de0a28 .functor BUFZ 1, C4<z>; HiZ drive
v0x555563846a80_0 .net "WEAK_PU_ENB", 0 0, o0x7fda75de0a28;  0 drivers
v0x555563846b40_0 .var "din_0", 0 0;
v0x555563846c00_0 .var "din_1", 0 0;
v0x555563846cc0_0 .var "din_q_0", 0 0;
v0x555563846d80_0 .var "din_q_1", 0 0;
v0x555563846e40_0 .var "dout", 0 0;
v0x555563846f00_0 .var "dout_q_0", 0 0;
v0x555563846fc0_0 .var "dout_q_1", 0 0;
v0x555563847080_0 .var "outclk_delayed_1", 0 0;
v0x555563847140_0 .var "outclk_delayed_2", 0 0;
v0x555563847200_0 .var "outena_q", 0 0;
E_0x555563845ce0 .event anyedge, v0x555563847140_0, v0x555563846f00_0, v0x555563846fc0_0;
E_0x555563845d60 .event anyedge, v0x555563847080_0;
E_0x555563845dc0 .event anyedge, v0x555563846780_0;
E_0x555563845e20 .event anyedge, v0x555563846cc0_0, v0x555563846d80_0;
S_0x555563845eb0 .scope generate, "genblk1" "genblk1" 2 2888, 2 2888 0, S_0x5555637ef230;
 .timescale -12 -12;
E_0x555563846040 .event posedge, v0x555563846780_0;
E_0x5555638460c0 .event negedge, v0x555563846780_0;
E_0x555563846120 .event negedge, v0x555563846600_0;
E_0x555563846180 .event posedge, v0x555563846600_0;
S_0x5555637d89b0 .scope module, "SB_IO_OD" "SB_IO_OD" 2 2931;
 .timescale -12 -12;
    .port_info 0 /INOUT 1 "PACKAGEPIN";
    .port_info 1 /INPUT 1 "LATCHINPUTVALUE";
    .port_info 2 /INPUT 1 "CLOCKENABLE";
    .port_info 3 /INPUT 1 "INPUTCLK";
    .port_info 4 /INPUT 1 "OUTPUTCLK";
    .port_info 5 /INPUT 1 "OUTPUTENABLE";
    .port_info 6 /INPUT 1 "DOUT1";
    .port_info 7 /INPUT 1 "DOUT0";
    .port_info 8 /OUTPUT 1 "DIN1";
    .port_info 9 /OUTPUT 1 "DIN0";
P_0x55556368f720 .param/l "NEG_TRIGGER" 0 2 2944, C4<0>;
P_0x55556368f760 .param/l "PIN_TYPE" 0 2 2943, C4<000000>;
L_0x555563884870 .functor BUFZ 1, v0x555563848120_0, C4<0>, C4<0>, C4<0>;
L_0x5555638848e0 .functor BUFZ 1, v0x5555638481e0_0, C4<0>, C4<0>, C4<0>;
o0x7fda75de0e78 .functor BUFZ 1, C4<z>; HiZ drive
v0x555563847970_0 .net "CLOCKENABLE", 0 0, o0x7fda75de0e78;  0 drivers
v0x555563847a30_0 .net "DIN0", 0 0, L_0x555563884870;  1 drivers
v0x555563847af0_0 .net "DIN1", 0 0, L_0x5555638848e0;  1 drivers
o0x7fda75de0f08 .functor BUFZ 1, C4<z>; HiZ drive
v0x555563847b90_0 .net "DOUT0", 0 0, o0x7fda75de0f08;  0 drivers
o0x7fda75de0f38 .functor BUFZ 1, C4<z>; HiZ drive
v0x555563847c50_0 .net "DOUT1", 0 0, o0x7fda75de0f38;  0 drivers
o0x7fda75de0f68 .functor BUFZ 1, C4<z>; HiZ drive
v0x555563847d60_0 .net "INPUTCLK", 0 0, o0x7fda75de0f68;  0 drivers
o0x7fda75de0f98 .functor BUFZ 1, C4<z>; HiZ drive
v0x555563847e20_0 .net "LATCHINPUTVALUE", 0 0, o0x7fda75de0f98;  0 drivers
o0x7fda75de0fc8 .functor BUFZ 1, C4<z>; HiZ drive
v0x555563847ee0_0 .net "OUTPUTCLK", 0 0, o0x7fda75de0fc8;  0 drivers
o0x7fda75de0ff8 .functor BUFZ 1, C4<z>; HiZ drive
v0x555563847fa0_0 .net "OUTPUTENABLE", 0 0, o0x7fda75de0ff8;  0 drivers
o0x7fda75de1028 .functor BUFZ 1, C4<z>; HiZ drive
v0x555563848060_0 .net "PACKAGEPIN", 0 0, o0x7fda75de1028;  0 drivers
v0x555563848120_0 .var "din_0", 0 0;
v0x5555638481e0_0 .var "din_1", 0 0;
v0x5555638482a0_0 .var "din_q_0", 0 0;
v0x555563848360_0 .var "din_q_1", 0 0;
v0x555563848420_0 .var "dout", 0 0;
v0x5555638484e0_0 .var "dout_q_0", 0 0;
v0x5555638485a0_0 .var "dout_q_1", 0 0;
v0x555563848770_0 .var "outclk_delayed_1", 0 0;
v0x555563848830_0 .var "outclk_delayed_2", 0 0;
v0x5555638488f0_0 .var "outena_q", 0 0;
E_0x555563847440 .event anyedge, v0x555563848830_0, v0x5555638484e0_0, v0x5555638485a0_0;
E_0x5555638474c0 .event anyedge, v0x555563848770_0;
E_0x555563847520 .event anyedge, v0x555563847ee0_0;
E_0x555563847580 .event anyedge, v0x5555638482a0_0, v0x555563848360_0;
S_0x555563847610 .scope generate, "genblk1" "genblk1" 2 2952, 2 2952 0, S_0x5555637d89b0;
 .timescale -12 -12;
E_0x5555638477a0 .event posedge, v0x555563847ee0_0;
E_0x555563847820 .event negedge, v0x555563847ee0_0;
E_0x555563847880 .event negedge, v0x555563847d60_0;
E_0x5555638478e0 .event posedge, v0x555563847d60_0;
S_0x5555637e9820 .scope module, "SB_LEDDA_IP" "SB_LEDDA_IP" 2 2830;
 .timescale -12 -12;
    .port_info 0 /INPUT 1 "LEDDCS";
    .port_info 1 /INPUT 1 "LEDDCLK";
    .port_info 2 /INPUT 1 "LEDDDAT7";
    .port_info 3 /INPUT 1 "LEDDDAT6";
    .port_info 4 /INPUT 1 "LEDDDAT5";
    .port_info 5 /INPUT 1 "LEDDDAT4";
    .port_info 6 /INPUT 1 "LEDDDAT3";
    .port_info 7 /INPUT 1 "LEDDDAT2";
    .port_info 8 /INPUT 1 "LEDDDAT1";
    .port_info 9 /INPUT 1 "LEDDDAT0";
    .port_info 10 /INPUT 1 "LEDDADDR3";
    .port_info 11 /INPUT 1 "LEDDADDR2";
    .port_info 12 /INPUT 1 "LEDDADDR1";
    .port_info 13 /INPUT 1 "LEDDADDR0";
    .port_info 14 /INPUT 1 "LEDDDEN";
    .port_info 15 /INPUT 1 "LEDDEXE";
    .port_info 16 /INPUT 1 "LEDDRST";
    .port_info 17 /OUTPUT 1 "PWMOUT0";
    .port_info 18 /OUTPUT 1 "PWMOUT1";
    .port_info 19 /OUTPUT 1 "PWMOUT2";
    .port_info 20 /OUTPUT 1 "LEDDON";
o0x7fda75de1418 .functor BUFZ 1, C4<z>; HiZ drive
v0x555563848af0_0 .net "LEDDADDR0", 0 0, o0x7fda75de1418;  0 drivers
o0x7fda75de1448 .functor BUFZ 1, C4<z>; HiZ drive
v0x555563848bd0_0 .net "LEDDADDR1", 0 0, o0x7fda75de1448;  0 drivers
o0x7fda75de1478 .functor BUFZ 1, C4<z>; HiZ drive
v0x555563848c90_0 .net "LEDDADDR2", 0 0, o0x7fda75de1478;  0 drivers
o0x7fda75de14a8 .functor BUFZ 1, C4<z>; HiZ drive
v0x555563848d30_0 .net "LEDDADDR3", 0 0, o0x7fda75de14a8;  0 drivers
o0x7fda75de14d8 .functor BUFZ 1, C4<z>; HiZ drive
v0x555563848df0_0 .net "LEDDCLK", 0 0, o0x7fda75de14d8;  0 drivers
o0x7fda75de1508 .functor BUFZ 1, C4<z>; HiZ drive
v0x555563848eb0_0 .net "LEDDCS", 0 0, o0x7fda75de1508;  0 drivers
o0x7fda75de1538 .functor BUFZ 1, C4<z>; HiZ drive
v0x555563848f70_0 .net "LEDDDAT0", 0 0, o0x7fda75de1538;  0 drivers
o0x7fda75de1568 .functor BUFZ 1, C4<z>; HiZ drive
v0x555563849030_0 .net "LEDDDAT1", 0 0, o0x7fda75de1568;  0 drivers
o0x7fda75de1598 .functor BUFZ 1, C4<z>; HiZ drive
v0x5555638490f0_0 .net "LEDDDAT2", 0 0, o0x7fda75de1598;  0 drivers
o0x7fda75de15c8 .functor BUFZ 1, C4<z>; HiZ drive
v0x5555638491b0_0 .net "LEDDDAT3", 0 0, o0x7fda75de15c8;  0 drivers
o0x7fda75de15f8 .functor BUFZ 1, C4<z>; HiZ drive
v0x555563849270_0 .net "LEDDDAT4", 0 0, o0x7fda75de15f8;  0 drivers
o0x7fda75de1628 .functor BUFZ 1, C4<z>; HiZ drive
v0x555563849330_0 .net "LEDDDAT5", 0 0, o0x7fda75de1628;  0 drivers
o0x7fda75de1658 .functor BUFZ 1, C4<z>; HiZ drive
v0x5555638493f0_0 .net "LEDDDAT6", 0 0, o0x7fda75de1658;  0 drivers
o0x7fda75de1688 .functor BUFZ 1, C4<z>; HiZ drive
v0x5555638494b0_0 .net "LEDDDAT7", 0 0, o0x7fda75de1688;  0 drivers
o0x7fda75de16b8 .functor BUFZ 1, C4<z>; HiZ drive
v0x555563849570_0 .net "LEDDDEN", 0 0, o0x7fda75de16b8;  0 drivers
o0x7fda75de16e8 .functor BUFZ 1, C4<z>; HiZ drive
v0x555563849630_0 .net "LEDDEXE", 0 0, o0x7fda75de16e8;  0 drivers
o0x7fda75de1718 .functor BUFZ 1, C4<z>; HiZ drive
v0x5555638496f0_0 .net "LEDDON", 0 0, o0x7fda75de1718;  0 drivers
o0x7fda75de1748 .functor BUFZ 1, C4<z>; HiZ drive
v0x5555638498c0_0 .net "LEDDRST", 0 0, o0x7fda75de1748;  0 drivers
o0x7fda75de1778 .functor BUFZ 1, C4<z>; HiZ drive
v0x555563849980_0 .net "PWMOUT0", 0 0, o0x7fda75de1778;  0 drivers
o0x7fda75de17a8 .functor BUFZ 1, C4<z>; HiZ drive
v0x555563849a40_0 .net "PWMOUT1", 0 0, o0x7fda75de17a8;  0 drivers
o0x7fda75de17d8 .functor BUFZ 1, C4<z>; HiZ drive
v0x555563849b00_0 .net "PWMOUT2", 0 0, o0x7fda75de17d8;  0 drivers
S_0x5555637e45e0 .scope module, "SB_LED_DRV_CUR" "SB_LED_DRV_CUR" 2 2709;
 .timescale -12 -12;
    .port_info 0 /INPUT 1 "EN";
    .port_info 1 /OUTPUT 1 "LEDPU";
o0x7fda75de1bf8 .functor BUFZ 1, C4<z>; HiZ drive
v0x555563849f10_0 .net "EN", 0 0, o0x7fda75de1bf8;  0 drivers
o0x7fda75de1c28 .functor BUFZ 1, C4<z>; HiZ drive
v0x555563849ff0_0 .net "LEDPU", 0 0, o0x7fda75de1c28;  0 drivers
S_0x5555637d3cc0 .scope module, "SB_LFOSC" "SB_LFOSC" 2 2684;
 .timescale -12 -12;
    .port_info 0 /INPUT 1 "CLKLFPU";
    .port_info 1 /INPUT 1 "CLKLFEN";
    .port_info 2 /OUTPUT 1 "CLKLF";
o0x7fda75de1cb8 .functor BUFZ 1, C4<z>; HiZ drive
v0x55556384a110_0 .net "CLKLF", 0 0, o0x7fda75de1cb8;  0 drivers
o0x7fda75de1ce8 .functor BUFZ 1, C4<z>; HiZ drive
v0x55556384a1d0_0 .net "CLKLFEN", 0 0, o0x7fda75de1ce8;  0 drivers
o0x7fda75de1d18 .functor BUFZ 1, C4<z>; HiZ drive
v0x55556384a290_0 .net "CLKLFPU", 0 0, o0x7fda75de1d18;  0 drivers
S_0x5555637d63b0 .scope module, "SB_LUT4" "SB_LUT4" 2 177;
 .timescale -12 -12;
    .port_info 0 /OUTPUT 1 "O";
    .port_info 1 /INPUT 1 "I0";
    .port_info 2 /INPUT 1 "I1";
    .port_info 3 /INPUT 1 "I2";
    .port_info 4 /INPUT 1 "I3";
P_0x555563795500 .param/l "LUT_INIT" 0 2 184, C4<0000000000000000>;
o0x7fda75de1dd8 .functor BUFZ 1, C4<z>; HiZ drive
v0x55556384a3b0_0 .net "I0", 0 0, o0x7fda75de1dd8;  0 drivers
o0x7fda75de1e08 .functor BUFZ 1, C4<z>; HiZ drive
v0x55556384a470_0 .net "I1", 0 0, o0x7fda75de1e08;  0 drivers
o0x7fda75de1e38 .functor BUFZ 1, C4<z>; HiZ drive
v0x55556384a530_0 .net "I2", 0 0, o0x7fda75de1e38;  0 drivers
o0x7fda75de1e68 .functor BUFZ 1, C4<z>; HiZ drive
v0x55556384a600_0 .net "I3", 0 0, o0x7fda75de1e68;  0 drivers
v0x55556384a6c0_0 .net "O", 0 0, L_0x555563885310;  1 drivers
L_0x7fda75d903c0 .functor BUFT 1, C4<00000000>, C4<0>, C4<0>, C4<0>;
v0x55556384a780_0 .net/2u *"_ivl_0", 7 0, L_0x7fda75d903c0;  1 drivers
v0x55556384a860_0 .net *"_ivl_13", 1 0, L_0x555563884e20;  1 drivers
v0x55556384a940_0 .net *"_ivl_15", 1 0, L_0x555563884f10;  1 drivers
v0x55556384aa20_0 .net *"_ivl_19", 0 0, L_0x555563885130;  1 drivers
L_0x7fda75d90408 .functor BUFT 1, C4<00000000>, C4<0>, C4<0>, C4<0>;
v0x55556384ab00_0 .net/2u *"_ivl_2", 7 0, L_0x7fda75d90408;  1 drivers
v0x55556384abe0_0 .net *"_ivl_21", 0 0, L_0x555563885270;  1 drivers
v0x55556384acc0_0 .net *"_ivl_7", 3 0, L_0x555563884af0;  1 drivers
v0x55556384ada0_0 .net *"_ivl_9", 3 0, L_0x555563884be0;  1 drivers
v0x55556384ae80_0 .net "s1", 1 0, L_0x555563884ff0;  1 drivers
v0x55556384af60_0 .net "s2", 3 0, L_0x555563884c80;  1 drivers
v0x55556384b040_0 .net "s3", 7 0, L_0x555563884950;  1 drivers
L_0x555563884950 .functor MUXZ 8, L_0x7fda75d90408, L_0x7fda75d903c0, o0x7fda75de1e68, C4<>;
L_0x555563884af0 .part L_0x555563884950, 4, 4;
L_0x555563884be0 .part L_0x555563884950, 0, 4;
L_0x555563884c80 .functor MUXZ 4, L_0x555563884be0, L_0x555563884af0, o0x7fda75de1e38, C4<>;
L_0x555563884e20 .part L_0x555563884c80, 2, 2;
L_0x555563884f10 .part L_0x555563884c80, 0, 2;
L_0x555563884ff0 .functor MUXZ 2, L_0x555563884f10, L_0x555563884e20, o0x7fda75de1e08, C4<>;
L_0x555563885130 .part L_0x555563884ff0, 1, 1;
L_0x555563885270 .part L_0x555563884ff0, 0, 1;
L_0x555563885310 .functor MUXZ 1, L_0x555563885270, L_0x555563885130, o0x7fda75de1dd8, C4<>;
S_0x5555637d5660 .scope module, "SB_MAC16" "SB_MAC16" 2 2996;
 .timescale -12 -12;
    .port_info 0 /INPUT 1 "CLK";
    .port_info 1 /INPUT 1 "CE";
    .port_info 2 /INPUT 16 "C";
    .port_info 3 /INPUT 16 "A";
    .port_info 4 /INPUT 16 "B";
    .port_info 5 /INPUT 16 "D";
    .port_info 6 /INPUT 1 "AHOLD";
    .port_info 7 /INPUT 1 "BHOLD";
    .port_info 8 /INPUT 1 "CHOLD";
    .port_info 9 /INPUT 1 "DHOLD";
    .port_info 10 /INPUT 1 "IRSTTOP";
    .port_info 11 /INPUT 1 "IRSTBOT";
    .port_info 12 /INPUT 1 "ORSTTOP";
    .port_info 13 /INPUT 1 "ORSTBOT";
    .port_info 14 /INPUT 1 "OLOADTOP";
    .port_info 15 /INPUT 1 "OLOADBOT";
    .port_info 16 /INPUT 1 "ADDSUBTOP";
    .port_info 17 /INPUT 1 "ADDSUBBOT";
    .port_info 18 /INPUT 1 "OHOLDTOP";
    .port_info 19 /INPUT 1 "OHOLDBOT";
    .port_info 20 /INPUT 1 "CI";
    .port_info 21 /INPUT 1 "ACCUMCI";
    .port_info 22 /INPUT 1 "SIGNEXTIN";
    .port_info 23 /OUTPUT 32 "O";
    .port_info 24 /OUTPUT 1 "CO";
    .port_info 25 /OUTPUT 1 "ACCUMCO";
    .port_info 26 /OUTPUT 1 "SIGNEXTOUT";
P_0x5555636a3260 .param/l "A_REG" 0 2 3011, C4<0>;
P_0x5555636a32a0 .param/l "A_SIGNED" 0 2 3027, C4<0>;
P_0x5555636a32e0 .param/l "BOTADDSUB_CARRYSELECT" 0 2 3025, C4<00>;
P_0x5555636a3320 .param/l "BOTADDSUB_LOWERINPUT" 0 2 3023, C4<00>;
P_0x5555636a3360 .param/l "BOTADDSUB_UPPERINPUT" 0 2 3024, C4<0>;
P_0x5555636a33a0 .param/l "BOTOUTPUT_SELECT" 0 2 3022, C4<00>;
P_0x5555636a33e0 .param/l "BOT_8x8_MULT_REG" 0 2 3015, C4<0>;
P_0x5555636a3420 .param/l "B_REG" 0 2 3012, C4<0>;
P_0x5555636a3460 .param/l "B_SIGNED" 0 2 3028, C4<0>;
P_0x5555636a34a0 .param/l "C_REG" 0 2 3010, C4<0>;
P_0x5555636a34e0 .param/l "D_REG" 0 2 3013, C4<0>;
P_0x5555636a3520 .param/l "MODE_8x8" 0 2 3026, C4<0>;
P_0x5555636a3560 .param/l "NEG_TRIGGER" 0 2 3009, C4<0>;
P_0x5555636a35a0 .param/l "PIPELINE_16x16_MULT_REG1" 0 2 3016, C4<0>;
P_0x5555636a35e0 .param/l "PIPELINE_16x16_MULT_REG2" 0 2 3017, C4<0>;
P_0x5555636a3620 .param/l "TOPADDSUB_CARRYSELECT" 0 2 3021, C4<00>;
P_0x5555636a3660 .param/l "TOPADDSUB_LOWERINPUT" 0 2 3019, C4<00>;
P_0x5555636a36a0 .param/l "TOPADDSUB_UPPERINPUT" 0 2 3020, C4<0>;
P_0x5555636a36e0 .param/l "TOPOUTPUT_SELECT" 0 2 3018, C4<00>;
P_0x5555636a3720 .param/l "TOP_8x8_MULT_REG" 0 2 3014, C4<0>;
o0x7fda75de24c8 .functor BUFZ 1, C4<z>; HiZ drive
L_0x7fda75d90450 .functor BUFT 1, C4<0>, C4<0>, C4<0>, C4<0>;
L_0x555563885490 .functor XOR 1, o0x7fda75de24c8, L_0x7fda75d90450, C4<0>, C4<0>;
o0x7fda75de2408 .functor BUFZ 16, C4<zzzzzzzzzzzzzzzz>; HiZ drive
L_0x555563885580 .functor BUFZ 16, o0x7fda75de2408, C4<0000000000000000>, C4<0000000000000000>, C4<0000000000000000>;
o0x7fda75de21c8 .functor BUFZ 16, C4<zzzzzzzzzzzzzzzz>; HiZ drive
L_0x555563885620 .functor BUFZ 16, o0x7fda75de21c8, C4<0000000000000000>, C4<0000000000000000>, C4<0000000000000000>;
o0x7fda75de2348 .functor BUFZ 16, C4<zzzzzzzzzzzzzzzz>; HiZ drive
L_0x5555638856f0 .functor BUFZ 16, o0x7fda75de2348, C4<0000000000000000>, C4<0000000000000000>, C4<0000000000000000>;
o0x7fda75de2528 .functor BUFZ 16, C4<zzzzzzzzzzzzzzzz>; HiZ drive
L_0x5555638857f0 .functor BUFZ 16, o0x7fda75de2528, C4<0000000000000000>, C4<0000000000000000>, C4<0000000000000000>;
L_0x5555638866a0 .functor BUFZ 16, L_0x555563886230, C4<0000000000000000>, C4<0000000000000000>, C4<0000000000000000>;
L_0x555563886c70 .functor BUFZ 16, L_0x5555638865b0, C4<0000000000000000>, C4<0000000000000000>, C4<0000000000000000>;
L_0x555563886d30 .functor BUFZ 16, L_0x5555638869c0, C4<0000000000000000>, C4<0000000000000000>, C4<0000000000000000>;
L_0x555563886e40 .functor BUFZ 16, L_0x555563886ab0, C4<0000000000000000>, C4<0000000000000000>, C4<0000000000000000>;
L_0x555563887840 .functor BUFZ 32, L_0x555563888510, C4<00000000000000000000000000000000>, C4<00000000000000000000000000000000>, C4<00000000000000000000000000000000>;
L_0x555563888700 .functor BUFZ 16, v0x555563853130_0, C4<0000000000000000>, C4<0000000000000000>, C4<0000000000000000>;
L_0x555563888770 .functor BUFZ 16, L_0x555563885620, C4<0000000000000000>, C4<0000000000000000>, C4<0000000000000000>;
L_0x5555638893d0 .functor XOR 17, L_0x555563888cb0, L_0x5555638892e0, C4<00000000000000000>, C4<00000000000000000>;
o0x7fda75de2288 .functor BUFZ 1, C4<z>; HiZ drive
L_0x555563889580 .functor XOR 1, L_0x555563888850, o0x7fda75de2288, C4<0>, C4<0>;
L_0x5555638887e0 .functor XOR 16, L_0x555563888a00, L_0x5555638898a0, C4<0000000000000000>, C4<0000000000000000>;
L_0x555563889dc0 .functor BUFZ 16, L_0x555563889b30, C4<0000000000000000>, C4<0000000000000000>, C4<0000000000000000>;
L_0x55556388a080 .functor BUFZ 16, v0x555563853210_0, C4<0000000000000000>, C4<0000000000000000>, C4<0000000000000000>;
L_0x55556388a190 .functor BUFZ 16, L_0x5555638856f0, C4<0000000000000000>, C4<0000000000000000>, C4<0000000000000000>;
L_0x55556388ae30 .functor XOR 17, L_0x55556388a6b0, L_0x55556388abb0, C4<00000000000000000>, C4<00000000000000000>;
L_0x55556388aff0 .functor XOR 16, L_0x55556388a330, L_0x55556388b390, C4<0000000000000000>, C4<0000000000000000>;
L_0x55556388bd50 .functor BUFZ 16, L_0x55556388b8e0, C4<0000000000000000>, C4<0000000000000000>, C4<0000000000000000>;
v0x55556384b390_0 .net "A", 15 0, o0x7fda75de21c8;  0 drivers
o0x7fda75de21f8 .functor BUFZ 1, C4<z>; HiZ drive
v0x55556384b470_0 .net "ACCUMCI", 0 0, o0x7fda75de21f8;  0 drivers
v0x55556384b530_0 .net "ACCUMCO", 0 0, L_0x555563888850;  1 drivers
o0x7fda75de2258 .functor BUFZ 1, C4<z>; HiZ drive
v0x55556384b5d0_0 .net "ADDSUBBOT", 0 0, o0x7fda75de2258;  0 drivers
v0x55556384b690_0 .net "ADDSUBTOP", 0 0, o0x7fda75de2288;  0 drivers
o0x7fda75de22b8 .functor BUFZ 1, C4<z>; HiZ drive
v0x55556384b750_0 .net "AHOLD", 0 0, o0x7fda75de22b8;  0 drivers
v0x55556384b810_0 .net "Ah", 15 0, L_0x555563885a10;  1 drivers
v0x55556384b8f0_0 .net "Al", 15 0, L_0x555563885bf0;  1 drivers
v0x55556384b9d0_0 .net "B", 15 0, o0x7fda75de2348;  0 drivers
o0x7fda75de2378 .functor BUFZ 1, C4<z>; HiZ drive
v0x55556384bb40_0 .net "BHOLD", 0 0, o0x7fda75de2378;  0 drivers
v0x55556384bc00_0 .net "Bh", 15 0, L_0x555563885e80;  1 drivers
v0x55556384bce0_0 .net "Bl", 15 0, L_0x5555638860a0;  1 drivers
v0x55556384bdc0_0 .net "C", 15 0, o0x7fda75de2408;  0 drivers
o0x7fda75de2438 .functor BUFZ 1, C4<z>; HiZ drive
v0x55556384bea0_0 .net "CE", 0 0, o0x7fda75de2438;  0 drivers
o0x7fda75de2468 .functor BUFZ 1, C4<z>; HiZ drive
v0x55556384bf60_0 .net "CHOLD", 0 0, o0x7fda75de2468;  0 drivers
o0x7fda75de2498 .functor BUFZ 1, C4<z>; HiZ drive
v0x55556384c020_0 .net "CI", 0 0, o0x7fda75de2498;  0 drivers
v0x55556384c0e0_0 .net "CLK", 0 0, o0x7fda75de24c8;  0 drivers
v0x55556384c2b0_0 .net "CO", 0 0, L_0x555563889580;  1 drivers
v0x55556384c370_0 .net "D", 15 0, o0x7fda75de2528;  0 drivers
o0x7fda75de2558 .functor BUFZ 1, C4<z>; HiZ drive
v0x55556384c450_0 .net "DHOLD", 0 0, o0x7fda75de2558;  0 drivers
L_0x7fda75d909a8 .functor BUFT 1, C4<0>, C4<0>, C4<0>, C4<0>;
v0x55556384c510_0 .net "HCI", 0 0, L_0x7fda75d909a8;  1 drivers
o0x7fda75de25b8 .functor BUFZ 1, C4<z>; HiZ drive
v0x55556384c5d0_0 .net "IRSTBOT", 0 0, o0x7fda75de25b8;  0 drivers
o0x7fda75de25e8 .functor BUFZ 1, C4<z>; HiZ drive
v0x55556384c690_0 .net "IRSTTOP", 0 0, o0x7fda75de25e8;  0 drivers
L_0x7fda75d90ac8 .functor BUFT 1, C4<0>, C4<0>, C4<0>, C4<0>;
v0x55556384c750_0 .net "LCI", 0 0, L_0x7fda75d90ac8;  1 drivers
v0x55556384c810_0 .net "LCO", 0 0, L_0x55556388a230;  1 drivers
v0x55556384c8d0_0 .net "O", 31 0, L_0x55556388be10;  1 drivers
o0x7fda75de26a8 .functor BUFZ 1, C4<z>; HiZ drive
v0x55556384c9b0_0 .net "OHOLDBOT", 0 0, o0x7fda75de26a8;  0 drivers
o0x7fda75de26d8 .functor BUFZ 1, C4<z>; HiZ drive
v0x55556384ca70_0 .net "OHOLDTOP", 0 0, o0x7fda75de26d8;  0 drivers
o0x7fda75de2708 .functor BUFZ 1, C4<z>; HiZ drive
v0x55556384cb30_0 .net "OLOADBOT", 0 0, o0x7fda75de2708;  0 drivers
o0x7fda75de2738 .functor BUFZ 1, C4<z>; HiZ drive
v0x55556384cbf0_0 .net "OLOADTOP", 0 0, o0x7fda75de2738;  0 drivers
o0x7fda75de2768 .functor BUFZ 1, C4<z>; HiZ drive
v0x55556384ccb0_0 .net "ORSTBOT", 0 0, o0x7fda75de2768;  0 drivers
o0x7fda75de2798 .functor BUFZ 1, C4<z>; HiZ drive
v0x55556384cd70_0 .net "ORSTTOP", 0 0, o0x7fda75de2798;  0 drivers
v0x55556384ce30_0 .net "Oh", 15 0, L_0x555563889dc0;  1 drivers
v0x55556384d120_0 .net "Ol", 15 0, L_0x55556388bd50;  1 drivers
o0x7fda75de2828 .functor BUFZ 1, C4<z>; HiZ drive
v0x55556384d200_0 .net "SIGNEXTIN", 0 0, o0x7fda75de2828;  0 drivers
v0x55556384d2c0_0 .net "SIGNEXTOUT", 0 0, L_0x555563889e80;  1 drivers
v0x55556384d380_0 .net "XW", 15 0, L_0x555563888a00;  1 drivers
v0x55556384d460_0 .net "YZ", 15 0, L_0x55556388a330;  1 drivers
v0x55556384d540_0 .net/2u *"_ivl_0", 0 0, L_0x7fda75d90450;  1 drivers
v0x55556384d620_0 .net *"_ivl_100", 31 0, L_0x555563887fb0;  1 drivers
L_0x7fda75d90840 .functor BUFT 1, C4<0000000000000000>, C4<0>, C4<0>, C4<0>;
v0x55556384d700_0 .net *"_ivl_103", 15 0, L_0x7fda75d90840;  1 drivers
v0x55556384d7e0_0 .net *"_ivl_104", 31 0, L_0x5555638882d0;  1 drivers
v0x55556384d8c0_0 .net *"_ivl_106", 15 0, L_0x5555638881e0;  1 drivers
L_0x7fda75d90888 .functor BUFT 1, C4<0000000000000000>, C4<0>, C4<0>, C4<0>;
v0x55556384d9a0_0 .net *"_ivl_108", 15 0, L_0x7fda75d90888;  1 drivers
L_0x7fda75d90498 .functor BUFT 1, C4<00000000>, C4<0>, C4<0>, C4<0>;
v0x55556384da80_0 .net/2u *"_ivl_12", 7 0, L_0x7fda75d90498;  1 drivers
v0x55556384db60_0 .net *"_ivl_121", 16 0, L_0x555563888aa0;  1 drivers
L_0x7fda75d908d0 .functor BUFT 1, C4<0>, C4<0>, C4<0>, C4<0>;
v0x55556384dc40_0 .net *"_ivl_124", 0 0, L_0x7fda75d908d0;  1 drivers
v0x55556384dd20_0 .net *"_ivl_125", 16 0, L_0x555563888cb0;  1 drivers
L_0x7fda75d90918 .functor BUFT 1, C4<0>, C4<0>, C4<0>, C4<0>;
v0x55556384de00_0 .net *"_ivl_128", 0 0, L_0x7fda75d90918;  1 drivers
v0x55556384dee0_0 .net *"_ivl_129", 15 0, L_0x555563888df0;  1 drivers
v0x55556384dfc0_0 .net *"_ivl_131", 16 0, L_0x5555638892e0;  1 drivers
L_0x7fda75d90960 .functor BUFT 1, C4<0>, C4<0>, C4<0>, C4<0>;
v0x55556384e0a0_0 .net *"_ivl_134", 0 0, L_0x7fda75d90960;  1 drivers
v0x55556384e180_0 .net *"_ivl_135", 16 0, L_0x5555638893d0;  1 drivers
v0x55556384e260_0 .net *"_ivl_137", 16 0, L_0x5555638894e0;  1 drivers
L_0x7fda75d90be8 .functor BUFT 1, C4<00000000000000000>, C4<0>, C4<0>, C4<0>;
v0x55556384e340_0 .net *"_ivl_139", 16 0, L_0x7fda75d90be8;  1 drivers
v0x55556384e420_0 .net *"_ivl_143", 16 0, L_0x5555638891b0;  1 drivers
v0x55556384e500_0 .net *"_ivl_147", 15 0, L_0x5555638898a0;  1 drivers
v0x55556384e5e0_0 .net *"_ivl_149", 15 0, L_0x5555638887e0;  1 drivers
v0x55556384e6c0_0 .net *"_ivl_15", 7 0, L_0x5555638858f0;  1 drivers
v0x55556384e7a0_0 .net *"_ivl_168", 16 0, L_0x55556388a570;  1 drivers
L_0x7fda75d909f0 .functor BUFT 1, C4<0>, C4<0>, C4<0>, C4<0>;
v0x55556384e880_0 .net *"_ivl_171", 0 0, L_0x7fda75d909f0;  1 drivers
v0x55556384e960_0 .net *"_ivl_172", 16 0, L_0x55556388a6b0;  1 drivers
L_0x7fda75d90a38 .functor BUFT 1, C4<0>, C4<0>, C4<0>, C4<0>;
v0x55556384ea40_0 .net *"_ivl_175", 0 0, L_0x7fda75d90a38;  1 drivers
v0x55556384eb20_0 .net *"_ivl_176", 15 0, L_0x55556388a970;  1 drivers
v0x55556384ec00_0 .net *"_ivl_178", 16 0, L_0x55556388abb0;  1 drivers
L_0x7fda75d904e0 .functor BUFT 1, C4<00000000>, C4<0>, C4<0>, C4<0>;
v0x55556384ece0_0 .net/2u *"_ivl_18", 7 0, L_0x7fda75d904e0;  1 drivers
L_0x7fda75d90a80 .functor BUFT 1, C4<0>, C4<0>, C4<0>, C4<0>;
v0x55556384edc0_0 .net *"_ivl_181", 0 0, L_0x7fda75d90a80;  1 drivers
v0x55556384eea0_0 .net *"_ivl_182", 16 0, L_0x55556388ae30;  1 drivers
v0x55556384ef80_0 .net *"_ivl_184", 16 0, L_0x55556388a0f0;  1 drivers
L_0x7fda75d90c30 .functor BUFT 1, C4<00000000000000000>, C4<0>, C4<0>, C4<0>;
v0x55556384f060_0 .net *"_ivl_186", 16 0, L_0x7fda75d90c30;  1 drivers
v0x55556384f140_0 .net *"_ivl_190", 16 0, L_0x55556388b100;  1 drivers
v0x55556384f220_0 .net *"_ivl_192", 15 0, L_0x55556388b390;  1 drivers
v0x55556384f300_0 .net *"_ivl_194", 15 0, L_0x55556388aff0;  1 drivers
v0x55556384f3e0_0 .net *"_ivl_21", 7 0, L_0x555563885b50;  1 drivers
L_0x7fda75d90528 .functor BUFT 1, C4<00000000>, C4<0>, C4<0>, C4<0>;
v0x55556384f4c0_0 .net/2u *"_ivl_24", 7 0, L_0x7fda75d90528;  1 drivers
v0x55556384f5a0_0 .net *"_ivl_27", 7 0, L_0x555563885d90;  1 drivers
L_0x7fda75d90570 .functor BUFT 1, C4<00000000>, C4<0>, C4<0>, C4<0>;
v0x55556384f680_0 .net/2u *"_ivl_30", 7 0, L_0x7fda75d90570;  1 drivers
v0x55556384f760_0 .net *"_ivl_33", 7 0, L_0x555563886000;  1 drivers
L_0x7fda75d905b8 .functor BUFT 1, C4<00000000>, C4<0>, C4<0>, C4<0>;
v0x55556384f840_0 .net/2u *"_ivl_38", 7 0, L_0x7fda75d905b8;  1 drivers
v0x55556384f920_0 .net *"_ivl_41", 7 0, L_0x555563886370;  1 drivers
v0x55556384fa00_0 .net *"_ivl_42", 15 0, L_0x5555638864c0;  1 drivers
L_0x7fda75d90600 .functor BUFT 1, C4<00000000>, C4<0>, C4<0>, C4<0>;
v0x55556384fae0_0 .net/2u *"_ivl_46", 7 0, L_0x7fda75d90600;  1 drivers
v0x55556384fbc0_0 .net *"_ivl_49", 7 0, L_0x555563886710;  1 drivers
v0x55556384fca0_0 .net *"_ivl_50", 15 0, L_0x555563886800;  1 drivers
L_0x7fda75d90648 .functor BUFT 1, C4<00000000>, C4<0>, C4<0>, C4<0>;
v0x55556384fd80_0 .net/2u *"_ivl_64", 7 0, L_0x7fda75d90648;  1 drivers
L_0x7fda75d90690 .functor BUFT 1, C4<00000000>, C4<0>, C4<0>, C4<0>;
v0x55556384fe60_0 .net/2u *"_ivl_68", 7 0, L_0x7fda75d90690;  1 drivers
v0x55556384ff40_0 .net *"_ivl_72", 31 0, L_0x555563887220;  1 drivers
L_0x7fda75d906d8 .functor BUFT 1, C4<0000000000000000>, C4<0>, C4<0>, C4<0>;
v0x555563850020_0 .net *"_ivl_75", 15 0, L_0x7fda75d906d8;  1 drivers
v0x555563850100_0 .net *"_ivl_76", 31 0, L_0x555563887360;  1 drivers
L_0x7fda75d90720 .functor BUFT 1, C4<00000000>, C4<0>, C4<0>, C4<0>;
v0x5555638501e0_0 .net *"_ivl_79", 7 0, L_0x7fda75d90720;  1 drivers
v0x5555638502c0_0 .net *"_ivl_80", 31 0, L_0x5555638875a0;  1 drivers
v0x5555638503a0_0 .net *"_ivl_82", 23 0, L_0x555563887180;  1 drivers
L_0x7fda75d90768 .functor BUFT 1, C4<00000000>, C4<0>, C4<0>, C4<0>;
v0x555563850480_0 .net *"_ivl_84", 7 0, L_0x7fda75d90768;  1 drivers
v0x555563850560_0 .net *"_ivl_86", 31 0, L_0x5555638877a0;  1 drivers
v0x555563850640_0 .net *"_ivl_88", 31 0, L_0x555563887950;  1 drivers
L_0x7fda75d907b0 .functor BUFT 1, C4<00000000>, C4<0>, C4<0>, C4<0>;
v0x555563850720_0 .net *"_ivl_91", 7 0, L_0x7fda75d907b0;  1 drivers
v0x555563850800_0 .net *"_ivl_92", 31 0, L_0x555563887c50;  1 drivers
v0x5555638508e0_0 .net *"_ivl_94", 23 0, L_0x555563887b60;  1 drivers
L_0x7fda75d907f8 .functor BUFT 1, C4<00000000>, C4<0>, C4<0>, C4<0>;
v0x5555638509c0_0 .net *"_ivl_96", 7 0, L_0x7fda75d907f8;  1 drivers
v0x555563850aa0_0 .net *"_ivl_98", 31 0, L_0x555563887e70;  1 drivers
v0x555563850b80_0 .net "clock", 0 0, L_0x555563885490;  1 drivers
v0x555563850c40_0 .net "iA", 15 0, L_0x555563885620;  1 drivers
v0x555563850d20_0 .net "iB", 15 0, L_0x5555638856f0;  1 drivers
v0x555563850e00_0 .net "iC", 15 0, L_0x555563885580;  1 drivers
v0x555563850ee0_0 .net "iD", 15 0, L_0x5555638857f0;  1 drivers
v0x555563850fc0_0 .net "iF", 15 0, L_0x5555638866a0;  1 drivers
v0x5555638510a0_0 .net "iG", 15 0, L_0x555563886e40;  1 drivers
v0x555563851180_0 .net "iH", 31 0, L_0x555563887840;  1 drivers
v0x555563851260_0 .net "iJ", 15 0, L_0x555563886c70;  1 drivers
v0x555563851340_0 .net "iJ_e", 23 0, L_0x555563887040;  1 drivers
v0x555563851420_0 .net "iK", 15 0, L_0x555563886d30;  1 drivers
v0x555563851500_0 .net "iK_e", 23 0, L_0x555563886f00;  1 drivers
v0x5555638515e0_0 .net "iL", 31 0, L_0x555563888510;  1 drivers
v0x5555638516c0_0 .net "iP", 15 0, L_0x555563889b30;  1 drivers
v0x5555638517a0_0 .net "iQ", 15 0, v0x555563853130_0;  1 drivers
v0x555563851880_0 .net "iR", 15 0, L_0x55556388b8e0;  1 drivers
v0x555563851960_0 .net "iS", 15 0, v0x555563853210_0;  1 drivers
v0x555563851a40_0 .net "iW", 15 0, L_0x555563888700;  1 drivers
v0x555563851b20_0 .net "iX", 15 0, L_0x555563888770;  1 drivers
v0x555563851c00_0 .net "iY", 15 0, L_0x55556388a080;  1 drivers
v0x555563851ce0_0 .net "iZ", 15 0, L_0x55556388a190;  1 drivers
v0x555563851dc0_0 .net "p_Ah_Bh", 15 0, L_0x555563886230;  1 drivers
v0x555563851ea0_0 .net "p_Ah_Bl", 15 0, L_0x5555638869c0;  1 drivers
v0x555563851f80_0 .net "p_Al_Bh", 15 0, L_0x5555638865b0;  1 drivers
v0x555563852060_0 .net "p_Al_Bl", 15 0, L_0x555563886ab0;  1 drivers
v0x555563852140_0 .var "rA", 15 0;
v0x555563852220_0 .var "rB", 15 0;
v0x555563852300_0 .var "rC", 15 0;
v0x5555638523e0_0 .var "rD", 15 0;
v0x555563852cd0_0 .var "rF", 15 0;
v0x555563852db0_0 .var "rG", 15 0;
v0x555563852e90_0 .var "rH", 31 0;
v0x555563852f70_0 .var "rJ", 15 0;
v0x555563853050_0 .var "rK", 15 0;
v0x555563853130_0 .var "rQ", 15 0;
v0x555563853210_0 .var "rS", 15 0;
E_0x55556384b1c0 .event posedge, v0x55556384ccb0_0, v0x555563850b80_0;
E_0x55556384b240 .event posedge, v0x55556384cd70_0, v0x555563850b80_0;
E_0x55556384b2a0 .event posedge, v0x55556384c5d0_0, v0x555563850b80_0;
E_0x55556384b300 .event posedge, v0x55556384c690_0, v0x555563850b80_0;
L_0x5555638858f0 .part L_0x555563885620, 8, 8;
L_0x555563885a10 .concat [ 8 8 0 0], L_0x5555638858f0, L_0x7fda75d90498;
L_0x555563885b50 .part L_0x555563885620, 0, 8;
L_0x555563885bf0 .concat [ 8 8 0 0], L_0x555563885b50, L_0x7fda75d904e0;
L_0x555563885d90 .part L_0x5555638856f0, 8, 8;
L_0x555563885e80 .concat [ 8 8 0 0], L_0x555563885d90, L_0x7fda75d90528;
L_0x555563886000 .part L_0x5555638856f0, 0, 8;
L_0x5555638860a0 .concat [ 8 8 0 0], L_0x555563886000, L_0x7fda75d90570;
L_0x555563886230 .arith/mult 16, L_0x555563885a10, L_0x555563885e80;
L_0x555563886370 .part L_0x555563885bf0, 0, 8;
L_0x5555638864c0 .concat [ 8 8 0 0], L_0x555563886370, L_0x7fda75d905b8;
L_0x5555638865b0 .arith/mult 16, L_0x5555638864c0, L_0x555563885e80;
L_0x555563886710 .part L_0x5555638860a0, 0, 8;
L_0x555563886800 .concat [ 8 8 0 0], L_0x555563886710, L_0x7fda75d90600;
L_0x5555638869c0 .arith/mult 16, L_0x555563885a10, L_0x555563886800;
L_0x555563886ab0 .arith/mult 16, L_0x555563885bf0, L_0x5555638860a0;
L_0x555563886f00 .concat [ 16 8 0 0], L_0x555563886d30, L_0x7fda75d90648;
L_0x555563887040 .concat [ 16 8 0 0], L_0x555563886c70, L_0x7fda75d90690;
L_0x555563887220 .concat [ 16 16 0 0], L_0x555563886e40, L_0x7fda75d906d8;
L_0x555563887360 .concat [ 24 8 0 0], L_0x555563886f00, L_0x7fda75d90720;
L_0x555563887180 .part L_0x555563887360, 0, 24;
L_0x5555638875a0 .concat [ 8 24 0 0], L_0x7fda75d90768, L_0x555563887180;
L_0x5555638877a0 .arith/sum 32, L_0x555563887220, L_0x5555638875a0;
L_0x555563887950 .concat [ 24 8 0 0], L_0x555563887040, L_0x7fda75d907b0;
L_0x555563887b60 .part L_0x555563887950, 0, 24;
L_0x555563887c50 .concat [ 8 24 0 0], L_0x7fda75d907f8, L_0x555563887b60;
L_0x555563887e70 .arith/sum 32, L_0x5555638877a0, L_0x555563887c50;
L_0x555563887fb0 .concat [ 16 16 0 0], L_0x5555638866a0, L_0x7fda75d90840;
L_0x5555638881e0 .part L_0x555563887fb0, 0, 16;
L_0x5555638882d0 .concat [ 16 16 0 0], L_0x7fda75d90888, L_0x5555638881e0;
L_0x555563888510 .arith/sum 32, L_0x555563887e70, L_0x5555638882d0;
L_0x555563888850 .part L_0x5555638891b0, 16, 1;
L_0x555563888a00 .part L_0x5555638891b0, 0, 16;
L_0x555563888aa0 .concat [ 16 1 0 0], L_0x555563888770, L_0x7fda75d908d0;
L_0x555563888cb0 .concat [ 16 1 0 0], L_0x555563888700, L_0x7fda75d90918;
LS_0x555563888df0_0_0 .concat [ 1 1 1 1], o0x7fda75de2288, o0x7fda75de2288, o0x7fda75de2288, o0x7fda75de2288;
LS_0x555563888df0_0_4 .concat [ 1 1 1 1], o0x7fda75de2288, o0x7fda75de2288, o0x7fda75de2288, o0x7fda75de2288;
LS_0x555563888df0_0_8 .concat [ 1 1 1 1], o0x7fda75de2288, o0x7fda75de2288, o0x7fda75de2288, o0x7fda75de2288;
LS_0x555563888df0_0_12 .concat [ 1 1 1 1], o0x7fda75de2288, o0x7fda75de2288, o0x7fda75de2288, o0x7fda75de2288;
L_0x555563888df0 .concat [ 4 4 4 4], LS_0x555563888df0_0_0, LS_0x555563888df0_0_4, LS_0x555563888df0_0_8, LS_0x555563888df0_0_12;
L_0x5555638892e0 .concat [ 16 1 0 0], L_0x555563888df0, L_0x7fda75d90960;
L_0x5555638894e0 .arith/sum 17, L_0x555563888aa0, L_0x5555638893d0;
L_0x5555638891b0 .arith/sum 17, L_0x5555638894e0, L_0x7fda75d90be8;
LS_0x5555638898a0_0_0 .concat [ 1 1 1 1], o0x7fda75de2288, o0x7fda75de2288, o0x7fda75de2288, o0x7fda75de2288;
LS_0x5555638898a0_0_4 .concat [ 1 1 1 1], o0x7fda75de2288, o0x7fda75de2288, o0x7fda75de2288, o0x7fda75de2288;
LS_0x5555638898a0_0_8 .concat [ 1 1 1 1], o0x7fda75de2288, o0x7fda75de2288, o0x7fda75de2288, o0x7fda75de2288;
LS_0x5555638898a0_0_12 .concat [ 1 1 1 1], o0x7fda75de2288, o0x7fda75de2288, o0x7fda75de2288, o0x7fda75de2288;
L_0x5555638898a0 .concat [ 4 4 4 4], LS_0x5555638898a0_0_0, LS_0x5555638898a0_0_4, LS_0x5555638898a0_0_8, LS_0x5555638898a0_0_12;
L_0x555563889b30 .functor MUXZ 16, L_0x5555638887e0, L_0x555563885580, o0x7fda75de2738, C4<>;
L_0x555563889e80 .part L_0x555563888770, 15, 1;
L_0x55556388a230 .part L_0x55556388b100, 16, 1;
L_0x55556388a330 .part L_0x55556388b100, 0, 16;
L_0x55556388a570 .concat [ 16 1 0 0], L_0x55556388a190, L_0x7fda75d909f0;
L_0x55556388a6b0 .concat [ 16 1 0 0], L_0x55556388a080, L_0x7fda75d90a38;
LS_0x55556388a970_0_0 .concat [ 1 1 1 1], o0x7fda75de2258, o0x7fda75de2258, o0x7fda75de2258, o0x7fda75de2258;
LS_0x55556388a970_0_4 .concat [ 1 1 1 1], o0x7fda75de2258, o0x7fda75de2258, o0x7fda75de2258, o0x7fda75de2258;
LS_0x55556388a970_0_8 .concat [ 1 1 1 1], o0x7fda75de2258, o0x7fda75de2258, o0x7fda75de2258, o0x7fda75de2258;
LS_0x55556388a970_0_12 .concat [ 1 1 1 1], o0x7fda75de2258, o0x7fda75de2258, o0x7fda75de2258, o0x7fda75de2258;
L_0x55556388a970 .concat [ 4 4 4 4], LS_0x55556388a970_0_0, LS_0x55556388a970_0_4, LS_0x55556388a970_0_8, LS_0x55556388a970_0_12;
L_0x55556388abb0 .concat [ 16 1 0 0], L_0x55556388a970, L_0x7fda75d90a80;
L_0x55556388a0f0 .arith/sum 17, L_0x55556388a570, L_0x55556388ae30;
L_0x55556388b100 .arith/sum 17, L_0x55556388a0f0, L_0x7fda75d90c30;
LS_0x55556388b390_0_0 .concat [ 1 1 1 1], o0x7fda75de2258, o0x7fda75de2258, o0x7fda75de2258, o0x7fda75de2258;
LS_0x55556388b390_0_4 .concat [ 1 1 1 1], o0x7fda75de2258, o0x7fda75de2258, o0x7fda75de2258, o0x7fda75de2258;
LS_0x55556388b390_0_8 .concat [ 1 1 1 1], o0x7fda75de2258, o0x7fda75de2258, o0x7fda75de2258, o0x7fda75de2258;
LS_0x55556388b390_0_12 .concat [ 1 1 1 1], o0x7fda75de2258, o0x7fda75de2258, o0x7fda75de2258, o0x7fda75de2258;
L_0x55556388b390 .concat [ 4 4 4 4], LS_0x55556388b390_0_0, LS_0x55556388b390_0_4, LS_0x55556388b390_0_8, LS_0x55556388b390_0_12;
L_0x55556388b8e0 .functor MUXZ 16, L_0x55556388aff0, L_0x5555638857f0, o0x7fda75de2708, C4<>;
L_0x55556388be10 .concat [ 16 16 0 0], L_0x55556388bd50, L_0x555563889dc0;
S_0x5555637d4990 .scope module, "SB_PLL40_2F_CORE" "SB_PLL40_2F_CORE" 2 2521;
 .timescale -12 -12;
    .port_info 0 /INPUT 1 "REFERENCECLK";
    .port_info 1 /OUTPUT 1 "PLLOUTCOREA";
    .port_info 2 /OUTPUT 1 "PLLOUTGLOBALA";
    .port_info 3 /OUTPUT 1 "PLLOUTCOREB";
    .port_info 4 /OUTPUT 1 "PLLOUTGLOBALB";
    .port_info 5 /INPUT 1 "EXTFEEDBACK";
    .port_info 6 /INPUT 8 "DYNAMICDELAY";
    .port_info 7 /OUTPUT 1 "LOCK";
    .port_info 8 /INPUT 1 "BYPASS";
    .port_info 9 /INPUT 1 "RESETB";
    .port_info 10 /INPUT 1 "LATCHINPUTVALUE";
    .port_info 11 /OUTPUT 1 "SDO";
    .port_info 12 /INPUT 1 "SDI";
    .port_info 13 /INPUT 1 "SCLK";
P_0x5555635f0e20 .param/str "DELAY_ADJUSTMENT_MODE_FEEDBACK" 0 2 2538, "FIXED";
P_0x5555635f0e60 .param/str "DELAY_ADJUSTMENT_MODE_RELATIVE" 0 2 2539, "FIXED";
P_0x5555635f0ea0 .param/l "DIVF" 0 2 2546, C4<0000000>;
P_0x5555635f0ee0 .param/l "DIVQ" 0 2 2547, C4<000>;
P_0x5555635f0f20 .param/l "DIVR" 0 2 2545, C4<0000>;
P_0x5555635f0f60 .param/l "ENABLE_ICEGATE_PORTA" 0 2 2549, C4<0>;
P_0x5555635f0fa0 .param/l "ENABLE_ICEGATE_PORTB" 0 2 2550, C4<0>;
P_0x5555635f0fe0 .param/l "EXTERNAL_DIVIDE_FACTOR" 0 2 2552, +C4<00000000000000000000000000000001>;
P_0x5555635f1020 .param/l "FDA_FEEDBACK" 0 2 2541, C4<0000>;
P_0x5555635f1060 .param/l "FDA_RELATIVE" 0 2 2542, C4<0000>;
P_0x5555635f10a0 .param/str "FEEDBACK_PATH" 0 2 2537, "SIMPLE";
P_0x5555635f10e0 .param/l "FILTER_RANGE" 0 2 2548, C4<000>;
P_0x5555635f1120 .param/str "PLLOUT_SELECT_PORTA" 0 2 2543, "GENCLK";
P_0x5555635f1160 .param/str "PLLOUT_SELECT_PORTB" 0 2 2544, "GENCLK";
P_0x5555635f11a0 .param/l "SHIFTREG_DIV_MODE" 0 2 2540, C4<0>;
P_0x5555635f11e0 .param/l "TEST_MODE" 0 2 2551, C4<0>;
o0x7fda75de4058 .functor BUFZ 1, C4<z>; HiZ drive
v0x555563853730_0 .net "BYPASS", 0 0, o0x7fda75de4058;  0 drivers
o0x7fda75de4088 .functor BUFZ 8, C4<zzzzzzzz>; HiZ drive
v0x555563853810_0 .net "DYNAMICDELAY", 7 0, o0x7fda75de4088;  0 drivers
o0x7fda75de40b8 .functor BUFZ 1, C4<z>; HiZ drive
v0x5555638538f0_0 .net "EXTFEEDBACK", 0 0, o0x7fda75de40b8;  0 drivers
o0x7fda75de40e8 .functor BUFZ 1, C4<z>; HiZ drive
v0x555563853990_0 .net "LATCHINPUTVALUE", 0 0, o0x7fda75de40e8;  0 drivers
o0x7fda75de4118 .functor BUFZ 1, C4<z>; HiZ drive
v0x555563853a50_0 .net "LOCK", 0 0, o0x7fda75de4118;  0 drivers
o0x7fda75de4148 .functor BUFZ 1, C4<z>; HiZ drive
v0x555563853b10_0 .net "PLLOUTCOREA", 0 0, o0x7fda75de4148;  0 drivers
o0x7fda75de4178 .functor BUFZ 1, C4<z>; HiZ drive
v0x555563853bd0_0 .net "PLLOUTCOREB", 0 0, o0x7fda75de4178;  0 drivers
o0x7fda75de41a8 .functor BUFZ 1, C4<z>; HiZ drive
v0x555563853c90_0 .net "PLLOUTGLOBALA", 0 0, o0x7fda75de41a8;  0 drivers
o0x7fda75de41d8 .functor BUFZ 1, C4<z>; HiZ drive
v0x555563853d50_0 .net "PLLOUTGLOBALB", 0 0, o0x7fda75de41d8;  0 drivers
o0x7fda75de4208 .functor BUFZ 1, C4<z>; HiZ drive
v0x555563853e10_0 .net "REFERENCECLK", 0 0, o0x7fda75de4208;  0 drivers
o0x7fda75de4238 .functor BUFZ 1, C4<z>; HiZ drive
v0x555563853ed0_0 .net "RESETB", 0 0, o0x7fda75de4238;  0 drivers
o0x7fda75de4268 .functor BUFZ 1, C4<z>; HiZ drive
v0x555563853f90_0 .net "SCLK", 0 0, o0x7fda75de4268;  0 drivers
o0x7fda75de4298 .functor BUFZ 1, C4<z>; HiZ drive
v0x555563854050_0 .net "SDI", 0 0, o0x7fda75de4298;  0 drivers
o0x7fda75de42c8 .functor BUFZ 1, C4<z>; HiZ drive
v0x555563854110_0 .net "SDO", 0 0, o0x7fda75de42c8;  0 drivers
S_0x5555637b6de0 .scope module, "SB_PLL40_2F_PAD" "SB_PLL40_2F_PAD" 2 2556;
 .timescale -12 -12;
    .port_info 0 /INPUT 1 "PACKAGEPIN";
    .port_info 1 /OUTPUT 1 "PLLOUTCOREA";
    .port_info 2 /OUTPUT 1 "PLLOUTGLOBALA";
    .port_info 3 /OUTPUT 1 "PLLOUTCOREB";
    .port_info 4 /OUTPUT 1 "PLLOUTGLOBALB";
    .port_info 5 /INPUT 1 "EXTFEEDBACK";
    .port_info 6 /INPUT 8 "DYNAMICDELAY";
    .port_info 7 /OUTPUT 1 "LOCK";
    .port_info 8 /INPUT 1 "BYPASS";
    .port_info 9 /INPUT 1 "RESETB";
    .port_info 10 /INPUT 1 "LATCHINPUTVALUE";
    .port_info 11 /OUTPUT 1 "SDO";
    .port_info 12 /INPUT 1 "SDI";
    .port_info 13 /INPUT 1 "SCLK";
P_0x5555636a3ca0 .param/str "DELAY_ADJUSTMENT_MODE_FEEDBACK" 0 2 2573, "FIXED";
P_0x5555636a3ce0 .param/str "DELAY_ADJUSTMENT_MODE_RELATIVE" 0 2 2574, "FIXED";
P_0x5555636a3d20 .param/l "DIVF" 0 2 2581, C4<0000000>;
P_0x5555636a3d60 .param/l "DIVQ" 0 2 2582, C4<000>;
P_0x5555636a3da0 .param/l "DIVR" 0 2 2580, C4<0000>;
P_0x5555636a3de0 .param/l "ENABLE_ICEGATE_PORTA" 0 2 2584, C4<0>;
P_0x5555636a3e20 .param/l "ENABLE_ICEGATE_PORTB" 0 2 2585, C4<0>;
P_0x5555636a3e60 .param/l "EXTERNAL_DIVIDE_FACTOR" 0 2 2587, +C4<00000000000000000000000000000001>;
P_0x5555636a3ea0 .param/l "FDA_FEEDBACK" 0 2 2576, C4<0000>;
P_0x5555636a3ee0 .param/l "FDA_RELATIVE" 0 2 2577, C4<0000>;
P_0x5555636a3f20 .param/str "FEEDBACK_PATH" 0 2 2572, "SIMPLE";
P_0x5555636a3f60 .param/l "FILTER_RANGE" 0 2 2583, C4<000>;
P_0x5555636a3fa0 .param/str "PLLOUT_SELECT_PORTA" 0 2 2578, "GENCLK";
P_0x5555636a3fe0 .param/str "PLLOUT_SELECT_PORTB" 0 2 2579, "GENCLK";
P_0x5555636a4020 .param/l "SHIFTREG_DIV_MODE" 0 2 2575, C4<00>;
P_0x5555636a4060 .param/l "TEST_MODE" 0 2 2586, C4<0>;
o0x7fda75de4598 .functor BUFZ 1, C4<z>; HiZ drive
v0x555563854410_0 .net "BYPASS", 0 0, o0x7fda75de4598;  0 drivers
o0x7fda75de45c8 .functor BUFZ 8, C4<zzzzzzzz>; HiZ drive
v0x5555638544f0_0 .net "DYNAMICDELAY", 7 0, o0x7fda75de45c8;  0 drivers
o0x7fda75de45f8 .functor BUFZ 1, C4<z>; HiZ drive
v0x5555638545d0_0 .net "EXTFEEDBACK", 0 0, o0x7fda75de45f8;  0 drivers
o0x7fda75de4628 .functor BUFZ 1, C4<z>; HiZ drive
v0x555563854670_0 .net "LATCHINPUTVALUE", 0 0, o0x7fda75de4628;  0 drivers
o0x7fda75de4658 .functor BUFZ 1, C4<z>; HiZ drive
v0x555563854730_0 .net "LOCK", 0 0, o0x7fda75de4658;  0 drivers
o0x7fda75de4688 .functor BUFZ 1, C4<z>; HiZ drive
v0x5555638547f0_0 .net "PACKAGEPIN", 0 0, o0x7fda75de4688;  0 drivers
o0x7fda75de46b8 .functor BUFZ 1, C4<z>; HiZ drive
v0x5555638548b0_0 .net "PLLOUTCOREA", 0 0, o0x7fda75de46b8;  0 drivers
o0x7fda75de46e8 .functor BUFZ 1, C4<z>; HiZ drive
v0x555563854970_0 .net "PLLOUTCOREB", 0 0, o0x7fda75de46e8;  0 drivers
o0x7fda75de4718 .functor BUFZ 1, C4<z>; HiZ drive
v0x555563854a30_0 .net "PLLOUTGLOBALA", 0 0, o0x7fda75de4718;  0 drivers
o0x7fda75de4748 .functor BUFZ 1, C4<z>; HiZ drive
v0x555563854b80_0 .net "PLLOUTGLOBALB", 0 0, o0x7fda75de4748;  0 drivers
o0x7fda75de4778 .functor BUFZ 1, C4<z>; HiZ drive
v0x555563854c40_0 .net "RESETB", 0 0, o0x7fda75de4778;  0 drivers
o0x7fda75de47a8 .functor BUFZ 1, C4<z>; HiZ drive
v0x555563854d00_0 .net "SCLK", 0 0, o0x7fda75de47a8;  0 drivers
o0x7fda75de47d8 .functor BUFZ 1, C4<z>; HiZ drive
v0x555563854dc0_0 .net "SDI", 0 0, o0x7fda75de47d8;  0 drivers
o0x7fda75de4808 .functor BUFZ 1, C4<z>; HiZ drive
v0x555563854e80_0 .net "SDO", 0 0, o0x7fda75de4808;  0 drivers
S_0x5555637b2f30 .scope module, "SB_PLL40_2_PAD" "SB_PLL40_2_PAD" 2 2487;
 .timescale -12 -12;
    .port_info 0 /INPUT 1 "PACKAGEPIN";
    .port_info 1 /OUTPUT 1 "PLLOUTCOREA";
    .port_info 2 /OUTPUT 1 "PLLOUTGLOBALA";
    .port_info 3 /OUTPUT 1 "PLLOUTCOREB";
    .port_info 4 /OUTPUT 1 "PLLOUTGLOBALB";
    .port_info 5 /INPUT 1 "EXTFEEDBACK";
    .port_info 6 /INPUT 8 "DYNAMICDELAY";
    .port_info 7 /OUTPUT 1 "LOCK";
    .port_info 8 /INPUT 1 "BYPASS";
    .port_info 9 /INPUT 1 "RESETB";
    .port_info 10 /INPUT 1 "LATCHINPUTVALUE";
    .port_info 11 /OUTPUT 1 "SDO";
    .port_info 12 /INPUT 1 "SDI";
    .port_info 13 /INPUT 1 "SCLK";
P_0x5555636afa20 .param/str "DELAY_ADJUSTMENT_MODE_FEEDBACK" 0 2 2504, "FIXED";
P_0x5555636afa60 .param/str "DELAY_ADJUSTMENT_MODE_RELATIVE" 0 2 2505, "FIXED";
P_0x5555636afaa0 .param/l "DIVF" 0 2 2511, C4<0000000>;
P_0x5555636afae0 .param/l "DIVQ" 0 2 2512, C4<000>;
P_0x5555636afb20 .param/l "DIVR" 0 2 2510, C4<0000>;
P_0x5555636afb60 .param/l "ENABLE_ICEGATE_PORTA" 0 2 2514, C4<0>;
P_0x5555636afba0 .param/l "ENABLE_ICEGATE_PORTB" 0 2 2515, C4<0>;
P_0x5555636afbe0 .param/l "EXTERNAL_DIVIDE_FACTOR" 0 2 2517, +C4<00000000000000000000000000000001>;
P_0x5555636afc20 .param/l "FDA_FEEDBACK" 0 2 2507, C4<0000>;
P_0x5555636afc60 .param/l "FDA_RELATIVE" 0 2 2508, C4<0000>;
P_0x5555636afca0 .param/str "FEEDBACK_PATH" 0 2 2503, "SIMPLE";
P_0x5555636afce0 .param/l "FILTER_RANGE" 0 2 2513, C4<000>;
P_0x5555636afd20 .param/str "PLLOUT_SELECT_PORTB" 0 2 2509, "GENCLK";
P_0x5555636afd60 .param/l "SHIFTREG_DIV_MODE" 0 2 2506, C4<0>;
P_0x5555636afda0 .param/l "TEST_MODE" 0 2 2516, C4<0>;
o0x7fda75de4ad8 .functor BUFZ 1, C4<z>; HiZ drive
v0x555563855100_0 .net "BYPASS", 0 0, o0x7fda75de4ad8;  0 drivers
o0x7fda75de4b08 .functor BUFZ 8, C4<zzzzzzzz>; HiZ drive
v0x5555638551e0_0 .net "DYNAMICDELAY", 7 0, o0x7fda75de4b08;  0 drivers
o0x7fda75de4b38 .functor BUFZ 1, C4<z>; HiZ drive
v0x5555638552c0_0 .net "EXTFEEDBACK", 0 0, o0x7fda75de4b38;  0 drivers
o0x7fda75de4b68 .functor BUFZ 1, C4<z>; HiZ drive
v0x555563855360_0 .net "LATCHINPUTVALUE", 0 0, o0x7fda75de4b68;  0 drivers
o0x7fda75de4b98 .functor BUFZ 1, C4<z>; HiZ drive
v0x555563855420_0 .net "LOCK", 0 0, o0x7fda75de4b98;  0 drivers
o0x7fda75de4bc8 .functor BUFZ 1, C4<z>; HiZ drive
v0x5555638554e0_0 .net "PACKAGEPIN", 0 0, o0x7fda75de4bc8;  0 drivers
o0x7fda75de4bf8 .functor BUFZ 1, C4<z>; HiZ drive
v0x5555638555a0_0 .net "PLLOUTCOREA", 0 0, o0x7fda75de4bf8;  0 drivers
o0x7fda75de4c28 .functor BUFZ 1, C4<z>; HiZ drive
v0x555563855660_0 .net "PLLOUTCOREB", 0 0, o0x7fda75de4c28;  0 drivers
o0x7fda75de4c58 .functor BUFZ 1, C4<z>; HiZ drive
v0x555563855720_0 .net "PLLOUTGLOBALA", 0 0, o0x7fda75de4c58;  0 drivers
o0x7fda75de4c88 .functor BUFZ 1, C4<z>; HiZ drive
v0x555563855870_0 .net "PLLOUTGLOBALB", 0 0, o0x7fda75de4c88;  0 drivers
o0x7fda75de4cb8 .functor BUFZ 1, C4<z>; HiZ drive
v0x555563855930_0 .net "RESETB", 0 0, o0x7fda75de4cb8;  0 drivers
o0x7fda75de4ce8 .functor BUFZ 1, C4<z>; HiZ drive
v0x5555638559f0_0 .net "SCLK", 0 0, o0x7fda75de4ce8;  0 drivers
o0x7fda75de4d18 .functor BUFZ 1, C4<z>; HiZ drive
v0x555563855ab0_0 .net "SDI", 0 0, o0x7fda75de4d18;  0 drivers
o0x7fda75de4d48 .functor BUFZ 1, C4<z>; HiZ drive
v0x555563855b70_0 .net "SDO", 0 0, o0x7fda75de4d48;  0 drivers
S_0x5555637af250 .scope module, "SB_PLL40_CORE" "SB_PLL40_CORE" 2 2425;
 .timescale -12 -12;
    .port_info 0 /INPUT 1 "REFERENCECLK";
    .port_info 1 /OUTPUT 1 "PLLOUTCORE";
    .port_info 2 /OUTPUT 1 "PLLOUTGLOBAL";
    .port_info 3 /INPUT 1 "EXTFEEDBACK";
    .port_info 4 /INPUT 8 "DYNAMICDELAY";
    .port_info 5 /OUTPUT 1 "LOCK";
    .port_info 6 /INPUT 1 "BYPASS";
    .port_info 7 /INPUT 1 "RESETB";
    .port_info 8 /INPUT 1 "LATCHINPUTVALUE";
    .port_info 9 /OUTPUT 1 "SDO";
    .port_info 10 /INPUT 1 "SDI";
    .port_info 11 /INPUT 1 "SCLK";
P_0x5555636bafb0 .param/str "DELAY_ADJUSTMENT_MODE_FEEDBACK" 0 2 2440, "FIXED";
P_0x5555636baff0 .param/str "DELAY_ADJUSTMENT_MODE_RELATIVE" 0 2 2441, "FIXED";
P_0x5555636bb030 .param/l "DIVF" 0 2 2447, C4<0000000>;
P_0x5555636bb070 .param/l "DIVQ" 0 2 2448, C4<000>;
P_0x5555636bb0b0 .param/l "DIVR" 0 2 2446, C4<0000>;
P_0x5555636bb0f0 .param/l "ENABLE_ICEGATE" 0 2 2450, C4<0>;
P_0x5555636bb130 .param/l "EXTERNAL_DIVIDE_FACTOR" 0 2 2452, +C4<00000000000000000000000000000001>;
P_0x5555636bb170 .param/l "FDA_FEEDBACK" 0 2 2443, C4<0000>;
P_0x5555636bb1b0 .param/l "FDA_RELATIVE" 0 2 2444, C4<0000>;
P_0x5555636bb1f0 .param/str "FEEDBACK_PATH" 0 2 2439, "SIMPLE";
P_0x5555636bb230 .param/l "FILTER_RANGE" 0 2 2449, C4<000>;
P_0x5555636bb270 .param/str "PLLOUT_SELECT" 0 2 2445, "GENCLK";
P_0x5555636bb2b0 .param/l "SHIFTREG_DIV_MODE" 0 2 2442, C4<0>;
P_0x5555636bb2f0 .param/l "TEST_MODE" 0 2 2451, C4<0>;
o0x7fda75de5018 .functor BUFZ 1, C4<z>; HiZ drive
v0x555563855df0_0 .net "BYPASS", 0 0, o0x7fda75de5018;  0 drivers
o0x7fda75de5048 .functor BUFZ 8, C4<zzzzzzzz>; HiZ drive
v0x555563855ed0_0 .net "DYNAMICDELAY", 7 0, o0x7fda75de5048;  0 drivers
o0x7fda75de5078 .functor BUFZ 1, C4<z>; HiZ drive
v0x555563855fb0_0 .net "EXTFEEDBACK", 0 0, o0x7fda75de5078;  0 drivers
o0x7fda75de50a8 .functor BUFZ 1, C4<z>; HiZ drive
v0x555563856050_0 .net "LATCHINPUTVALUE", 0 0, o0x7fda75de50a8;  0 drivers
o0x7fda75de50d8 .functor BUFZ 1, C4<z>; HiZ drive
v0x555563856110_0 .net "LOCK", 0 0, o0x7fda75de50d8;  0 drivers
o0x7fda75de5108 .functor BUFZ 1, C4<z>; HiZ drive
v0x5555638561d0_0 .net "PLLOUTCORE", 0 0, o0x7fda75de5108;  0 drivers
o0x7fda75de5138 .functor BUFZ 1, C4<z>; HiZ drive
v0x555563856290_0 .net "PLLOUTGLOBAL", 0 0, o0x7fda75de5138;  0 drivers
o0x7fda75de5168 .functor BUFZ 1, C4<z>; HiZ drive
v0x555563856350_0 .net "REFERENCECLK", 0 0, o0x7fda75de5168;  0 drivers
o0x7fda75de5198 .functor BUFZ 1, C4<z>; HiZ drive
v0x555563856410_0 .net "RESETB", 0 0, o0x7fda75de5198;  0 drivers
o0x7fda75de51c8 .functor BUFZ 1, C4<z>; HiZ drive
v0x555563856560_0 .net "SCLK", 0 0, o0x7fda75de51c8;  0 drivers
o0x7fda75de51f8 .functor BUFZ 1, C4<z>; HiZ drive
v0x555563856620_0 .net "SDI", 0 0, o0x7fda75de51f8;  0 drivers
o0x7fda75de5228 .functor BUFZ 1, C4<z>; HiZ drive
v0x5555638566e0_0 .net "SDO", 0 0, o0x7fda75de5228;  0 drivers
S_0x5555637bb2d0 .scope module, "SB_PLL40_PAD" "SB_PLL40_PAD" 2 2456;
 .timescale -12 -12;
    .port_info 0 /INPUT 1 "PACKAGEPIN";
    .port_info 1 /OUTPUT 1 "PLLOUTCORE";
    .port_info 2 /OUTPUT 1 "PLLOUTGLOBAL";
    .port_info 3 /INPUT 1 "EXTFEEDBACK";
    .port_info 4 /INPUT 8 "DYNAMICDELAY";
    .port_info 5 /OUTPUT 1 "LOCK";
    .port_info 6 /INPUT 1 "BYPASS";
    .port_info 7 /INPUT 1 "RESETB";
    .port_info 8 /INPUT 1 "LATCHINPUTVALUE";
    .port_info 9 /OUTPUT 1 "SDO";
    .port_info 10 /INPUT 1 "SDI";
    .port_info 11 /INPUT 1 "SCLK";
P_0x555563616e90 .param/str "DELAY_ADJUSTMENT_MODE_FEEDBACK" 0 2 2471, "FIXED";
P_0x555563616ed0 .param/str "DELAY_ADJUSTMENT_MODE_RELATIVE" 0 2 2472, "FIXED";
P_0x555563616f10 .param/l "DIVF" 0 2 2478, C4<0000000>;
P_0x555563616f50 .param/l "DIVQ" 0 2 2479, C4<000>;
P_0x555563616f90 .param/l "DIVR" 0 2 2477, C4<0000>;
P_0x555563616fd0 .param/l "ENABLE_ICEGATE" 0 2 2481, C4<0>;
P_0x555563617010 .param/l "EXTERNAL_DIVIDE_FACTOR" 0 2 2483, +C4<00000000000000000000000000000001>;
P_0x555563617050 .param/l "FDA_FEEDBACK" 0 2 2474, C4<0000>;
P_0x555563617090 .param/l "FDA_RELATIVE" 0 2 2475, C4<0000>;
P_0x5555636170d0 .param/str "FEEDBACK_PATH" 0 2 2470, "SIMPLE";
P_0x555563617110 .param/l "FILTER_RANGE" 0 2 2480, C4<000>;
P_0x555563617150 .param/str "PLLOUT_SELECT" 0 2 2476, "GENCLK";
P_0x555563617190 .param/l "SHIFTREG_DIV_MODE" 0 2 2473, C4<0>;
P_0x5555636171d0 .param/l "TEST_MODE" 0 2 2482, C4<0>;
o0x7fda75de5498 .functor BUFZ 1, C4<z>; HiZ drive
v0x555563856920_0 .net "BYPASS", 0 0, o0x7fda75de5498;  0 drivers
o0x7fda75de54c8 .functor BUFZ 8, C4<zzzzzzzz>; HiZ drive
v0x555563856a00_0 .net "DYNAMICDELAY", 7 0, o0x7fda75de54c8;  0 drivers
o0x7fda75de54f8 .functor BUFZ 1, C4<z>; HiZ drive
v0x555563856ae0_0 .net "EXTFEEDBACK", 0 0, o0x7fda75de54f8;  0 drivers
o0x7fda75de5528 .functor BUFZ 1, C4<z>; HiZ drive
v0x555563856b80_0 .net "LATCHINPUTVALUE", 0 0, o0x7fda75de5528;  0 drivers
o0x7fda75de5558 .functor BUFZ 1, C4<z>; HiZ drive
v0x555563856c40_0 .net "LOCK", 0 0, o0x7fda75de5558;  0 drivers
o0x7fda75de5588 .functor BUFZ 1, C4<z>; HiZ drive
v0x555563856d00_0 .net "PACKAGEPIN", 0 0, o0x7fda75de5588;  0 drivers
o0x7fda75de55b8 .functor BUFZ 1, C4<z>; HiZ drive
v0x555563856dc0_0 .net "PLLOUTCORE", 0 0, o0x7fda75de55b8;  0 drivers
o0x7fda75de55e8 .functor BUFZ 1, C4<z>; HiZ drive
v0x555563856e80_0 .net "PLLOUTGLOBAL", 0 0, o0x7fda75de55e8;  0 drivers
o0x7fda75de5618 .functor BUFZ 1, C4<z>; HiZ drive
v0x555563856f40_0 .net "RESETB", 0 0, o0x7fda75de5618;  0 drivers
o0x7fda75de5648 .functor BUFZ 1, C4<z>; HiZ drive
v0x555563857090_0 .net "SCLK", 0 0, o0x7fda75de5648;  0 drivers
o0x7fda75de5678 .functor BUFZ 1, C4<z>; HiZ drive
v0x555563857150_0 .net "SDI", 0 0, o0x7fda75de5678;  0 drivers
o0x7fda75de56a8 .functor BUFZ 1, C4<z>; HiZ drive
v0x555563857210_0 .net "SDO", 0 0, o0x7fda75de56a8;  0 drivers
S_0x5555637997e0 .scope module, "SB_RAM40_4KNR" "SB_RAM40_4KNR" 2 1726;
 .timescale -12 -12;
    .port_info 0 /OUTPUT 16 "RDATA";
    .port_info 1 /INPUT 1 "RCLKN";
    .port_info 2 /INPUT 1 "RCLKE";
    .port_info 3 /INPUT 1 "RE";
    .port_info 4 /INPUT 11 "RADDR";
    .port_info 5 /INPUT 1 "WCLK";
    .port_info 6 /INPUT 1 "WCLKE";
    .port_info 7 /INPUT 1 "WE";
    .port_info 8 /INPUT 11 "WADDR";
    .port_info 9 /INPUT 16 "MASK";
    .port_info 10 /INPUT 16 "WDATA";
P_0x5555636fe280 .param/l "INIT_0" 0 2 1742, C4<0000000000000000000000000000000000000000000000000000000000000000000000000000000000000000000000000000000000000000000000000000000000000000000000000000000000000000000000000000000000000000000000000000000000000000000000000000000000000000000000000000000000000000>;
P_0x5555636fe2c0 .param/l "INIT_1" 0 2 1743, C4<0000000000000000000000000000000000000000000000000000000000000000000000000000000000000000000000000000000000000000000000000000000000000000000000000000000000000000000000000000000000000000000000000000000000000000000000000000000000000000000000000000000000000000>;
P_0x5555636fe300 .param/l "INIT_2" 0 2 1744, C4<0000000000000000000000000000000000000000000000000000000000000000000000000000000000000000000000000000000000000000000000000000000000000000000000000000000000000000000000000000000000000000000000000000000000000000000000000000000000000000000000000000000000000000>;
P_0x5555636fe340 .param/l "INIT_3" 0 2 1745, C4<0000000000000000000000000000000000000000000000000000000000000000000000000000000000000000000000000000000000000000000000000000000000000000000000000000000000000000000000000000000000000000000000000000000000000000000000000000000000000000000000000000000000000000>;
P_0x5555636fe380 .param/l "INIT_4" 0 2 1746, C4<0000000000000000000000000000000000000000000000000000000000000000000000000000000000000000000000000000000000000000000000000000000000000000000000000000000000000000000000000000000000000000000000000000000000000000000000000000000000000000000000000000000000000000>;
P_0x5555636fe3c0 .param/l "INIT_5" 0 2 1747, C4<0000000000000000000000000000000000000000000000000000000000000000000000000000000000000000000000000000000000000000000000000000000000000000000000000000000000000000000000000000000000000000000000000000000000000000000000000000000000000000000000000000000000000000>;
P_0x5555636fe400 .param/l "INIT_6" 0 2 1748, C4<0000000000000000000000000000000000000000000000000000000000000000000000000000000000000000000000000000000000000000000000000000000000000000000000000000000000000000000000000000000000000000000000000000000000000000000000000000000000000000000000000000000000000000>;
P_0x5555636fe440 .param/l "INIT_7" 0 2 1749, C4<0000000000000000000000000000000000000000000000000000000000000000000000000000000000000000000000000000000000000000000000000000000000000000000000000000000000000000000000000000000000000000000000000000000000000000000000000000000000000000000000000000000000000000>;
P_0x5555636fe480 .param/l "INIT_8" 0 2 1750, C4<0000000000000000000000000000000000000000000000000000000000000000000000000000000000000000000000000000000000000000000000000000000000000000000000000000000000000000000000000000000000000000000000000000000000000000000000000000000000000000000000000000000000000000>;
P_0x5555636fe4c0 .param/l "INIT_9" 0 2 1751, C4<0000000000000000000000000000000000000000000000000000000000000000000000000000000000000000000000000000000000000000000000000000000000000000000000000000000000000000000000000000000000000000000000000000000000000000000000000000000000000000000000000000000000000000>;
P_0x5555636fe500 .param/l "INIT_A" 0 2 1752, C4<0000000000000000000000000000000000000000000000000000000000000000000000000000000000000000000000000000000000000000000000000000000000000000000000000000000000000000000000000000000000000000000000000000000000000000000000000000000000000000000000000000000000000000>;
P_0x5555636fe540 .param/l "INIT_B" 0 2 1753, C4<0000000000000000000000000000000000000000000000000000000000000000000000000000000000000000000000000000000000000000000000000000000000000000000000000000000000000000000000000000000000000000000000000000000000000000000000000000000000000000000000000000000000000000>;
P_0x5555636fe580 .param/l "INIT_C" 0 2 1754, C4<0000000000000000000000000000000000000000000000000000000000000000000000000000000000000000000000000000000000000000000000000000000000000000000000000000000000000000000000000000000000000000000000000000000000000000000000000000000000000000000000000000000000000000>;
P_0x5555636fe5c0 .param/l "INIT_D" 0 2 1755, C4<0000000000000000000000000000000000000000000000000000000000000000000000000000000000000000000000000000000000000000000000000000000000000000000000000000000000000000000000000000000000000000000000000000000000000000000000000000000000000000000000000000000000000000>;
P_0x5555636fe600 .param/l "INIT_E" 0 2 1756, C4<0000000000000000000000000000000000000000000000000000000000000000000000000000000000000000000000000000000000000000000000000000000000000000000000000000000000000000000000000000000000000000000000000000000000000000000000000000000000000000000000000000000000000000>;
P_0x5555636fe640 .param/l "INIT_F" 0 2 1757, C4<0000000000000000000000000000000000000000000000000000000000000000000000000000000000000000000000000000000000000000000000000000000000000000000000000000000000000000000000000000000000000000000000000000000000000000000000000000000000000000000000000000000000000000>;
P_0x5555636fe680 .param/str "INIT_FILE" 0 2 1759, "\000";
P_0x5555636fe6c0 .param/l "READ_MODE" 0 2 1740, +C4<00000000000000000000000000000000>;
P_0x5555636fe700 .param/l "WRITE_MODE" 0 2 1739, +C4<00000000000000000000000000000000>;
o0x7fda75de5e28 .functor BUFZ 1, C4<z>; HiZ drive
L_0x55556388c190 .functor NOT 1, o0x7fda75de5e28, C4<0>, C4<0>, C4<0>;
o0x7fda75de5918 .functor BUFZ 16, C4<zzzzzzzzzzzzzzzz>; HiZ drive
v0x55556385ace0_0 .net "MASK", 15 0, o0x7fda75de5918;  0 drivers
o0x7fda75de5948 .functor BUFZ 11, C4<zzzzzzzzzzz>; HiZ drive
v0x55556385adc0_0 .net "RADDR", 10 0, o0x7fda75de5948;  0 drivers
o0x7fda75de59a8 .functor BUFZ 1, C4<z>; HiZ drive
v0x55556385ae90_0 .net "RCLKE", 0 0, o0x7fda75de59a8;  0 drivers
v0x55556385af90_0 .net "RCLKN", 0 0, o0x7fda75de5e28;  0 drivers
v0x55556385b030_0 .net "RDATA", 15 0, L_0x55556388c0d0;  1 drivers
o0x7fda75de5a38 .functor BUFZ 1, C4<z>; HiZ drive
v0x55556385b0d0_0 .net "RE", 0 0, o0x7fda75de5a38;  0 drivers
o0x7fda75de5a98 .functor BUFZ 11, C4<zzzzzzzzzzz>; HiZ drive
v0x55556385b1a0_0 .net "WADDR", 10 0, o0x7fda75de5a98;  0 drivers
o0x7fda75de5ac8 .functor BUFZ 1, C4<z>; HiZ drive
v0x55556385b270_0 .net "WCLK", 0 0, o0x7fda75de5ac8;  0 drivers
o0x7fda75de5af8 .functor BUFZ 1, C4<z>; HiZ drive
v0x55556385b340_0 .net "WCLKE", 0 0, o0x7fda75de5af8;  0 drivers
o0x7fda75de5b28 .functor BUFZ 16, C4<zzzzzzzzzzzzzzzz>; HiZ drive
v0x55556385b410_0 .net "WDATA", 15 0, o0x7fda75de5b28;  0 drivers
o0x7fda75de5b88 .functor BUFZ 1, C4<z>; HiZ drive
v0x55556385b4e0_0 .net "WE", 0 0, o0x7fda75de5b88;  0 drivers
S_0x555563857450 .scope module, "RAM" "SB_RAM40_4K" 2 1781, 2 1487 0, S_0x5555637997e0;
 .timescale -12 -12;
    .port_info 0 /OUTPUT 16 "RDATA";
    .port_info 1 /INPUT 1 "RCLK";
    .port_info 2 /INPUT 1 "RCLKE";
    .port_info 3 /INPUT 1 "RE";
    .port_info 4 /INPUT 11 "RADDR";
    .port_info 5 /INPUT 1 "WCLK";
    .port_info 6 /INPUT 1 "WCLKE";
    .port_info 7 /INPUT 1 "WE";
    .port_info 8 /INPUT 11 "WADDR";
    .port_info 9 /INPUT 16 "MASK";
    .port_info 10 /INPUT 16 "WDATA";
P_0x555563857600 .param/l "INIT_0" 0 2 1507, C4<0000000000000000000000000000000000000000000000000000000000000000000000000000000000000000000000000000000000000000000000000000000000000000000000000000000000000000000000000000000000000000000000000000000000000000000000000000000000000000000000000000000000000000>;
P_0x555563857640 .param/l "INIT_1" 0 2 1508, C4<0000000000000000000000000000000000000000000000000000000000000000000000000000000000000000000000000000000000000000000000000000000000000000000000000000000000000000000000000000000000000000000000000000000000000000000000000000000000000000000000000000000000000000>;
P_0x555563857680 .param/l "INIT_2" 0 2 1509, C4<0000000000000000000000000000000000000000000000000000000000000000000000000000000000000000000000000000000000000000000000000000000000000000000000000000000000000000000000000000000000000000000000000000000000000000000000000000000000000000000000000000000000000000>;
P_0x5555638576c0 .param/l "INIT_3" 0 2 1510, C4<0000000000000000000000000000000000000000000000000000000000000000000000000000000000000000000000000000000000000000000000000000000000000000000000000000000000000000000000000000000000000000000000000000000000000000000000000000000000000000000000000000000000000000>;
P_0x555563857700 .param/l "INIT_4" 0 2 1511, C4<0000000000000000000000000000000000000000000000000000000000000000000000000000000000000000000000000000000000000000000000000000000000000000000000000000000000000000000000000000000000000000000000000000000000000000000000000000000000000000000000000000000000000000>;
P_0x555563857740 .param/l "INIT_5" 0 2 1512, C4<0000000000000000000000000000000000000000000000000000000000000000000000000000000000000000000000000000000000000000000000000000000000000000000000000000000000000000000000000000000000000000000000000000000000000000000000000000000000000000000000000000000000000000>;
P_0x555563857780 .param/l "INIT_6" 0 2 1513, C4<0000000000000000000000000000000000000000000000000000000000000000000000000000000000000000000000000000000000000000000000000000000000000000000000000000000000000000000000000000000000000000000000000000000000000000000000000000000000000000000000000000000000000000>;
P_0x5555638577c0 .param/l "INIT_7" 0 2 1514, C4<0000000000000000000000000000000000000000000000000000000000000000000000000000000000000000000000000000000000000000000000000000000000000000000000000000000000000000000000000000000000000000000000000000000000000000000000000000000000000000000000000000000000000000>;
P_0x555563857800 .param/l "INIT_8" 0 2 1515, C4<0000000000000000000000000000000000000000000000000000000000000000000000000000000000000000000000000000000000000000000000000000000000000000000000000000000000000000000000000000000000000000000000000000000000000000000000000000000000000000000000000000000000000000>;
P_0x555563857840 .param/l "INIT_9" 0 2 1516, C4<0000000000000000000000000000000000000000000000000000000000000000000000000000000000000000000000000000000000000000000000000000000000000000000000000000000000000000000000000000000000000000000000000000000000000000000000000000000000000000000000000000000000000000>;
P_0x555563857880 .param/l "INIT_A" 0 2 1517, C4<0000000000000000000000000000000000000000000000000000000000000000000000000000000000000000000000000000000000000000000000000000000000000000000000000000000000000000000000000000000000000000000000000000000000000000000000000000000000000000000000000000000000000000>;
P_0x5555638578c0 .param/l "INIT_B" 0 2 1518, C4<0000000000000000000000000000000000000000000000000000000000000000000000000000000000000000000000000000000000000000000000000000000000000000000000000000000000000000000000000000000000000000000000000000000000000000000000000000000000000000000000000000000000000000>;
P_0x555563857900 .param/l "INIT_C" 0 2 1519, C4<0000000000000000000000000000000000000000000000000000000000000000000000000000000000000000000000000000000000000000000000000000000000000000000000000000000000000000000000000000000000000000000000000000000000000000000000000000000000000000000000000000000000000000>;
P_0x555563857940 .param/l "INIT_D" 0 2 1520, C4<0000000000000000000000000000000000000000000000000000000000000000000000000000000000000000000000000000000000000000000000000000000000000000000000000000000000000000000000000000000000000000000000000000000000000000000000000000000000000000000000000000000000000000>;
P_0x555563857980 .param/l "INIT_E" 0 2 1521, C4<0000000000000000000000000000000000000000000000000000000000000000000000000000000000000000000000000000000000000000000000000000000000000000000000000000000000000000000000000000000000000000000000000000000000000000000000000000000000000000000000000000000000000000>;
P_0x5555638579c0 .param/l "INIT_F" 0 2 1522, C4<0000000000000000000000000000000000000000000000000000000000000000000000000000000000000000000000000000000000000000000000000000000000000000000000000000000000000000000000000000000000000000000000000000000000000000000000000000000000000000000000000000000000000000>;
P_0x555563857a00 .param/str "INIT_FILE" 0 2 1524, "\000";
P_0x555563857a40 .param/l "READ_MODE" 0 2 1505, +C4<00000000000000000000000000000000>;
P_0x555563857a80 .param/l "WRITE_MODE" 0 2 1504, +C4<00000000000000000000000000000000>;
v0x555563859bd0_0 .net "MASK", 15 0, o0x7fda75de5918;  alias, 0 drivers
v0x555563859c90_0 .net "RADDR", 10 0, o0x7fda75de5948;  alias, 0 drivers
v0x555563859d70_0 .net "RCLK", 0 0, L_0x55556388c190;  1 drivers
v0x555563859e40_0 .net "RCLKE", 0 0, o0x7fda75de59a8;  alias, 0 drivers
v0x555563859f00_0 .net "RDATA", 15 0, L_0x55556388c0d0;  alias, 1 drivers
v0x55556385a030_0 .var "RDATA_I", 15 0;
v0x55556385a110_0 .net "RE", 0 0, o0x7fda75de5a38;  alias, 0 drivers
L_0x7fda75d90b10 .functor BUFT 1, C4<0000000000000000>, C4<0>, C4<0>, C4<0>;
v0x55556385a1d0_0 .net "RMASK_I", 15 0, L_0x7fda75d90b10;  1 drivers
v0x55556385a2b0_0 .net "WADDR", 10 0, o0x7fda75de5a98;  alias, 0 drivers
v0x55556385a390_0 .net "WCLK", 0 0, o0x7fda75de5ac8;  alias, 0 drivers
v0x55556385a450_0 .net "WCLKE", 0 0, o0x7fda75de5af8;  alias, 0 drivers
v0x55556385a510_0 .net "WDATA", 15 0, o0x7fda75de5b28;  alias, 0 drivers
v0x55556385a5f0_0 .net "WDATA_I", 15 0, L_0x55556388c010;  1 drivers
v0x55556385a6d0_0 .net "WE", 0 0, o0x7fda75de5b88;  alias, 0 drivers
v0x55556385a790_0 .net "WMASK_I", 15 0, L_0x55556388bf50;  1 drivers
v0x55556385a870_0 .var/i "i", 31 0;
v0x55556385a950 .array "memory", 255 0, 15 0;
E_0x555563859300 .event posedge, v0x555563859d70_0;
E_0x555563859380 .event posedge, v0x55556385a390_0;
S_0x5555638593e0 .scope generate, "genblk1" "genblk1" 2 1534, 2 1534 0, S_0x555563857450;
 .timescale -12 -12;
L_0x55556388bf50 .functor BUFZ 16, o0x7fda75de5918, C4<0000000000000000>, C4<0000000000000000>, C4<0000000000000000>;
S_0x5555638595e0 .scope generate, "genblk2" "genblk2" 2 1555, 2 1555 0, S_0x555563857450;
 .timescale -12 -12;
S_0x5555638597e0 .scope generate, "genblk3" "genblk3" 2 1576, 2 1576 0, S_0x555563857450;
 .timescale -12 -12;
L_0x55556388c010 .functor BUFZ 16, o0x7fda75de5b28, C4<0000000000000000>, C4<0000000000000000>, C4<0000000000000000>;
S_0x5555638599f0 .scope generate, "genblk4" "genblk4" 2 1595, 2 1595 0, S_0x555563857450;
 .timescale -12 -12;
L_0x55556388c0d0 .functor BUFZ 16, v0x55556385a030_0, C4<0000000000000000>, C4<0000000000000000>, C4<0000000000000000>;
S_0x5555637dc680 .scope module, "SB_RAM40_4KNRNW" "SB_RAM40_4KNRNW" 2 1998;
 .timescale -12 -12;
    .port_info 0 /OUTPUT 16 "RDATA";
    .port_info 1 /INPUT 1 "RCLKN";
    .port_info 2 /INPUT 1 "RCLKE";
    .port_info 3 /INPUT 1 "RE";
    .port_info 4 /INPUT 11 "RADDR";
    .port_info 5 /INPUT 1 "WCLKN";
    .port_info 6 /INPUT 1 "WCLKE";
    .port_info 7 /INPUT 1 "WE";
    .port_info 8 /INPUT 11 "WADDR";
    .port_info 9 /INPUT 16 "MASK";
    .port_info 10 /INPUT 16 "WDATA";
P_0x5555636fce60 .param/l "INIT_0" 0 2 2014, C4<0000000000000000000000000000000000000000000000000000000000000000000000000000000000000000000000000000000000000000000000000000000000000000000000000000000000000000000000000000000000000000000000000000000000000000000000000000000000000000000000000000000000000000>;
P_0x5555636fcea0 .param/l "INIT_1" 0 2 2015, C4<0000000000000000000000000000000000000000000000000000000000000000000000000000000000000000000000000000000000000000000000000000000000000000000000000000000000000000000000000000000000000000000000000000000000000000000000000000000000000000000000000000000000000000>;
P_0x5555636fcee0 .param/l "INIT_2" 0 2 2016, C4<0000000000000000000000000000000000000000000000000000000000000000000000000000000000000000000000000000000000000000000000000000000000000000000000000000000000000000000000000000000000000000000000000000000000000000000000000000000000000000000000000000000000000000>;
P_0x5555636fcf20 .param/l "INIT_3" 0 2 2017, C4<0000000000000000000000000000000000000000000000000000000000000000000000000000000000000000000000000000000000000000000000000000000000000000000000000000000000000000000000000000000000000000000000000000000000000000000000000000000000000000000000000000000000000000>;
P_0x5555636fcf60 .param/l "INIT_4" 0 2 2018, C4<0000000000000000000000000000000000000000000000000000000000000000000000000000000000000000000000000000000000000000000000000000000000000000000000000000000000000000000000000000000000000000000000000000000000000000000000000000000000000000000000000000000000000000>;
P_0x5555636fcfa0 .param/l "INIT_5" 0 2 2019, C4<0000000000000000000000000000000000000000000000000000000000000000000000000000000000000000000000000000000000000000000000000000000000000000000000000000000000000000000000000000000000000000000000000000000000000000000000000000000000000000000000000000000000000000>;
P_0x5555636fcfe0 .param/l "INIT_6" 0 2 2020, C4<0000000000000000000000000000000000000000000000000000000000000000000000000000000000000000000000000000000000000000000000000000000000000000000000000000000000000000000000000000000000000000000000000000000000000000000000000000000000000000000000000000000000000000>;
P_0x5555636fd020 .param/l "INIT_7" 0 2 2021, C4<0000000000000000000000000000000000000000000000000000000000000000000000000000000000000000000000000000000000000000000000000000000000000000000000000000000000000000000000000000000000000000000000000000000000000000000000000000000000000000000000000000000000000000>;
P_0x5555636fd060 .param/l "INIT_8" 0 2 2022, C4<0000000000000000000000000000000000000000000000000000000000000000000000000000000000000000000000000000000000000000000000000000000000000000000000000000000000000000000000000000000000000000000000000000000000000000000000000000000000000000000000000000000000000000>;
P_0x5555636fd0a0 .param/l "INIT_9" 0 2 2023, C4<0000000000000000000000000000000000000000000000000000000000000000000000000000000000000000000000000000000000000000000000000000000000000000000000000000000000000000000000000000000000000000000000000000000000000000000000000000000000000000000000000000000000000000>;
P_0x5555636fd0e0 .param/l "INIT_A" 0 2 2024, C4<0000000000000000000000000000000000000000000000000000000000000000000000000000000000000000000000000000000000000000000000000000000000000000000000000000000000000000000000000000000000000000000000000000000000000000000000000000000000000000000000000000000000000000>;
P_0x5555636fd120 .param/l "INIT_B" 0 2 2025, C4<0000000000000000000000000000000000000000000000000000000000000000000000000000000000000000000000000000000000000000000000000000000000000000000000000000000000000000000000000000000000000000000000000000000000000000000000000000000000000000000000000000000000000000>;
P_0x5555636fd160 .param/l "INIT_C" 0 2 2026, C4<0000000000000000000000000000000000000000000000000000000000000000000000000000000000000000000000000000000000000000000000000000000000000000000000000000000000000000000000000000000000000000000000000000000000000000000000000000000000000000000000000000000000000000>;
P_0x5555636fd1a0 .param/l "INIT_D" 0 2 2027, C4<0000000000000000000000000000000000000000000000000000000000000000000000000000000000000000000000000000000000000000000000000000000000000000000000000000000000000000000000000000000000000000000000000000000000000000000000000000000000000000000000000000000000000000>;
P_0x5555636fd1e0 .param/l "INIT_E" 0 2 2028, C4<0000000000000000000000000000000000000000000000000000000000000000000000000000000000000000000000000000000000000000000000000000000000000000000000000000000000000000000000000000000000000000000000000000000000000000000000000000000000000000000000000000000000000000>;
P_0x5555636fd220 .param/l "INIT_F" 0 2 2029, C4<0000000000000000000000000000000000000000000000000000000000000000000000000000000000000000000000000000000000000000000000000000000000000000000000000000000000000000000000000000000000000000000000000000000000000000000000000000000000000000000000000000000000000000>;
P_0x5555636fd260 .param/str "INIT_FILE" 0 2 2031, "\000";
P_0x5555636fd2a0 .param/l "READ_MODE" 0 2 2012, +C4<00000000000000000000000000000000>;
P_0x5555636fd2e0 .param/l "WRITE_MODE" 0 2 2011, +C4<00000000000000000000000000000000>;
o0x7fda75de6578 .functor BUFZ 1, C4<z>; HiZ drive
L_0x55556388c4a0 .functor NOT 1, o0x7fda75de6578, C4<0>, C4<0>, C4<0>;
o0x7fda75de65a8 .functor BUFZ 1, C4<z>; HiZ drive
L_0x55556388c540 .functor NOT 1, o0x7fda75de65a8, C4<0>, C4<0>, C4<0>;
o0x7fda75de6068 .functor BUFZ 16, C4<zzzzzzzzzzzzzzzz>; HiZ drive
v0x55556385f020_0 .net "MASK", 15 0, o0x7fda75de6068;  0 drivers
o0x7fda75de6098 .functor BUFZ 11, C4<zzzzzzzzzzz>; HiZ drive
v0x55556385f100_0 .net "RADDR", 10 0, o0x7fda75de6098;  0 drivers
o0x7fda75de60f8 .functor BUFZ 1, C4<z>; HiZ drive
v0x55556385f1d0_0 .net "RCLKE", 0 0, o0x7fda75de60f8;  0 drivers
v0x55556385f2d0_0 .net "RCLKN", 0 0, o0x7fda75de6578;  0 drivers
v0x55556385f370_0 .net "RDATA", 15 0, L_0x55556388c3e0;  1 drivers
o0x7fda75de6188 .functor BUFZ 1, C4<z>; HiZ drive
v0x55556385f410_0 .net "RE", 0 0, o0x7fda75de6188;  0 drivers
o0x7fda75de61e8 .functor BUFZ 11, C4<zzzzzzzzzzz>; HiZ drive
v0x55556385f4e0_0 .net "WADDR", 10 0, o0x7fda75de61e8;  0 drivers
o0x7fda75de6248 .functor BUFZ 1, C4<z>; HiZ drive
v0x55556385f5b0_0 .net "WCLKE", 0 0, o0x7fda75de6248;  0 drivers
v0x55556385f680_0 .net "WCLKN", 0 0, o0x7fda75de65a8;  0 drivers
o0x7fda75de6278 .functor BUFZ 16, C4<zzzzzzzzzzzzzzzz>; HiZ drive
v0x55556385f720_0 .net "WDATA", 15 0, o0x7fda75de6278;  0 drivers
o0x7fda75de62d8 .functor BUFZ 1, C4<z>; HiZ drive
v0x55556385f7f0_0 .net "WE", 0 0, o0x7fda75de62d8;  0 drivers
S_0x55556385b650 .scope module, "RAM" "SB_RAM40_4K" 2 2053, 2 1487 0, S_0x5555637dc680;
 .timescale -12 -12;
    .port_info 0 /OUTPUT 16 "RDATA";
    .port_info 1 /INPUT 1 "RCLK";
    .port_info 2 /INPUT 1 "RCLKE";
    .port_info 3 /INPUT 1 "RE";
    .port_info 4 /INPUT 11 "RADDR";
    .port_info 5 /INPUT 1 "WCLK";
    .port_info 6 /INPUT 1 "WCLKE";
    .port_info 7 /INPUT 1 "WE";
    .port_info 8 /INPUT 11 "WADDR";
    .port_info 9 /INPUT 16 "MASK";
    .port_info 10 /INPUT 16 "WDATA";
P_0x55556385b800 .param/l "INIT_0" 0 2 1507, C4<0000000000000000000000000000000000000000000000000000000000000000000000000000000000000000000000000000000000000000000000000000000000000000000000000000000000000000000000000000000000000000000000000000000000000000000000000000000000000000000000000000000000000000>;
P_0x55556385b840 .param/l "INIT_1" 0 2 1508, C4<0000000000000000000000000000000000000000000000000000000000000000000000000000000000000000000000000000000000000000000000000000000000000000000000000000000000000000000000000000000000000000000000000000000000000000000000000000000000000000000000000000000000000000>;
P_0x55556385b880 .param/l "INIT_2" 0 2 1509, C4<0000000000000000000000000000000000000000000000000000000000000000000000000000000000000000000000000000000000000000000000000000000000000000000000000000000000000000000000000000000000000000000000000000000000000000000000000000000000000000000000000000000000000000>;
P_0x55556385b8c0 .param/l "INIT_3" 0 2 1510, C4<0000000000000000000000000000000000000000000000000000000000000000000000000000000000000000000000000000000000000000000000000000000000000000000000000000000000000000000000000000000000000000000000000000000000000000000000000000000000000000000000000000000000000000>;
P_0x55556385b900 .param/l "INIT_4" 0 2 1511, C4<0000000000000000000000000000000000000000000000000000000000000000000000000000000000000000000000000000000000000000000000000000000000000000000000000000000000000000000000000000000000000000000000000000000000000000000000000000000000000000000000000000000000000000>;
P_0x55556385b940 .param/l "INIT_5" 0 2 1512, C4<0000000000000000000000000000000000000000000000000000000000000000000000000000000000000000000000000000000000000000000000000000000000000000000000000000000000000000000000000000000000000000000000000000000000000000000000000000000000000000000000000000000000000000>;
P_0x55556385b980 .param/l "INIT_6" 0 2 1513, C4<0000000000000000000000000000000000000000000000000000000000000000000000000000000000000000000000000000000000000000000000000000000000000000000000000000000000000000000000000000000000000000000000000000000000000000000000000000000000000000000000000000000000000000>;
P_0x55556385b9c0 .param/l "INIT_7" 0 2 1514, C4<0000000000000000000000000000000000000000000000000000000000000000000000000000000000000000000000000000000000000000000000000000000000000000000000000000000000000000000000000000000000000000000000000000000000000000000000000000000000000000000000000000000000000000>;
P_0x55556385ba00 .param/l "INIT_8" 0 2 1515, C4<0000000000000000000000000000000000000000000000000000000000000000000000000000000000000000000000000000000000000000000000000000000000000000000000000000000000000000000000000000000000000000000000000000000000000000000000000000000000000000000000000000000000000000>;
P_0x55556385ba40 .param/l "INIT_9" 0 2 1516, C4<0000000000000000000000000000000000000000000000000000000000000000000000000000000000000000000000000000000000000000000000000000000000000000000000000000000000000000000000000000000000000000000000000000000000000000000000000000000000000000000000000000000000000000>;
P_0x55556385ba80 .param/l "INIT_A" 0 2 1517, C4<0000000000000000000000000000000000000000000000000000000000000000000000000000000000000000000000000000000000000000000000000000000000000000000000000000000000000000000000000000000000000000000000000000000000000000000000000000000000000000000000000000000000000000>;
P_0x55556385bac0 .param/l "INIT_B" 0 2 1518, C4<0000000000000000000000000000000000000000000000000000000000000000000000000000000000000000000000000000000000000000000000000000000000000000000000000000000000000000000000000000000000000000000000000000000000000000000000000000000000000000000000000000000000000000>;
P_0x55556385bb00 .param/l "INIT_C" 0 2 1519, C4<0000000000000000000000000000000000000000000000000000000000000000000000000000000000000000000000000000000000000000000000000000000000000000000000000000000000000000000000000000000000000000000000000000000000000000000000000000000000000000000000000000000000000000>;
P_0x55556385bb40 .param/l "INIT_D" 0 2 1520, C4<0000000000000000000000000000000000000000000000000000000000000000000000000000000000000000000000000000000000000000000000000000000000000000000000000000000000000000000000000000000000000000000000000000000000000000000000000000000000000000000000000000000000000000>;
P_0x55556385bb80 .param/l "INIT_E" 0 2 1521, C4<0000000000000000000000000000000000000000000000000000000000000000000000000000000000000000000000000000000000000000000000000000000000000000000000000000000000000000000000000000000000000000000000000000000000000000000000000000000000000000000000000000000000000000>;
P_0x55556385bbc0 .param/l "INIT_F" 0 2 1522, C4<0000000000000000000000000000000000000000000000000000000000000000000000000000000000000000000000000000000000000000000000000000000000000000000000000000000000000000000000000000000000000000000000000000000000000000000000000000000000000000000000000000000000000000>;
P_0x55556385bc00 .param/str "INIT_FILE" 0 2 1524, "\000";
P_0x55556385bc40 .param/l "READ_MODE" 0 2 1505, +C4<00000000000000000000000000000000>;
P_0x55556385bc80 .param/l "WRITE_MODE" 0 2 1504, +C4<00000000000000000000000000000000>;
v0x55556385df10_0 .net "MASK", 15 0, o0x7fda75de6068;  alias, 0 drivers
v0x55556385dfd0_0 .net "RADDR", 10 0, o0x7fda75de6098;  alias, 0 drivers
v0x55556385e0b0_0 .net "RCLK", 0 0, L_0x55556388c4a0;  1 drivers
v0x55556385e180_0 .net "RCLKE", 0 0, o0x7fda75de60f8;  alias, 0 drivers
v0x55556385e240_0 .net "RDATA", 15 0, L_0x55556388c3e0;  alias, 1 drivers
v0x55556385e370_0 .var "RDATA_I", 15 0;
v0x55556385e450_0 .net "RE", 0 0, o0x7fda75de6188;  alias, 0 drivers
L_0x7fda75d90b58 .functor BUFT 1, C4<0000000000000000>, C4<0>, C4<0>, C4<0>;
v0x55556385e510_0 .net "RMASK_I", 15 0, L_0x7fda75d90b58;  1 drivers
v0x55556385e5f0_0 .net "WADDR", 10 0, o0x7fda75de61e8;  alias, 0 drivers
v0x55556385e6d0_0 .net "WCLK", 0 0, L_0x55556388c540;  1 drivers
v0x55556385e790_0 .net "WCLKE", 0 0, o0x7fda75de6248;  alias, 0 drivers
v0x55556385e850_0 .net "WDATA", 15 0, o0x7fda75de6278;  alias, 0 drivers
v0x55556385e930_0 .net "WDATA_I", 15 0, L_0x55556388c2f0;  1 drivers
v0x55556385ea10_0 .net "WE", 0 0, o0x7fda75de62d8;  alias, 0 drivers
v0x55556385ead0_0 .net "WMASK_I", 15 0, L_0x55556388c200;  1 drivers
v0x55556385ebb0_0 .var/i "i", 31 0;
v0x55556385ec90 .array "memory", 255 0, 15 0;
E_0x55556385d640 .event posedge, v0x55556385e0b0_0;
E_0x55556385d6c0 .event posedge, v0x55556385e6d0_0;
S_0x55556385d720 .scope generate, "genblk1" "genblk1" 2 1534, 2 1534 0, S_0x55556385b650;
 .timescale -12 -12;
L_0x55556388c200 .functor BUFZ 16, o0x7fda75de6068, C4<0000000000000000>, C4<0000000000000000>, C4<0000000000000000>;
S_0x55556385d920 .scope generate, "genblk2" "genblk2" 2 1555, 2 1555 0, S_0x55556385b650;
 .timescale -12 -12;
S_0x55556385db20 .scope generate, "genblk3" "genblk3" 2 1576, 2 1576 0, S_0x55556385b650;
 .timescale -12 -12;
L_0x55556388c2f0 .functor BUFZ 16, o0x7fda75de6278, C4<0000000000000000>, C4<0000000000000000>, C4<0000000000000000>;
S_0x55556385dd30 .scope generate, "genblk4" "genblk4" 2 1595, 2 1595 0, S_0x55556385b650;
 .timescale -12 -12;
L_0x55556388c3e0 .functor BUFZ 16, v0x55556385e370_0, C4<0000000000000000>, C4<0000000000000000>, C4<0000000000000000>;
S_0x555563672ee0 .scope module, "SB_RAM40_4KNW" "SB_RAM40_4KNW" 2 1862;
 .timescale -12 -12;
    .port_info 0 /OUTPUT 16 "RDATA";
    .port_info 1 /INPUT 1 "RCLK";
    .port_info 2 /INPUT 1 "RCLKE";
    .port_info 3 /INPUT 1 "RE";
    .port_info 4 /INPUT 11 "RADDR";
    .port_info 5 /INPUT 1 "WCLKN";
    .port_info 6 /INPUT 1 "WCLKE";
    .port_info 7 /INPUT 1 "WE";
    .port_info 8 /INPUT 11 "WADDR";
    .port_info 9 /INPUT 16 "MASK";
    .port_info 10 /INPUT 16 "WDATA";
P_0x55556366f6e0 .param/l "INIT_0" 0 2 1878, C4<0000000000000000000000000000000000000000000000000000000000000000000000000000000000000000000000000000000000000000000000000000000000000000000000000000000000000000000000000000000000000000000000000000000000000000000000000000000000000000000000000000000000000000>;
P_0x55556366f720 .param/l "INIT_1" 0 2 1879, C4<0000000000000000000000000000000000000000000000000000000000000000000000000000000000000000000000000000000000000000000000000000000000000000000000000000000000000000000000000000000000000000000000000000000000000000000000000000000000000000000000000000000000000000>;
P_0x55556366f760 .param/l "INIT_2" 0 2 1880, C4<0000000000000000000000000000000000000000000000000000000000000000000000000000000000000000000000000000000000000000000000000000000000000000000000000000000000000000000000000000000000000000000000000000000000000000000000000000000000000000000000000000000000000000>;
P_0x55556366f7a0 .param/l "INIT_3" 0 2 1881, C4<0000000000000000000000000000000000000000000000000000000000000000000000000000000000000000000000000000000000000000000000000000000000000000000000000000000000000000000000000000000000000000000000000000000000000000000000000000000000000000000000000000000000000000>;
P_0x55556366f7e0 .param/l "INIT_4" 0 2 1882, C4<0000000000000000000000000000000000000000000000000000000000000000000000000000000000000000000000000000000000000000000000000000000000000000000000000000000000000000000000000000000000000000000000000000000000000000000000000000000000000000000000000000000000000000>;
P_0x55556366f820 .param/l "INIT_5" 0 2 1883, C4<0000000000000000000000000000000000000000000000000000000000000000000000000000000000000000000000000000000000000000000000000000000000000000000000000000000000000000000000000000000000000000000000000000000000000000000000000000000000000000000000000000000000000000>;
P_0x55556366f860 .param/l "INIT_6" 0 2 1884, C4<0000000000000000000000000000000000000000000000000000000000000000000000000000000000000000000000000000000000000000000000000000000000000000000000000000000000000000000000000000000000000000000000000000000000000000000000000000000000000000000000000000000000000000>;
P_0x55556366f8a0 .param/l "INIT_7" 0 2 1885, C4<0000000000000000000000000000000000000000000000000000000000000000000000000000000000000000000000000000000000000000000000000000000000000000000000000000000000000000000000000000000000000000000000000000000000000000000000000000000000000000000000000000000000000000>;
P_0x55556366f8e0 .param/l "INIT_8" 0 2 1886, C4<0000000000000000000000000000000000000000000000000000000000000000000000000000000000000000000000000000000000000000000000000000000000000000000000000000000000000000000000000000000000000000000000000000000000000000000000000000000000000000000000000000000000000000>;
P_0x55556366f920 .param/l "INIT_9" 0 2 1887, C4<0000000000000000000000000000000000000000000000000000000000000000000000000000000000000000000000000000000000000000000000000000000000000000000000000000000000000000000000000000000000000000000000000000000000000000000000000000000000000000000000000000000000000000>;
P_0x55556366f960 .param/l "INIT_A" 0 2 1888, C4<0000000000000000000000000000000000000000000000000000000000000000000000000000000000000000000000000000000000000000000000000000000000000000000000000000000000000000000000000000000000000000000000000000000000000000000000000000000000000000000000000000000000000000>;
P_0x55556366f9a0 .param/l "INIT_B" 0 2 1889, C4<0000000000000000000000000000000000000000000000000000000000000000000000000000000000000000000000000000000000000000000000000000000000000000000000000000000000000000000000000000000000000000000000000000000000000000000000000000000000000000000000000000000000000000>;
P_0x55556366f9e0 .param/l "INIT_C" 0 2 1890, C4<0000000000000000000000000000000000000000000000000000000000000000000000000000000000000000000000000000000000000000000000000000000000000000000000000000000000000000000000000000000000000000000000000000000000000000000000000000000000000000000000000000000000000000>;
P_0x55556366fa20 .param/l "INIT_D" 0 2 1891, C4<0000000000000000000000000000000000000000000000000000000000000000000000000000000000000000000000000000000000000000000000000000000000000000000000000000000000000000000000000000000000000000000000000000000000000000000000000000000000000000000000000000000000000000>;
P_0x55556366fa60 .param/l "INIT_E" 0 2 1892, C4<0000000000000000000000000000000000000000000000000000000000000000000000000000000000000000000000000000000000000000000000000000000000000000000000000000000000000000000000000000000000000000000000000000000000000000000000000000000000000000000000000000000000000000>;
P_0x55556366faa0 .param/l "INIT_F" 0 2 1893, C4<0000000000000000000000000000000000000000000000000000000000000000000000000000000000000000000000000000000000000000000000000000000000000000000000000000000000000000000000000000000000000000000000000000000000000000000000000000000000000000000000000000000000000000>;
P_0x55556366fae0 .param/str "INIT_FILE" 0 2 1895, "\000";
P_0x55556366fb20 .param/l "READ_MODE" 0 2 1876, +C4<00000000000000000000000000000000>;
P_0x55556366fb60 .param/l "WRITE_MODE" 0 2 1875, +C4<00000000000000000000000000000000>;
o0x7fda75de6cf8 .functor BUFZ 1, C4<z>; HiZ drive
L_0x55556388c8b0 .functor NOT 1, o0x7fda75de6cf8, C4<0>, C4<0>, C4<0>;
o0x7fda75de67e8 .functor BUFZ 16, C4<zzzzzzzzzzzzzzzz>; HiZ drive
v0x555563863370_0 .net "MASK", 15 0, o0x7fda75de67e8;  0 drivers
o0x7fda75de6818 .functor BUFZ 11, C4<zzzzzzzzzzz>; HiZ drive
v0x555563863450_0 .net "RADDR", 10 0, o0x7fda75de6818;  0 drivers
o0x7fda75de6848 .functor BUFZ 1, C4<z>; HiZ drive
v0x555563863520_0 .net "RCLK", 0 0, o0x7fda75de6848;  0 drivers
o0x7fda75de6878 .functor BUFZ 1, C4<z>; HiZ drive
v0x555563863620_0 .net "RCLKE", 0 0, o0x7fda75de6878;  0 drivers
v0x5555638636f0_0 .net "RDATA", 15 0, L_0x55556388c7f0;  1 drivers
o0x7fda75de6908 .functor BUFZ 1, C4<z>; HiZ drive
v0x555563863790_0 .net "RE", 0 0, o0x7fda75de6908;  0 drivers
o0x7fda75de6968 .functor BUFZ 11, C4<zzzzzzzzzzz>; HiZ drive
v0x555563863860_0 .net "WADDR", 10 0, o0x7fda75de6968;  0 drivers
o0x7fda75de69c8 .functor BUFZ 1, C4<z>; HiZ drive
v0x555563863930_0 .net "WCLKE", 0 0, o0x7fda75de69c8;  0 drivers
v0x555563863a00_0 .net "WCLKN", 0 0, o0x7fda75de6cf8;  0 drivers
o0x7fda75de69f8 .functor BUFZ 16, C4<zzzzzzzzzzzzzzzz>; HiZ drive
v0x555563863aa0_0 .net "WDATA", 15 0, o0x7fda75de69f8;  0 drivers
o0x7fda75de6a58 .functor BUFZ 1, C4<z>; HiZ drive
v0x555563863b70_0 .net "WE", 0 0, o0x7fda75de6a58;  0 drivers
S_0x55556385f9a0 .scope module, "RAM" "SB_RAM40_4K" 2 1917, 2 1487 0, S_0x555563672ee0;
 .timescale -12 -12;
    .port_info 0 /OUTPUT 16 "RDATA";
    .port_info 1 /INPUT 1 "RCLK";
    .port_info 2 /INPUT 1 "RCLKE";
    .port_info 3 /INPUT 1 "RE";
    .port_info 4 /INPUT 11 "RADDR";
    .port_info 5 /INPUT 1 "WCLK";
    .port_info 6 /INPUT 1 "WCLKE";
    .port_info 7 /INPUT 1 "WE";
    .port_info 8 /INPUT 11 "WADDR";
    .port_info 9 /INPUT 16 "MASK";
    .port_info 10 /INPUT 16 "WDATA";
P_0x55556385fb50 .param/l "INIT_0" 0 2 1507, C4<0000000000000000000000000000000000000000000000000000000000000000000000000000000000000000000000000000000000000000000000000000000000000000000000000000000000000000000000000000000000000000000000000000000000000000000000000000000000000000000000000000000000000000>;
P_0x55556385fb90 .param/l "INIT_1" 0 2 1508, C4<0000000000000000000000000000000000000000000000000000000000000000000000000000000000000000000000000000000000000000000000000000000000000000000000000000000000000000000000000000000000000000000000000000000000000000000000000000000000000000000000000000000000000000>;
P_0x55556385fbd0 .param/l "INIT_2" 0 2 1509, C4<0000000000000000000000000000000000000000000000000000000000000000000000000000000000000000000000000000000000000000000000000000000000000000000000000000000000000000000000000000000000000000000000000000000000000000000000000000000000000000000000000000000000000000>;
P_0x55556385fc10 .param/l "INIT_3" 0 2 1510, C4<0000000000000000000000000000000000000000000000000000000000000000000000000000000000000000000000000000000000000000000000000000000000000000000000000000000000000000000000000000000000000000000000000000000000000000000000000000000000000000000000000000000000000000>;
P_0x55556385fc50 .param/l "INIT_4" 0 2 1511, C4<0000000000000000000000000000000000000000000000000000000000000000000000000000000000000000000000000000000000000000000000000000000000000000000000000000000000000000000000000000000000000000000000000000000000000000000000000000000000000000000000000000000000000000>;
P_0x55556385fc90 .param/l "INIT_5" 0 2 1512, C4<0000000000000000000000000000000000000000000000000000000000000000000000000000000000000000000000000000000000000000000000000000000000000000000000000000000000000000000000000000000000000000000000000000000000000000000000000000000000000000000000000000000000000000>;
P_0x55556385fcd0 .param/l "INIT_6" 0 2 1513, C4<0000000000000000000000000000000000000000000000000000000000000000000000000000000000000000000000000000000000000000000000000000000000000000000000000000000000000000000000000000000000000000000000000000000000000000000000000000000000000000000000000000000000000000>;
P_0x55556385fd10 .param/l "INIT_7" 0 2 1514, C4<0000000000000000000000000000000000000000000000000000000000000000000000000000000000000000000000000000000000000000000000000000000000000000000000000000000000000000000000000000000000000000000000000000000000000000000000000000000000000000000000000000000000000000>;
P_0x55556385fd50 .param/l "INIT_8" 0 2 1515, C4<0000000000000000000000000000000000000000000000000000000000000000000000000000000000000000000000000000000000000000000000000000000000000000000000000000000000000000000000000000000000000000000000000000000000000000000000000000000000000000000000000000000000000000>;
P_0x55556385fd90 .param/l "INIT_9" 0 2 1516, C4<0000000000000000000000000000000000000000000000000000000000000000000000000000000000000000000000000000000000000000000000000000000000000000000000000000000000000000000000000000000000000000000000000000000000000000000000000000000000000000000000000000000000000000>;
P_0x55556385fdd0 .param/l "INIT_A" 0 2 1517, C4<0000000000000000000000000000000000000000000000000000000000000000000000000000000000000000000000000000000000000000000000000000000000000000000000000000000000000000000000000000000000000000000000000000000000000000000000000000000000000000000000000000000000000000>;
P_0x55556385fe10 .param/l "INIT_B" 0 2 1518, C4<0000000000000000000000000000000000000000000000000000000000000000000000000000000000000000000000000000000000000000000000000000000000000000000000000000000000000000000000000000000000000000000000000000000000000000000000000000000000000000000000000000000000000000>;
P_0x55556385fe50 .param/l "INIT_C" 0 2 1519, C4<0000000000000000000000000000000000000000000000000000000000000000000000000000000000000000000000000000000000000000000000000000000000000000000000000000000000000000000000000000000000000000000000000000000000000000000000000000000000000000000000000000000000000000>;
P_0x55556385fe90 .param/l "INIT_D" 0 2 1520, C4<0000000000000000000000000000000000000000000000000000000000000000000000000000000000000000000000000000000000000000000000000000000000000000000000000000000000000000000000000000000000000000000000000000000000000000000000000000000000000000000000000000000000000000>;
P_0x55556385fed0 .param/l "INIT_E" 0 2 1521, C4<0000000000000000000000000000000000000000000000000000000000000000000000000000000000000000000000000000000000000000000000000000000000000000000000000000000000000000000000000000000000000000000000000000000000000000000000000000000000000000000000000000000000000000>;
P_0x55556385ff10 .param/l "INIT_F" 0 2 1522, C4<0000000000000000000000000000000000000000000000000000000000000000000000000000000000000000000000000000000000000000000000000000000000000000000000000000000000000000000000000000000000000000000000000000000000000000000000000000000000000000000000000000000000000000>;
P_0x55556385ff50 .param/str "INIT_FILE" 0 2 1524, "\000";
P_0x55556385ff90 .param/l "READ_MODE" 0 2 1505, +C4<00000000000000000000000000000000>;
P_0x55556385ffd0 .param/l "WRITE_MODE" 0 2 1504, +C4<00000000000000000000000000000000>;
v0x555563862260_0 .net "MASK", 15 0, o0x7fda75de67e8;  alias, 0 drivers
v0x555563862320_0 .net "RADDR", 10 0, o0x7fda75de6818;  alias, 0 drivers
v0x555563862400_0 .net "RCLK", 0 0, o0x7fda75de6848;  alias, 0 drivers
v0x5555638624d0_0 .net "RCLKE", 0 0, o0x7fda75de6878;  alias, 0 drivers
v0x555563862590_0 .net "RDATA", 15 0, L_0x55556388c7f0;  alias, 1 drivers
v0x5555638626c0_0 .var "RDATA_I", 15 0;
v0x5555638627a0_0 .net "RE", 0 0, o0x7fda75de6908;  alias, 0 drivers
L_0x7fda75d90ba0 .functor BUFT 1, C4<0000000000000000>, C4<0>, C4<0>, C4<0>;
v0x555563862860_0 .net "RMASK_I", 15 0, L_0x7fda75d90ba0;  1 drivers
v0x555563862940_0 .net "WADDR", 10 0, o0x7fda75de6968;  alias, 0 drivers
v0x555563862a20_0 .net "WCLK", 0 0, L_0x55556388c8b0;  1 drivers
v0x555563862ae0_0 .net "WCLKE", 0 0, o0x7fda75de69c8;  alias, 0 drivers
v0x555563862ba0_0 .net "WDATA", 15 0, o0x7fda75de69f8;  alias, 0 drivers
v0x555563862c80_0 .net "WDATA_I", 15 0, L_0x55556388c700;  1 drivers
v0x555563862d60_0 .net "WE", 0 0, o0x7fda75de6a58;  alias, 0 drivers
v0x555563862e20_0 .net "WMASK_I", 15 0, L_0x55556388c610;  1 drivers
v0x555563862f00_0 .var/i "i", 31 0;
v0x555563862fe0 .array "memory", 255 0, 15 0;
E_0x555563861990 .event posedge, v0x555563862400_0;
E_0x555563861a10 .event posedge, v0x555563862a20_0;
S_0x555563861a70 .scope generate, "genblk1" "genblk1" 2 1534, 2 1534 0, S_0x55556385f9a0;
 .timescale -12 -12;
L_0x55556388c610 .functor BUFZ 16, o0x7fda75de67e8, C4<0000000000000000>, C4<0000000000000000>, C4<0000000000000000>;
S_0x555563861c70 .scope generate, "genblk2" "genblk2" 2 1555, 2 1555 0, S_0x55556385f9a0;
 .timescale -12 -12;
S_0x555563861e70 .scope generate, "genblk3" "genblk3" 2 1576, 2 1576 0, S_0x55556385f9a0;
 .timescale -12 -12;
L_0x55556388c700 .functor BUFZ 16, o0x7fda75de69f8, C4<0000000000000000>, C4<0000000000000000>, C4<0000000000000000>;
S_0x555563862080 .scope generate, "genblk4" "genblk4" 2 1595, 2 1595 0, S_0x55556385f9a0;
 .timescale -12 -12;
L_0x55556388c7f0 .functor BUFZ 16, v0x5555638626c0_0, C4<0000000000000000>, C4<0000000000000000>, C4<0000000000000000>;
S_0x55556368ff80 .scope module, "SB_RGBA_DRV" "SB_RGBA_DRV" 2 2692;
 .timescale -12 -12;
    .port_info 0 /INPUT 1 "CURREN";
    .port_info 1 /INPUT 1 "RGBLEDEN";
    .port_info 2 /INPUT 1 "RGB0PWM";
    .port_info 3 /INPUT 1 "RGB1PWM";
    .port_info 4 /INPUT 1 "RGB2PWM";
    .port_info 5 /OUTPUT 1 "RGB0";
    .port_info 6 /OUTPUT 1 "RGB1";
    .port_info 7 /OUTPUT 1 "RGB2";
P_0x55556369fb40 .param/str "CURRENT_MODE" 0 2 2702, "0b0";
P_0x55556369fb80 .param/str "RGB0_CURRENT" 0 2 2703, "0b000000";
P_0x55556369fbc0 .param/str "RGB1_CURRENT" 0 2 2704, "0b000000";
P_0x55556369fc00 .param/str "RGB2_CURRENT" 0 2 2705, "0b000000";
o0x7fda75de6f38 .functor BUFZ 1, C4<z>; HiZ drive
v0x555563863ce0_0 .net "CURREN", 0 0, o0x7fda75de6f38;  0 drivers
o0x7fda75de6f68 .functor BUFZ 1, C4<z>; HiZ drive
v0x555563863dc0_0 .net "RGB0", 0 0, o0x7fda75de6f68;  0 drivers
o0x7fda75de6f98 .functor BUFZ 1, C4<z>; HiZ drive
v0x555563863e80_0 .net "RGB0PWM", 0 0, o0x7fda75de6f98;  0 drivers
o0x7fda75de6fc8 .functor BUFZ 1, C4<z>; HiZ drive
v0x555563863f50_0 .net "RGB1", 0 0, o0x7fda75de6fc8;  0 drivers
o0x7fda75de6ff8 .functor BUFZ 1, C4<z>; HiZ drive
v0x555563864010_0 .net "RGB1PWM", 0 0, o0x7fda75de6ff8;  0 drivers
o0x7fda75de7028 .functor BUFZ 1, C4<z>; HiZ drive
v0x5555638640d0_0 .net "RGB2", 0 0, o0x7fda75de7028;  0 drivers
o0x7fda75de7058 .functor BUFZ 1, C4<z>; HiZ drive
v0x555563864190_0 .net "RGB2PWM", 0 0, o0x7fda75de7058;  0 drivers
o0x7fda75de7088 .functor BUFZ 1, C4<z>; HiZ drive
v0x555563864250_0 .net "RGBLEDEN", 0 0, o0x7fda75de7088;  0 drivers
S_0x55556369fea0 .scope module, "SB_RGB_DRV" "SB_RGB_DRV" 2 2716;
 .timescale -12 -12;
    .port_info 0 /INPUT 1 "RGBLEDEN";
    .port_info 1 /INPUT 1 "RGB0PWM";
    .port_info 2 /INPUT 1 "RGB1PWM";
    .port_info 3 /INPUT 1 "RGB2PWM";
    .port_info 4 /INPUT 1 "RGBPU";
    .port_info 5 /OUTPUT 1 "RGB0";
    .port_info 6 /OUTPUT 1 "RGB1";
    .port_info 7 /OUTPUT 1 "RGB2";
P_0x555563692410 .param/str "CURRENT_MODE" 0 2 2726, "0b0";
P_0x555563692450 .param/str "RGB0_CURRENT" 0 2 2727, "0b000000";
P_0x555563692490 .param/str "RGB1_CURRENT" 0 2 2728, "0b000000";
P_0x5555636924d0 .param/str "RGB2_CURRENT" 0 2 2729, "0b000000";
o0x7fda75de7238 .functor BUFZ 1, C4<z>; HiZ drive
v0x555563864460_0 .net "RGB0", 0 0, o0x7fda75de7238;  0 drivers
o0x7fda75de7268 .functor BUFZ 1, C4<z>; HiZ drive
v0x555563864540_0 .net "RGB0PWM", 0 0, o0x7fda75de7268;  0 drivers
o0x7fda75de7298 .functor BUFZ 1, C4<z>; HiZ drive
v0x555563864600_0 .net "RGB1", 0 0, o0x7fda75de7298;  0 drivers
o0x7fda75de72c8 .functor BUFZ 1, C4<z>; HiZ drive
v0x5555638646a0_0 .net "RGB1PWM", 0 0, o0x7fda75de72c8;  0 drivers
o0x7fda75de72f8 .functor BUFZ 1, C4<z>; HiZ drive
v0x555563864760_0 .net "RGB2", 0 0, o0x7fda75de72f8;  0 drivers
o0x7fda75de7328 .functor BUFZ 1, C4<z>; HiZ drive
v0x555563864820_0 .net "RGB2PWM", 0 0, o0x7fda75de7328;  0 drivers
o0x7fda75de7358 .functor BUFZ 1, C4<z>; HiZ drive
v0x5555638648e0_0 .net "RGBLEDEN", 0 0, o0x7fda75de7358;  0 drivers
o0x7fda75de7388 .functor BUFZ 1, C4<z>; HiZ drive
v0x5555638649a0_0 .net "RGBPU", 0 0, o0x7fda75de7388;  0 drivers
S_0x555563692770 .scope module, "SB_SPI" "SB_SPI" 2 2776;
 .timescale -12 -12;
    .port_info 0 /INPUT 1 "SBCLKI";
    .port_info 1 /INPUT 1 "SBRWI";
    .port_info 2 /INPUT 1 "SBSTBI";
    .port_info 3 /INPUT 1 "SBADRI7";
    .port_info 4 /INPUT 1 "SBADRI6";
    .port_info 5 /INPUT 1 "SBADRI5";
    .port_info 6 /INPUT 1 "SBADRI4";
    .port_info 7 /INPUT 1 "SBADRI3";
    .port_info 8 /INPUT 1 "SBADRI2";
    .port_info 9 /INPUT 1 "SBADRI1";
    .port_info 10 /INPUT 1 "SBADRI0";
    .port_info 11 /INPUT 1 "SBDATI7";
    .port_info 12 /INPUT 1 "SBDATI6";
    .port_info 13 /INPUT 1 "SBDATI5";
    .port_info 14 /INPUT 1 "SBDATI4";
    .port_info 15 /INPUT 1 "SBDATI3";
    .port_info 16 /INPUT 1 "SBDATI2";
    .port_info 17 /INPUT 1 "SBDATI1";
    .port_info 18 /INPUT 1 "SBDATI0";
    .port_info 19 /INPUT 1 "MI";
    .port_info 20 /INPUT 1 "SI";
    .port_info 21 /INPUT 1 "SCKI";
    .port_info 22 /INPUT 1 "SCSNI";
    .port_info 23 /OUTPUT 1 "SBDATO7";
    .port_info 24 /OUTPUT 1 "SBDATO6";
    .port_info 25 /OUTPUT 1 "SBDATO5";
    .port_info 26 /OUTPUT 1 "SBDATO4";
    .port_info 27 /OUTPUT 1 "SBDATO3";
    .port_info 28 /OUTPUT 1 "SBDATO2";
    .port_info 29 /OUTPUT 1 "SBDATO1";
    .port_info 30 /OUTPUT 1 "SBDATO0";
    .port_info 31 /OUTPUT 1 "SBACKO";
    .port_info 32 /OUTPUT 1 "SPIIRQ";
    .port_info 33 /OUTPUT 1 "SPIWKUP";
    .port_info 34 /OUTPUT 1 "SO";
    .port_info 35 /OUTPUT 1 "SOE";
    .port_info 36 /OUTPUT 1 "MO";
    .port_info 37 /OUTPUT 1 "MOE";
    .port_info 38 /OUTPUT 1 "SCKO";
    .port_info 39 /OUTPUT 1 "SCKOE";
    .port_info 40 /OUTPUT 1 "MCSNO3";
    .port_info 41 /OUTPUT 1 "MCSNO2";
    .port_info 42 /OUTPUT 1 "MCSNO1";
    .port_info 43 /OUTPUT 1 "MCSNO0";
    .port_info 44 /OUTPUT 1 "MCSNOE3";
    .port_info 45 /OUTPUT 1 "MCSNOE2";
    .port_info 46 /OUTPUT 1 "MCSNOE1";
    .port_info 47 /OUTPUT 1 "MCSNOE0";
P_0x555563657c10 .param/str "BUS_ADDR74" 0 2 2826, "0b0000";
o0x7fda75de7538 .functor BUFZ 1, C4<z>; HiZ drive
v0x555563864bb0_0 .net "MCSNO0", 0 0, o0x7fda75de7538;  0 drivers
o0x7fda75de7568 .functor BUFZ 1, C4<z>; HiZ drive
v0x555563864c90_0 .net "MCSNO1", 0 0, o0x7fda75de7568;  0 drivers
o0x7fda75de7598 .functor BUFZ 1, C4<z>; HiZ drive
v0x555563864d50_0 .net "MCSNO2", 0 0, o0x7fda75de7598;  0 drivers
o0x7fda75de75c8 .functor BUFZ 1, C4<z>; HiZ drive
v0x555563864df0_0 .net "MCSNO3", 0 0, o0x7fda75de75c8;  0 drivers
o0x7fda75de75f8 .functor BUFZ 1, C4<z>; HiZ drive
v0x555563864eb0_0 .net "MCSNOE0", 0 0, o0x7fda75de75f8;  0 drivers
o0x7fda75de7628 .functor BUFZ 1, C4<z>; HiZ drive
v0x555563864f70_0 .net "MCSNOE1", 0 0, o0x7fda75de7628;  0 drivers
o0x7fda75de7658 .functor BUFZ 1, C4<z>; HiZ drive
v0x555563865030_0 .net "MCSNOE2", 0 0, o0x7fda75de7658;  0 drivers
o0x7fda75de7688 .functor BUFZ 1, C4<z>; HiZ drive
v0x5555638650f0_0 .net "MCSNOE3", 0 0, o0x7fda75de7688;  0 drivers
o0x7fda75de76b8 .functor BUFZ 1, C4<z>; HiZ drive
v0x5555638651b0_0 .net "MI", 0 0, o0x7fda75de76b8;  0 drivers
o0x7fda75de76e8 .functor BUFZ 1, C4<z>; HiZ drive
v0x555563865300_0 .net "MO", 0 0, o0x7fda75de76e8;  0 drivers
o0x7fda75de7718 .functor BUFZ 1, C4<z>; HiZ drive
v0x5555638653c0_0 .net "MOE", 0 0, o0x7fda75de7718;  0 drivers
o0x7fda75de7748 .functor BUFZ 1, C4<z>; HiZ drive
v0x555563865480_0 .net "SBACKO", 0 0, o0x7fda75de7748;  0 drivers
o0x7fda75de7778 .functor BUFZ 1, C4<z>; HiZ drive
v0x555563865540_0 .net "SBADRI0", 0 0, o0x7fda75de7778;  0 drivers
o0x7fda75de77a8 .functor BUFZ 1, C4<z>; HiZ drive
v0x555563865600_0 .net "SBADRI1", 0 0, o0x7fda75de77a8;  0 drivers
o0x7fda75de77d8 .functor BUFZ 1, C4<z>; HiZ drive
v0x5555638656c0_0 .net "SBADRI2", 0 0, o0x7fda75de77d8;  0 drivers
o0x7fda75de7808 .functor BUFZ 1, C4<z>; HiZ drive
v0x555563865780_0 .net "SBADRI3", 0 0, o0x7fda75de7808;  0 drivers
o0x7fda75de7838 .functor BUFZ 1, C4<z>; HiZ drive
v0x555563865840_0 .net "SBADRI4", 0 0, o0x7fda75de7838;  0 drivers
o0x7fda75de7868 .functor BUFZ 1, C4<z>; HiZ drive
v0x555563865a10_0 .net "SBADRI5", 0 0, o0x7fda75de7868;  0 drivers
o0x7fda75de7898 .functor BUFZ 1, C4<z>; HiZ drive
v0x555563865ad0_0 .net "SBADRI6", 0 0, o0x7fda75de7898;  0 drivers
o0x7fda75de78c8 .functor BUFZ 1, C4<z>; HiZ drive
v0x555563865b90_0 .net "SBADRI7", 0 0, o0x7fda75de78c8;  0 drivers
o0x7fda75de78f8 .functor BUFZ 1, C4<z>; HiZ drive
v0x555563865c50_0 .net "SBCLKI", 0 0, o0x7fda75de78f8;  0 drivers
o0x7fda75de7928 .functor BUFZ 1, C4<z>; HiZ drive
v0x555563865d10_0 .net "SBDATI0", 0 0, o0x7fda75de7928;  0 drivers
o0x7fda75de7958 .functor BUFZ 1, C4<z>; HiZ drive
v0x555563865dd0_0 .net "SBDATI1", 0 0, o0x7fda75de7958;  0 drivers
o0x7fda75de7988 .functor BUFZ 1, C4<z>; HiZ drive
v0x555563865e90_0 .net "SBDATI2", 0 0, o0x7fda75de7988;  0 drivers
o0x7fda75de79b8 .functor BUFZ 1, C4<z>; HiZ drive
v0x555563865f50_0 .net "SBDATI3", 0 0, o0x7fda75de79b8;  0 drivers
o0x7fda75de79e8 .functor BUFZ 1, C4<z>; HiZ drive
v0x555563866010_0 .net "SBDATI4", 0 0, o0x7fda75de79e8;  0 drivers
o0x7fda75de7a18 .functor BUFZ 1, C4<z>; HiZ drive
v0x5555638660d0_0 .net "SBDATI5", 0 0, o0x7fda75de7a18;  0 drivers
o0x7fda75de7a48 .functor BUFZ 1, C4<z>; HiZ drive
v0x555563866190_0 .net "SBDATI6", 0 0, o0x7fda75de7a48;  0 drivers
o0x7fda75de7a78 .functor BUFZ 1, C4<z>; HiZ drive
v0x555563866250_0 .net "SBDATI7", 0 0, o0x7fda75de7a78;  0 drivers
o0x7fda75de7aa8 .functor BUFZ 1, C4<z>; HiZ drive
v0x555563866310_0 .net "SBDATO0", 0 0, o0x7fda75de7aa8;  0 drivers
o0x7fda75de7ad8 .functor BUFZ 1, C4<z>; HiZ drive
v0x5555638663d0_0 .net "SBDATO1", 0 0, o0x7fda75de7ad8;  0 drivers
o0x7fda75de7b08 .functor BUFZ 1, C4<z>; HiZ drive
v0x555563866490_0 .net "SBDATO2", 0 0, o0x7fda75de7b08;  0 drivers
o0x7fda75de7b38 .functor BUFZ 1, C4<z>; HiZ drive
v0x555563866550_0 .net "SBDATO3", 0 0, o0x7fda75de7b38;  0 drivers
o0x7fda75de7b68 .functor BUFZ 1, C4<z>; HiZ drive
v0x555563866610_0 .net "SBDATO4", 0 0, o0x7fda75de7b68;  0 drivers
o0x7fda75de7b98 .functor BUFZ 1, C4<z>; HiZ drive
v0x5555638666d0_0 .net "SBDATO5", 0 0, o0x7fda75de7b98;  0 drivers
o0x7fda75de7bc8 .functor BUFZ 1, C4<z>; HiZ drive
v0x555563866790_0 .net "SBDATO6", 0 0, o0x7fda75de7bc8;  0 drivers
o0x7fda75de7bf8 .functor BUFZ 1, C4<z>; HiZ drive
v0x555563866850_0 .net "SBDATO7", 0 0, o0x7fda75de7bf8;  0 drivers
o0x7fda75de7c28 .functor BUFZ 1, C4<z>; HiZ drive
v0x555563866910_0 .net "SBRWI", 0 0, o0x7fda75de7c28;  0 drivers
o0x7fda75de7c58 .functor BUFZ 1, C4<z>; HiZ drive
v0x5555638669d0_0 .net "SBSTBI", 0 0, o0x7fda75de7c58;  0 drivers
o0x7fda75de7c88 .functor BUFZ 1, C4<z>; HiZ drive
v0x555563866a90_0 .net "SCKI", 0 0, o0x7fda75de7c88;  0 drivers
o0x7fda75de7cb8 .functor BUFZ 1, C4<z>; HiZ drive
v0x555563866b50_0 .net "SCKO", 0 0, o0x7fda75de7cb8;  0 drivers
o0x7fda75de7ce8 .functor BUFZ 1, C4<z>; HiZ drive
v0x555563866c10_0 .net "SCKOE", 0 0, o0x7fda75de7ce8;  0 drivers
o0x7fda75de7d18 .functor BUFZ 1, C4<z>; HiZ drive
v0x555563866cd0_0 .net "SCSNI", 0 0, o0x7fda75de7d18;  0 drivers
o0x7fda75de7d48 .functor BUFZ 1, C4<z>; HiZ drive
v0x555563866d90_0 .net "SI", 0 0, o0x7fda75de7d48;  0 drivers
o0x7fda75de7d78 .functor BUFZ 1, C4<z>; HiZ drive
v0x555563866e50_0 .net "SO", 0 0, o0x7fda75de7d78;  0 drivers
o0x7fda75de7da8 .functor BUFZ 1, C4<z>; HiZ drive
v0x555563866f10_0 .net "SOE", 0 0, o0x7fda75de7da8;  0 drivers
o0x7fda75de7dd8 .functor BUFZ 1, C4<z>; HiZ drive
v0x555563866fd0_0 .net "SPIIRQ", 0 0, o0x7fda75de7dd8;  0 drivers
o0x7fda75de7e08 .functor BUFZ 1, C4<z>; HiZ drive
v0x555563867090_0 .net "SPIWKUP", 0 0, o0x7fda75de7e08;  0 drivers
S_0x55556368aca0 .scope module, "SB_SPRAM256KA" "SB_SPRAM256KA" 2 2600;
 .timescale -12 -12;
    .port_info 0 /INPUT 14 "ADDRESS";
    .port_info 1 /INPUT 16 "DATAIN";
    .port_info 2 /INPUT 4 "MASKWREN";
    .port_info 3 /INPUT 1 "WREN";
    .port_info 4 /INPUT 1 "CHIPSELECT";
    .port_info 5 /INPUT 1 "CLOCK";
    .port_info 6 /INPUT 1 "STANDBY";
    .port_info 7 /INPUT 1 "SLEEP";
    .port_info 8 /INPUT 1 "POWEROFF";
    .port_info 9 /OUTPUT 16 "DATAOUT";
o0x7fda75de8888 .functor BUFZ 1, C4<z>; HiZ drive
L_0x55556388ca50 .functor OR 1, o0x7fda75de8888, L_0x55556388c950, C4<0>, C4<0>;
o0x7fda75de8738 .functor BUFZ 14, C4<zzzzzzzzzzzzzz>; HiZ drive
v0x5555638679c0_0 .net "ADDRESS", 13 0, o0x7fda75de8738;  0 drivers
o0x7fda75de8768 .functor BUFZ 1, C4<z>; HiZ drive
v0x555563867ac0_0 .net "CHIPSELECT", 0 0, o0x7fda75de8768;  0 drivers
o0x7fda75de8798 .functor BUFZ 1, C4<z>; HiZ drive
v0x555563867b80_0 .net "CLOCK", 0 0, o0x7fda75de8798;  0 drivers
o0x7fda75de87c8 .functor BUFZ 16, C4<zzzzzzzzzzzzzzzz>; HiZ drive
v0x555563867c20_0 .net "DATAIN", 15 0, o0x7fda75de87c8;  0 drivers
v0x555563867d00_0 .var "DATAOUT", 15 0;
o0x7fda75de8828 .functor BUFZ 4, C4<zzzz>; HiZ drive
v0x555563867de0_0 .net "MASKWREN", 3 0, o0x7fda75de8828;  0 drivers
o0x7fda75de8858 .functor BUFZ 1, C4<z>; HiZ drive
v0x555563867ec0_0 .net "POWEROFF", 0 0, o0x7fda75de8858;  0 drivers
v0x555563867f80_0 .net "SLEEP", 0 0, o0x7fda75de8888;  0 drivers
o0x7fda75de88b8 .functor BUFZ 1, C4<z>; HiZ drive
v0x555563868040_0 .net "STANDBY", 0 0, o0x7fda75de88b8;  0 drivers
o0x7fda75de88e8 .functor BUFZ 1, C4<z>; HiZ drive
v0x555563868100_0 .net "WREN", 0 0, o0x7fda75de88e8;  0 drivers
v0x5555638681c0_0 .net *"_ivl_1", 0 0, L_0x55556388c950;  1 drivers
v0x555563868280_0 .var/i "i", 31 0;
v0x555563868360 .array "mem", 16383 0, 15 0;
v0x555563868420_0 .net "off", 0 0, L_0x55556388ca50;  1 drivers
E_0x5555638678e0 .event posedge, v0x555563868420_0, v0x555563867b80_0;
E_0x555563867960 .event negedge, v0x555563867ec0_0;
L_0x55556388c950 .reduce/nor o0x7fda75de8858;
S_0x5555636983d0 .scope module, "SB_WARMBOOT" "SB_WARMBOOT" 2 2593;
 .timescale -12 -12;
    .port_info 0 /INPUT 1 "BOOT";
    .port_info 1 /INPUT 1 "S1";
    .port_info 2 /INPUT 1 "S0";
o0x7fda75de8b88 .functor BUFZ 1, C4<z>; HiZ drive
v0x555563868620_0 .net "BOOT", 0 0, o0x7fda75de8b88;  0 drivers
o0x7fda75de8bb8 .functor BUFZ 1, C4<z>; HiZ drive
v0x555563868700_0 .net "S0", 0 0, o0x7fda75de8bb8;  0 drivers
o0x7fda75de8be8 .functor BUFZ 1, C4<z>; HiZ drive
v0x5555638687c0_0 .net "S1", 0 0, o0x7fda75de8be8;  0 drivers
S_0x5555636985d0 .scope module, "led_and_gate_tb" "led_and_gate_tb" 3 3;
 .timescale -9 -9;
v0x555563868c70_0 .net "LED0", 0 0, v0x555563868980_0;  1 drivers
v0x555563868d40_0 .var "SW1", 0 0;
v0x555563868e10_0 .var "SW2", 0 0;
S_0x55556368ab10 .scope module, "uut" "led_and_gate" 3 7, 4 3 0, S_0x5555636985d0;
 .timescale -12 -12;
    .port_info 0 /INPUT 1 "SW1";
    .port_info 1 /INPUT 1 "SW2";
    .port_info 2 /OUTPUT 1 "LED0";
v0x555563868980_0 .var "LED0", 0 0;
v0x555563868a60_0 .net "SW1", 0 0, v0x555563868d40_0;  1 drivers
v0x555563868b20_0 .net "SW2", 0 0, v0x555563868e10_0;  1 drivers
E_0x555563868900 .event anyedge, v0x555563868b20_0, v0x555563868a60_0;
    .scope S_0x55556369f840;
T_2 ;
    %pushi/vec4 0, 0, 1;
    %store/vec4 v0x5555635f7aa0_0, 0, 1;
    %pushi/vec4 0, 0, 1;
    %store/vec4 v0x5555635f7b60_0, 0, 1;
    %end;
    .thread T_2;
    .scope S_0x55556369f840;
T_3 ;
    %wait E_0x5555637de3b0;
    %load/vec4 v0x555563795460_0;
    %flag_set/vec4 8;
    %jmp/0xz  T_3.0, 8;
    %load/vec4 v0x555563607f80_0;
    %flag_set/vec4 8;
    %jmp/0 T_3.2, 8;
    %pushi/vec4 0, 0, 1;
    %jmp/1 T_3.3, 8;
T_3.2 ; End of true expr.
    %load/vec4 v0x555563601520_0;
    %jmp/0 T_3.3, 8;
 ; End of false expr.
    %blend;
T_3.3;
    %assign/vec4 v0x5555635f7aa0_0, 0;
T_3.0 ;
    %jmp T_3;
    .thread T_3;
    .scope S_0x55556369f840;
T_4 ;
    %wait E_0x5555637f5390;
    %load/vec4 v0x555563607f80_0;
    %flag_set/vec4 8;
    %jmp/0xz  T_4.0, 8;
    %pushi/vec4 0, 0, 1;
    %assign/vec4 v0x5555635f7b60_0, 0;
    %jmp T_4.1;
T_4.0 ;
    %load/vec4 v0x555563795460_0;
    %flag_set/vec4 8;
    %jmp/0xz  T_4.2, 8;
    %load/vec4 v0x555563601520_0;
    %assign/vec4 v0x5555635f7b60_0, 0;
T_4.2 ;
T_4.1 ;
    %jmp T_4;
    .thread T_4;
    .scope S_0x5555635f6580;
T_5 ;
    %pushi/vec4 0, 0, 32;
    %store/vec4 v0x5555638317d0_0, 0, 32;
T_5.0 ; Top of for-loop 
    %load/vec4 v0x5555638317d0_0;
    %cmpi/s 16, 0, 32;
    %jmp/0xz T_5.1, 5;
    %pushi/vec4 0, 0, 256;
    %load/vec4 v0x5555638317d0_0;
    %muli 16, 0, 32;
    %part/s 16;
    %pushi/vec4 0, 0, 32;
    %load/vec4 v0x5555638317d0_0;
    %add;
    %ix/vec4/s 4;
    %store/vec4a v0x5555638318b0, 4, 0;
    %pushi/vec4 0, 0, 256;
    %load/vec4 v0x5555638317d0_0;
    %muli 16, 0, 32;
    %part/s 16;
    %pushi/vec4 16, 0, 32;
    %load/vec4 v0x5555638317d0_0;
    %add;
    %ix/vec4/s 4;
    %store/vec4a v0x5555638318b0, 4, 0;
    %pushi/vec4 0, 0, 256;
    %load/vec4 v0x5555638317d0_0;
    %muli 16, 0, 32;
    %part/s 16;
    %pushi/vec4 32, 0, 32;
    %load/vec4 v0x5555638317d0_0;
    %add;
    %ix/vec4/s 4;
    %store/vec4a v0x5555638318b0, 4, 0;
    %pushi/vec4 0, 0, 256;
    %load/vec4 v0x5555638317d0_0;
    %muli 16, 0, 32;
    %part/s 16;
    %pushi/vec4 48, 0, 32;
    %load/vec4 v0x5555638317d0_0;
    %add;
    %ix/vec4/s 4;
    %store/vec4a v0x5555638318b0, 4, 0;
    %pushi/vec4 0, 0, 256;
    %load/vec4 v0x5555638317d0_0;
    %muli 16, 0, 32;
    %part/s 16;
    %pushi/vec4 64, 0, 32;
    %load/vec4 v0x5555638317d0_0;
    %add;
    %ix/vec4/s 4;
    %store/vec4a v0x5555638318b0, 4, 0;
    %pushi/vec4 0, 0, 256;
    %load/vec4 v0x5555638317d0_0;
    %muli 16, 0, 32;
    %part/s 16;
    %pushi/vec4 80, 0, 32;
    %load/vec4 v0x5555638317d0_0;
    %add;
    %ix/vec4/s 4;
    %store/vec4a v0x5555638318b0, 4, 0;
    %pushi/vec4 0, 0, 256;
    %load/vec4 v0x5555638317d0_0;
    %muli 16, 0, 32;
    %part/s 16;
    %pushi/vec4 96, 0, 32;
    %load/vec4 v0x5555638317d0_0;
    %add;
    %ix/vec4/s 4;
    %store/vec4a v0x5555638318b0, 4, 0;
    %pushi/vec4 0, 0, 256;
    %load/vec4 v0x5555638317d0_0;
    %muli 16, 0, 32;
    %part/s 16;
    %pushi/vec4 112, 0, 32;
    %load/vec4 v0x5555638317d0_0;
    %add;
    %ix/vec4/s 4;
    %store/vec4a v0x5555638318b0, 4, 0;
    %pushi/vec4 0, 0, 256;
    %load/vec4 v0x5555638317d0_0;
    %muli 16, 0, 32;
    %part/s 16;
    %pushi/vec4 128, 0, 32;
    %load/vec4 v0x5555638317d0_0;
    %add;
    %ix/vec4/s 4;
    %store/vec4a v0x5555638318b0, 4, 0;
    %pushi/vec4 0, 0, 256;
    %load/vec4 v0x5555638317d0_0;
    %muli 16, 0, 32;
    %part/s 16;
    %pushi/vec4 144, 0, 32;
    %load/vec4 v0x5555638317d0_0;
    %add;
    %ix/vec4/s 4;
    %store/vec4a v0x5555638318b0, 4, 0;
    %pushi/vec4 0, 0, 256;
    %load/vec4 v0x5555638317d0_0;
    %muli 16, 0, 32;
    %part/s 16;
    %pushi/vec4 160, 0, 32;
    %load/vec4 v0x5555638317d0_0;
    %add;
    %ix/vec4/s 4;
    %store/vec4a v0x5555638318b0, 4, 0;
    %pushi/vec4 0, 0, 256;
    %load/vec4 v0x5555638317d0_0;
    %muli 16, 0, 32;
    %part/s 16;
    %pushi/vec4 176, 0, 32;
    %load/vec4 v0x5555638317d0_0;
    %add;
    %ix/vec4/s 4;
    %store/vec4a v0x5555638318b0, 4, 0;
    %pushi/vec4 0, 0, 256;
    %load/vec4 v0x5555638317d0_0;
    %muli 16, 0, 32;
    %part/s 16;
    %pushi/vec4 192, 0, 32;
    %load/vec4 v0x5555638317d0_0;
    %add;
    %ix/vec4/s 4;
    %store/vec4a v0x5555638318b0, 4, 0;
    %pushi/vec4 0, 0, 256;
    %load/vec4 v0x5555638317d0_0;
    %muli 16, 0, 32;
    %part/s 16;
    %pushi/vec4 208, 0, 32;
    %load/vec4 v0x5555638317d0_0;
    %add;
    %ix/vec4/s 4;
    %store/vec4a v0x5555638318b0, 4, 0;
    %pushi/vec4 0, 0, 256;
    %load/vec4 v0x5555638317d0_0;
    %muli 16, 0, 32;
    %part/s 16;
    %pushi/vec4 224, 0, 32;
    %load/vec4 v0x5555638317d0_0;
    %add;
    %ix/vec4/s 4;
    %store/vec4a v0x5555638318b0, 4, 0;
    %pushi/vec4 0, 0, 256;
    %load/vec4 v0x5555638317d0_0;
    %muli 16, 0, 32;
    %part/s 16;
    %pushi/vec4 240, 0, 32;
    %load/vec4 v0x5555638317d0_0;
    %add;
    %ix/vec4/s 4;
    %store/vec4a v0x5555638318b0, 4, 0;
T_5.2 ; for-loop step statement
    %load/vec4 v0x5555638317d0_0;
    %addi 1, 0, 32;
    %store/vec4 v0x5555638317d0_0, 0, 32;
    %jmp T_5.0;
T_5.1 ; for-loop exit label
    %end;
    .thread T_5;
    .scope S_0x5555635f6580;
T_6 ;
    %wait E_0x5555637d7230;
    %load/vec4 v0x555563831630_0;
    %flag_set/vec4 9;
    %flag_get/vec4 9;
    %jmp/0 T_6.2, 9;
    %load/vec4 v0x5555638313b0_0;
    %and;
T_6.2;
    %flag_set/vec4 8;
    %jmp/0xz  T_6.0, 8;
    %load/vec4 v0x5555638316f0_0;
    %parti/s 1, 0, 2;
    %nor/r;
    %flag_set/vec4 8;
    %jmp/0xz  T_6.3, 8;
    %load/vec4 v0x555563831550_0;
    %parti/s 1, 0, 2;
    %load/vec4 v0x555563831210_0;
    %parti/s 8, 0, 2;
    %pad/u 10;
    %ix/vec4 3;
    %ix/load 4, 0, 0; Constant delay
    %assign/vec4/a/d v0x5555638318b0, 0, 4;
T_6.3 ;
    %load/vec4 v0x5555638316f0_0;
    %parti/s 1, 1, 2;
    %nor/r;
    %flag_set/vec4 8;
    %jmp/0xz  T_6.5, 8;
    %load/vec4 v0x555563831550_0;
    %parti/s 1, 1, 2;
    %load/vec4 v0x555563831210_0;
    %parti/s 8, 0, 2;
    %pad/u 10;
    %ix/vec4 3;
    %ix/load 4, 1, 0; part off
    %ix/load 5, 0, 0; Constant delay
    %assign/vec4/a/d v0x5555638318b0, 4, 5;
T_6.5 ;
    %load/vec4 v0x5555638316f0_0;
    %parti/s 1, 2, 3;
    %nor/r;
    %flag_set/vec4 8;
    %jmp/0xz  T_6.7, 8;
    %load/vec4 v0x555563831550_0;
    %parti/s 1, 2, 3;
    %load/vec4 v0x555563831210_0;
    %parti/s 8, 0, 2;
    %pad/u 10;
    %ix/vec4 3;
    %ix/load 4, 2, 0; part off
    %ix/load 5, 0, 0; Constant delay
    %assign/vec4/a/d v0x5555638318b0, 4, 5;
T_6.7 ;
    %load/vec4 v0x5555638316f0_0;
    %parti/s 1, 3, 3;
    %nor/r;
    %flag_set/vec4 8;
    %jmp/0xz  T_6.9, 8;
    %load/vec4 v0x555563831550_0;
    %parti/s 1, 3, 3;
    %load/vec4 v0x555563831210_0;
    %parti/s 8, 0, 2;
    %pad/u 10;
    %ix/vec4 3;
    %ix/load 4, 3, 0; part off
    %ix/load 5, 0, 0; Constant delay
    %assign/vec4/a/d v0x5555638318b0, 4, 5;
T_6.9 ;
    %load/vec4 v0x5555638316f0_0;
    %parti/s 1, 4, 4;
    %nor/r;
    %flag_set/vec4 8;
    %jmp/0xz  T_6.11, 8;
    %load/vec4 v0x555563831550_0;
    %parti/s 1, 4, 4;
    %load/vec4 v0x555563831210_0;
    %parti/s 8, 0, 2;
    %pad/u 10;
    %ix/vec4 3;
    %ix/load 4, 4, 0; part off
    %ix/load 5, 0, 0; Constant delay
    %assign/vec4/a/d v0x5555638318b0, 4, 5;
T_6.11 ;
    %load/vec4 v0x5555638316f0_0;
    %parti/s 1, 5, 4;
    %nor/r;
    %flag_set/vec4 8;
    %jmp/0xz  T_6.13, 8;
    %load/vec4 v0x555563831550_0;
    %parti/s 1, 5, 4;
    %load/vec4 v0x555563831210_0;
    %parti/s 8, 0, 2;
    %pad/u 10;
    %ix/vec4 3;
    %ix/load 4, 5, 0; part off
    %ix/load 5, 0, 0; Constant delay
    %assign/vec4/a/d v0x5555638318b0, 4, 5;
T_6.13 ;
    %load/vec4 v0x5555638316f0_0;
    %parti/s 1, 6, 4;
    %nor/r;
    %flag_set/vec4 8;
    %jmp/0xz  T_6.15, 8;
    %load/vec4 v0x555563831550_0;
    %parti/s 1, 6, 4;
    %load/vec4 v0x555563831210_0;
    %parti/s 8, 0, 2;
    %pad/u 10;
    %ix/vec4 3;
    %ix/load 4, 6, 0; part off
    %ix/load 5, 0, 0; Constant delay
    %assign/vec4/a/d v0x5555638318b0, 4, 5;
T_6.15 ;
    %load/vec4 v0x5555638316f0_0;
    %parti/s 1, 7, 4;
    %nor/r;
    %flag_set/vec4 8;
    %jmp/0xz  T_6.17, 8;
    %load/vec4 v0x555563831550_0;
    %parti/s 1, 7, 4;
    %load/vec4 v0x555563831210_0;
    %parti/s 8, 0, 2;
    %pad/u 10;
    %ix/vec4 3;
    %ix/load 4, 7, 0; part off
    %ix/load 5, 0, 0; Constant delay
    %assign/vec4/a/d v0x5555638318b0, 4, 5;
T_6.17 ;
    %load/vec4 v0x5555638316f0_0;
    %parti/s 1, 8, 5;
    %nor/r;
    %flag_set/vec4 8;
    %jmp/0xz  T_6.19, 8;
    %load/vec4 v0x555563831550_0;
    %parti/s 1, 8, 5;
    %load/vec4 v0x555563831210_0;
    %parti/s 8, 0, 2;
    %pad/u 10;
    %ix/vec4 3;
    %ix/load 4, 8, 0; part off
    %ix/load 5, 0, 0; Constant delay
    %assign/vec4/a/d v0x5555638318b0, 4, 5;
T_6.19 ;
    %load/vec4 v0x5555638316f0_0;
    %parti/s 1, 9, 5;
    %nor/r;
    %flag_set/vec4 8;
    %jmp/0xz  T_6.21, 8;
    %load/vec4 v0x555563831550_0;
    %parti/s 1, 9, 5;
    %load/vec4 v0x555563831210_0;
    %parti/s 8, 0, 2;
    %pad/u 10;
    %ix/vec4 3;
    %ix/load 4, 9, 0; part off
    %ix/load 5, 0, 0; Constant delay
    %assign/vec4/a/d v0x5555638318b0, 4, 5;
T_6.21 ;
    %load/vec4 v0x5555638316f0_0;
    %parti/s 1, 10, 5;
    %nor/r;
    %flag_set/vec4 8;
    %jmp/0xz  T_6.23, 8;
    %load/vec4 v0x555563831550_0;
    %parti/s 1, 10, 5;
    %load/vec4 v0x555563831210_0;
    %parti/s 8, 0, 2;
    %pad/u 10;
    %ix/vec4 3;
    %ix/load 4, 10, 0; part off
    %ix/load 5, 0, 0; Constant delay
    %assign/vec4/a/d v0x5555638318b0, 4, 5;
T_6.23 ;
    %load/vec4 v0x5555638316f0_0;
    %parti/s 1, 11, 5;
    %nor/r;
    %flag_set/vec4 8;
    %jmp/0xz  T_6.25, 8;
    %load/vec4 v0x555563831550_0;
    %parti/s 1, 11, 5;
    %load/vec4 v0x555563831210_0;
    %parti/s 8, 0, 2;
    %pad/u 10;
    %ix/vec4 3;
    %ix/load 4, 11, 0; part off
    %ix/load 5, 0, 0; Constant delay
    %assign/vec4/a/d v0x5555638318b0, 4, 5;
T_6.25 ;
    %load/vec4 v0x5555638316f0_0;
    %parti/s 1, 12, 5;
    %nor/r;
    %flag_set/vec4 8;
    %jmp/0xz  T_6.27, 8;
    %load/vec4 v0x555563831550_0;
    %parti/s 1, 12, 5;
    %load/vec4 v0x555563831210_0;
    %parti/s 8, 0, 2;
    %pad/u 10;
    %ix/vec4 3;
    %ix/load 4, 12, 0; part off
    %ix/load 5, 0, 0; Constant delay
    %assign/vec4/a/d v0x5555638318b0, 4, 5;
T_6.27 ;
    %load/vec4 v0x5555638316f0_0;
    %parti/s 1, 13, 5;
    %nor/r;
    %flag_set/vec4 8;
    %jmp/0xz  T_6.29, 8;
    %load/vec4 v0x555563831550_0;
    %parti/s 1, 13, 5;
    %load/vec4 v0x555563831210_0;
    %parti/s 8, 0, 2;
    %pad/u 10;
    %ix/vec4 3;
    %ix/load 4, 13, 0; part off
    %ix/load 5, 0, 0; Constant delay
    %assign/vec4/a/d v0x5555638318b0, 4, 5;
T_6.29 ;
    %load/vec4 v0x5555638316f0_0;
    %parti/s 1, 14, 5;
    %nor/r;
    %flag_set/vec4 8;
    %jmp/0xz  T_6.31, 8;
    %load/vec4 v0x555563831550_0;
    %parti/s 1, 14, 5;
    %load/vec4 v0x555563831210_0;
    %parti/s 8, 0, 2;
    %pad/u 10;
    %ix/vec4 3;
    %ix/load 4, 14, 0; part off
    %ix/load 5, 0, 0; Constant delay
    %assign/vec4/a/d v0x5555638318b0, 4, 5;
T_6.31 ;
    %load/vec4 v0x5555638316f0_0;
    %parti/s 1, 15, 5;
    %nor/r;
    %flag_set/vec4 8;
    %jmp/0xz  T_6.33, 8;
    %load/vec4 v0x555563831550_0;
    %parti/s 1, 15, 5;
    %load/vec4 v0x555563831210_0;
    %parti/s 8, 0, 2;
    %pad/u 10;
    %ix/vec4 3;
    %ix/load 4, 15, 0; part off
    %ix/load 5, 0, 0; Constant delay
    %assign/vec4/a/d v0x5555638318b0, 4, 5;
T_6.33 ;
T_6.0 ;
    %jmp T_6;
    .thread T_6;
    .scope S_0x5555635f6580;
T_7 ;
    %wait E_0x5555637de740;
    %load/vec4 v0x555563831070_0;
    %flag_set/vec4 9;
    %flag_get/vec4 9;
    %jmp/0 T_7.2, 9;
    %load/vec4 v0x555563830da0_0;
    %and;
T_7.2;
    %flag_set/vec4 8;
    %jmp/0xz  T_7.0, 8;
    %load/vec4 v0x555563830c20_0;
    %parti/s 8, 0, 2;
    %pad/u 10;
    %ix/vec4 4;
    %load/vec4a v0x5555638318b0, 4;
    %load/vec4 v0x555563831130_0;
    %inv;
    %and;
    %assign/vec4 v0x555563830f90_0, 0;
T_7.0 ;
    %jmp T_7;
    .thread T_7;
    .scope S_0x5555637f2e40;
T_8 ;
    %pushi/vec4 0, 0, 1;
    %store/vec4 v0x55556383ab30_0, 0, 1;
    %end;
    .thread T_8;
    .scope S_0x5555637f2e40;
T_9 ;
    %wait E_0x5555637d75f0;
    %load/vec4 v0x55556383aa70_0;
    %assign/vec4 v0x55556383ab30_0, 0;
    %jmp T_9;
    .thread T_9;
    .scope S_0x5555638070d0;
T_10 ;
    %pushi/vec4 0, 0, 1;
    %store/vec4 v0x55556383aee0_0, 0, 1;
    %end;
    .thread T_10;
    .scope S_0x5555638070d0;
T_11 ;
    %wait E_0x5555637f4510;
    %load/vec4 v0x55556383ae10_0;
    %flag_set/vec4 8;
    %jmp/0xz  T_11.0, 8;
    %load/vec4 v0x55556383ad50_0;
    %assign/vec4 v0x55556383aee0_0, 0;
T_11.0 ;
    %jmp T_11;
    .thread T_11;
    .scope S_0x555563806ce0;
T_12 ;
    %pushi/vec4 0, 0, 1;
    %store/vec4 v0x55556383b2d0_0, 0, 1;
    %end;
    .thread T_12;
    .scope S_0x555563806ce0;
T_13 ;
    %wait E_0x5555637f4b80;
    %load/vec4 v0x55556383b390_0;
    %flag_set/vec4 8;
    %jmp/0xz  T_13.0, 8;
    %pushi/vec4 0, 0, 1;
    %assign/vec4 v0x55556383b2d0_0, 0;
    %jmp T_13.1;
T_13.0 ;
    %load/vec4 v0x55556383b230_0;
    %flag_set/vec4 8;
    %jmp/0xz  T_13.2, 8;
    %load/vec4 v0x55556383b170_0;
    %assign/vec4 v0x55556383b2d0_0, 0;
T_13.2 ;
T_13.1 ;
    %jmp T_13;
    .thread T_13;
    .scope S_0x5555637f5570;
T_14 ;
    %pushi/vec4 0, 0, 1;
    %store/vec4 v0x55556383b7c0_0, 0, 1;
    %end;
    .thread T_14;
    .scope S_0x5555637f5570;
T_15 ;
    %wait E_0x5555637f4fd0;
    %load/vec4 v0x55556383b880_0;
    %flag_set/vec4 8;
    %jmp/0xz  T_15.0, 8;
    %pushi/vec4 1, 0, 1;
    %assign/vec4 v0x55556383b7c0_0, 0;
    %jmp T_15.1;
T_15.0 ;
    %load/vec4 v0x55556383b720_0;
    %flag_set/vec4 8;
    %jmp/0xz  T_15.2, 8;
    %load/vec4 v0x55556383b660_0;
    %assign/vec4 v0x55556383b7c0_0, 0;
T_15.2 ;
T_15.1 ;
    %jmp T_15;
    .thread T_15;
    .scope S_0x5555637f5180;
T_16 ;
    %pushi/vec4 0, 0, 1;
    %store/vec4 v0x55556383bcf0_0, 0, 1;
    %end;
    .thread T_16;
    .scope S_0x5555637f5180;
T_17 ;
    %wait E_0x55556383ba30;
    %load/vec4 v0x55556383bc50_0;
    %flag_set/vec4 8;
    %jmp/0xz  T_17.0, 8;
    %load/vec4 v0x55556383bdb0_0;
    %flag_set/vec4 8;
    %jmp/0xz  T_17.2, 8;
    %pushi/vec4 0, 0, 1;
    %assign/vec4 v0x55556383bcf0_0, 0;
    %jmp T_17.3;
T_17.2 ;
    %load/vec4 v0x55556383bb90_0;
    %assign/vec4 v0x55556383bcf0_0, 0;
T_17.3 ;
T_17.0 ;
    %jmp T_17;
    .thread T_17;
    .scope S_0x5555637f49b0;
T_18 ;
    %pushi/vec4 0, 0, 1;
    %store/vec4 v0x55556383c220_0, 0, 1;
    %end;
    .thread T_18;
    .scope S_0x5555637f49b0;
T_19 ;
    %wait E_0x55556383bf60;
    %load/vec4 v0x55556383c180_0;
    %flag_set/vec4 8;
    %jmp/0xz  T_19.0, 8;
    %load/vec4 v0x55556383c2e0_0;
    %flag_set/vec4 8;
    %jmp/0xz  T_19.2, 8;
    %pushi/vec4 1, 0, 1;
    %assign/vec4 v0x55556383c220_0, 0;
    %jmp T_19.3;
T_19.2 ;
    %load/vec4 v0x55556383c0c0_0;
    %assign/vec4 v0x55556383c220_0, 0;
T_19.3 ;
T_19.0 ;
    %jmp T_19;
    .thread T_19;
    .scope S_0x5555637ef7c0;
T_20 ;
    %pushi/vec4 0, 0, 1;
    %store/vec4 v0x55556383c6b0_0, 0, 1;
    %end;
    .thread T_20;
    .scope S_0x5555637ef7c0;
T_21 ;
    %wait E_0x55556383c490;
    %load/vec4 v0x55556383c5f0_0;
    %assign/vec4 v0x55556383c6b0_0, 0;
    %jmp T_21;
    .thread T_21;
    .scope S_0x5555637e9db0;
T_22 ;
    %pushi/vec4 0, 0, 1;
    %store/vec4 v0x55556383caa0_0, 0, 1;
    %end;
    .thread T_22;
    .scope S_0x5555637e9db0;
T_23 ;
    %wait E_0x55556383c7d0;
    %load/vec4 v0x55556383c9d0_0;
    %flag_set/vec4 8;
    %jmp/0xz  T_23.0, 8;
    %load/vec4 v0x55556383c910_0;
    %assign/vec4 v0x55556383caa0_0, 0;
T_23.0 ;
    %jmp T_23;
    .thread T_23;
    .scope S_0x5555637d19f0;
T_24 ;
    %pushi/vec4 0, 0, 1;
    %store/vec4 v0x55556383ced0_0, 0, 1;
    %end;
    .thread T_24;
    .scope S_0x5555637d19f0;
T_25 ;
    %wait E_0x55556383cc10;
    %load/vec4 v0x55556383cf90_0;
    %flag_set/vec4 8;
    %jmp/0xz  T_25.0, 8;
    %pushi/vec4 0, 0, 1;
    %assign/vec4 v0x55556383ced0_0, 0;
    %jmp T_25.1;
T_25.0 ;
    %load/vec4 v0x55556383ce30_0;
    %flag_set/vec4 8;
    %jmp/0xz  T_25.2, 8;
    %load/vec4 v0x55556383cd70_0;
    %assign/vec4 v0x55556383ced0_0, 0;
T_25.2 ;
T_25.1 ;
    %jmp T_25;
    .thread T_25;
    .scope S_0x5555637d1600;
T_26 ;
    %pushi/vec4 0, 0, 1;
    %store/vec4 v0x55556383d400_0, 0, 1;
    %end;
    .thread T_26;
    .scope S_0x5555637d1600;
T_27 ;
    %wait E_0x55556383d140;
    %load/vec4 v0x55556383d4c0_0;
    %flag_set/vec4 8;
    %jmp/0xz  T_27.0, 8;
    %pushi/vec4 1, 0, 1;
    %assign/vec4 v0x55556383d400_0, 0;
    %jmp T_27.1;
T_27.0 ;
    %load/vec4 v0x55556383d360_0;
    %flag_set/vec4 8;
    %jmp/0xz  T_27.2, 8;
    %load/vec4 v0x55556383d2a0_0;
    %assign/vec4 v0x55556383d400_0, 0;
T_27.2 ;
T_27.1 ;
    %jmp T_27;
    .thread T_27;
    .scope S_0x5555637ce700;
T_28 ;
    %pushi/vec4 0, 0, 1;
    %store/vec4 v0x55556383d930_0, 0, 1;
    %end;
    .thread T_28;
    .scope S_0x5555637ce700;
T_29 ;
    %wait E_0x55556383d670;
    %load/vec4 v0x55556383d890_0;
    %flag_set/vec4 8;
    %jmp/0xz  T_29.0, 8;
    %load/vec4 v0x55556383d9f0_0;
    %flag_set/vec4 8;
    %jmp/0xz  T_29.2, 8;
    %pushi/vec4 0, 0, 1;
    %assign/vec4 v0x55556383d930_0, 0;
    %jmp T_29.3;
T_29.2 ;
    %load/vec4 v0x55556383d7d0_0;
    %assign/vec4 v0x55556383d930_0, 0;
T_29.3 ;
T_29.0 ;
    %jmp T_29;
    .thread T_29;
    .scope S_0x5555637ce310;
T_30 ;
    %pushi/vec4 0, 0, 1;
    %store/vec4 v0x55556383de60_0, 0, 1;
    %end;
    .thread T_30;
    .scope S_0x5555637ce310;
T_31 ;
    %wait E_0x55556383dba0;
    %load/vec4 v0x55556383ddc0_0;
    %flag_set/vec4 8;
    %jmp/0xz  T_31.0, 8;
    %load/vec4 v0x55556383df20_0;
    %flag_set/vec4 8;
    %jmp/0xz  T_31.2, 8;
    %pushi/vec4 1, 0, 1;
    %assign/vec4 v0x55556383de60_0, 0;
    %jmp T_31.3;
T_31.2 ;
    %load/vec4 v0x55556383dd00_0;
    %assign/vec4 v0x55556383de60_0, 0;
T_31.3 ;
T_31.0 ;
    %jmp T_31;
    .thread T_31;
    .scope S_0x5555637c8690;
T_32 ;
    %pushi/vec4 0, 0, 1;
    %store/vec4 v0x55556383e2f0_0, 0, 1;
    %end;
    .thread T_32;
    .scope S_0x5555637c8690;
T_33 ;
    %wait E_0x55556383e0d0;
    %load/vec4 v0x55556383e390_0;
    %flag_set/vec4 8;
    %jmp/0xz  T_33.0, 8;
    %pushi/vec4 0, 0, 1;
    %assign/vec4 v0x55556383e2f0_0, 0;
    %jmp T_33.1;
T_33.0 ;
    %load/vec4 v0x55556383e230_0;
    %assign/vec4 v0x55556383e2f0_0, 0;
T_33.1 ;
    %jmp T_33;
    .thread T_33;
    .scope S_0x5555637cb330;
T_34 ;
    %pushi/vec4 0, 0, 1;
    %store/vec4 v0x55556383e720_0, 0, 1;
    %end;
    .thread T_34;
    .scope S_0x5555637cb330;
T_35 ;
    %wait E_0x55556383e500;
    %load/vec4 v0x55556383e7c0_0;
    %flag_set/vec4 8;
    %jmp/0xz  T_35.0, 8;
    %pushi/vec4 1, 0, 1;
    %assign/vec4 v0x55556383e720_0, 0;
    %jmp T_35.1;
T_35.0 ;
    %load/vec4 v0x55556383e660_0;
    %assign/vec4 v0x55556383e720_0, 0;
T_35.1 ;
    %jmp T_35;
    .thread T_35;
    .scope S_0x5555637caf40;
T_36 ;
    %pushi/vec4 0, 0, 1;
    %store/vec4 v0x55556383eb50_0, 0, 1;
    %end;
    .thread T_36;
    .scope S_0x5555637caf40;
T_37 ;
    %wait E_0x55556383e930;
    %load/vec4 v0x55556383ebf0_0;
    %flag_set/vec4 8;
    %jmp/0xz  T_37.0, 8;
    %pushi/vec4 0, 0, 1;
    %assign/vec4 v0x55556383eb50_0, 0;
    %jmp T_37.1;
T_37.0 ;
    %load/vec4 v0x55556383ea90_0;
    %assign/vec4 v0x55556383eb50_0, 0;
T_37.1 ;
    %jmp T_37;
    .thread T_37;
    .scope S_0x5555637c82d0;
T_38 ;
    %pushi/vec4 0, 0, 1;
    %store/vec4 v0x55556383ef80_0, 0, 1;
    %end;
    .thread T_38;
    .scope S_0x5555637c82d0;
T_39 ;
    %wait E_0x55556383ed60;
    %load/vec4 v0x55556383f020_0;
    %flag_set/vec4 8;
    %jmp/0xz  T_39.0, 8;
    %pushi/vec4 1, 0, 1;
    %assign/vec4 v0x55556383ef80_0, 0;
    %jmp T_39.1;
T_39.0 ;
    %load/vec4 v0x55556383eec0_0;
    %assign/vec4 v0x55556383ef80_0, 0;
T_39.1 ;
    %jmp T_39;
    .thread T_39;
    .scope S_0x5555637b3ec0;
T_40 ;
    %pushi/vec4 0, 0, 1;
    %store/vec4 v0x55556383f3b0_0, 0, 1;
    %end;
    .thread T_40;
    .scope S_0x5555637b3ec0;
T_41 ;
    %wait E_0x55556383f190;
    %load/vec4 v0x55556383f450_0;
    %flag_set/vec4 8;
    %jmp/0xz  T_41.0, 8;
    %pushi/vec4 0, 0, 1;
    %assign/vec4 v0x55556383f3b0_0, 0;
    %jmp T_41.1;
T_41.0 ;
    %load/vec4 v0x55556383f2f0_0;
    %assign/vec4 v0x55556383f3b0_0, 0;
T_41.1 ;
    %jmp T_41;
    .thread T_41;
    .scope S_0x5555637b3b80;
T_42 ;
    %pushi/vec4 0, 0, 1;
    %store/vec4 v0x55556383f7e0_0, 0, 1;
    %end;
    .thread T_42;
    .scope S_0x5555637b3b80;
T_43 ;
    %wait E_0x55556383f5c0;
    %load/vec4 v0x55556383f880_0;
    %flag_set/vec4 8;
    %jmp/0xz  T_43.0, 8;
    %pushi/vec4 1, 0, 1;
    %assign/vec4 v0x55556383f7e0_0, 0;
    %jmp T_43.1;
T_43.0 ;
    %load/vec4 v0x55556383f720_0;
    %assign/vec4 v0x55556383f7e0_0, 0;
T_43.1 ;
    %jmp T_43;
    .thread T_43;
    .scope S_0x5555637afa70;
T_44 ;
    %pushi/vec4 0, 0, 1;
    %store/vec4 v0x55556383fc10_0, 0, 1;
    %end;
    .thread T_44;
    .scope S_0x5555637afa70;
T_45 ;
    %wait E_0x55556383f9f0;
    %load/vec4 v0x55556383fcb0_0;
    %flag_set/vec4 8;
    %jmp/0xz  T_45.0, 8;
    %pushi/vec4 0, 0, 1;
    %assign/vec4 v0x55556383fc10_0, 0;
    %jmp T_45.1;
T_45.0 ;
    %load/vec4 v0x55556383fb50_0;
    %assign/vec4 v0x55556383fc10_0, 0;
T_45.1 ;
    %jmp T_45;
    .thread T_45;
    .scope S_0x5555637af6b0;
T_46 ;
    %pushi/vec4 0, 0, 1;
    %store/vec4 v0x555563840040_0, 0, 1;
    %end;
    .thread T_46;
    .scope S_0x5555637af6b0;
T_47 ;
    %wait E_0x55556383fe20;
    %load/vec4 v0x5555638400e0_0;
    %flag_set/vec4 8;
    %jmp/0xz  T_47.0, 8;
    %pushi/vec4 1, 0, 1;
    %assign/vec4 v0x555563840040_0, 0;
    %jmp T_47.1;
T_47.0 ;
    %load/vec4 v0x55556383ff80_0;
    %assign/vec4 v0x555563840040_0, 0;
T_47.1 ;
    %jmp T_47;
    .thread T_47;
    .scope S_0x555563840cf0;
T_48 ;
    %wait E_0x555563841010;
    %load/vec4 v0x5555638419f0_0;
    %assign/vec4 v0x555563841ab0_0, 0;
    %jmp T_48;
    .thread T_48;
    .scope S_0x555563840cf0;
T_49 ;
    %wait E_0x555563841010;
    %load/vec4 v0x5555638419f0_0;
    %flag_set/vec4 8;
    %jmp/0xz  T_49.0, 8;
    %load/vec4 v0x555563841790_0;
    %assign/vec4 v0x555563841ec0_0, 0;
T_49.0 ;
    %jmp T_49;
    .thread T_49;
    .scope S_0x555563840cf0;
T_50 ;
    %wait E_0x555563840fb0;
    %load/vec4 v0x555563841ab0_0;
    %flag_set/vec4 8;
    %jmp/0xz  T_50.0, 8;
    %load/vec4 v0x555563841790_0;
    %assign/vec4 v0x555563841f80_0, 0;
T_50.0 ;
    %jmp T_50;
    .thread T_50;
    .scope S_0x555563840cf0;
T_51 ;
    %wait E_0x555563840ed0;
    %load/vec4 v0x5555638419f0_0;
    %assign/vec4 v0x555563841b70_0, 0;
    %jmp T_51;
    .thread T_51;
    .scope S_0x555563840cf0;
T_52 ;
    %wait E_0x555563840ed0;
    %load/vec4 v0x5555638419f0_0;
    %flag_set/vec4 8;
    %jmp/0xz  T_52.0, 8;
    %load/vec4 v0x5555638412c0_0;
    %assign/vec4 v0x555563842100_0, 0;
T_52.0 ;
    %jmp T_52;
    .thread T_52;
    .scope S_0x555563840cf0;
T_53 ;
    %wait E_0x555563840f50;
    %load/vec4 v0x555563841b70_0;
    %flag_set/vec4 8;
    %jmp/0xz  T_53.0, 8;
    %load/vec4 v0x555563841380_0;
    %assign/vec4 v0x5555638421c0_0, 0;
T_53.0 ;
    %jmp T_53;
    .thread T_53;
    .scope S_0x555563840cf0;
T_54 ;
    %wait E_0x555563840ed0;
    %load/vec4 v0x5555638419f0_0;
    %flag_set/vec4 8;
    %jmp/0xz  T_54.0, 8;
    %load/vec4 v0x5555638416d0_0;
    %assign/vec4 v0x555563842400_0, 0;
T_54.0 ;
    %jmp T_54;
    .thread T_54;
    .scope S_0x555563840630;
T_55 ;
    %wait E_0x555563840c60;
    %load/vec4 v0x555563841ec0_0;
    %store/vec4 v0x555563841c30_0, 0, 1;
    %load/vec4 v0x555563841f80_0;
    %store/vec4 v0x555563841cf0_0, 0, 1;
    %jmp T_55;
    .thread T_55, $push;
    .scope S_0x555563840630;
T_56 ;
    %wait E_0x555563840c00;
    %load/vec4 v0x555563841610_0;
    %assign/vec4 v0x555563842280_0, 0;
    %jmp T_56;
    .thread T_56, $push;
    .scope S_0x555563840630;
T_57 ;
    %wait E_0x555563840ba0;
    %load/vec4 v0x555563842280_0;
    %assign/vec4 v0x555563842340_0, 0;
    %jmp T_57;
    .thread T_57, $push;
    .scope S_0x555563840630;
T_58 ;
    %wait E_0x555563840b40;
    %load/vec4 v0x555563842340_0;
    %pushi/vec4 0, 0, 1;
    %xor;
    %flag_set/vec4 8;
    %jmp/1 T_58.2, 8;
    %pushi/vec4 0, 0, 1;
    %flag_set/vec4 9;
    %flag_or 8, 9;
T_58.2;
    %jmp/0 T_58.0, 8;
    %load/vec4 v0x555563842100_0;
    %jmp/1 T_58.1, 8;
T_58.0 ; End of true expr.
    %load/vec4 v0x5555638421c0_0;
    %jmp/0 T_58.1, 8;
 ; End of false expr.
    %blend;
T_58.1;
    %store/vec4 v0x555563842040_0, 0, 1;
    %jmp T_58;
    .thread T_58, $push;
    .scope S_0x555563845eb0;
T_59 ;
    %wait E_0x555563846180;
    %load/vec4 v0x555563846210_0;
    %flag_set/vec4 8;
    %jmp/0xz  T_59.0, 8;
    %load/vec4 v0x555563846900_0;
    %assign/vec4 v0x555563846cc0_0, 0;
T_59.0 ;
    %jmp T_59;
    .thread T_59;
    .scope S_0x555563845eb0;
T_60 ;
    %wait E_0x555563846120;
    %load/vec4 v0x555563846210_0;
    %flag_set/vec4 8;
    %jmp/0xz  T_60.0, 8;
    %load/vec4 v0x555563846900_0;
    %assign/vec4 v0x555563846d80_0, 0;
T_60.0 ;
    %jmp T_60;
    .thread T_60;
    .scope S_0x555563845eb0;
T_61 ;
    %wait E_0x555563846040;
    %load/vec4 v0x555563846210_0;
    %flag_set/vec4 8;
    %jmp/0xz  T_61.0, 8;
    %load/vec4 v0x555563846430_0;
    %assign/vec4 v0x555563846f00_0, 0;
T_61.0 ;
    %jmp T_61;
    .thread T_61;
    .scope S_0x555563845eb0;
T_62 ;
    %wait E_0x5555638460c0;
    %load/vec4 v0x555563846210_0;
    %flag_set/vec4 8;
    %jmp/0xz  T_62.0, 8;
    %load/vec4 v0x5555638464f0_0;
    %assign/vec4 v0x555563846fc0_0, 0;
T_62.0 ;
    %jmp T_62;
    .thread T_62;
    .scope S_0x555563845eb0;
T_63 ;
    %wait E_0x555563846040;
    %load/vec4 v0x555563846210_0;
    %flag_set/vec4 8;
    %jmp/0xz  T_63.0, 8;
    %load/vec4 v0x555563846840_0;
    %assign/vec4 v0x555563847200_0, 0;
T_63.0 ;
    %jmp T_63;
    .thread T_63;
    .scope S_0x5555637ef230;
T_64 ;
    %wait E_0x555563845e20;
    %load/vec4 v0x555563846cc0_0;
    %store/vec4 v0x555563846b40_0, 0, 1;
    %load/vec4 v0x555563846d80_0;
    %store/vec4 v0x555563846c00_0, 0, 1;
    %jmp T_64;
    .thread T_64, $push;
    .scope S_0x5555637ef230;
T_65 ;
    %wait E_0x555563845dc0;
    %load/vec4 v0x555563846780_0;
    %assign/vec4 v0x555563847080_0, 0;
    %jmp T_65;
    .thread T_65, $push;
    .scope S_0x5555637ef230;
T_66 ;
    %wait E_0x555563845d60;
    %load/vec4 v0x555563847080_0;
    %assign/vec4 v0x555563847140_0, 0;
    %jmp T_66;
    .thread T_66, $push;
    .scope S_0x5555637ef230;
T_67 ;
    %wait E_0x555563845ce0;
    %load/vec4 v0x555563847140_0;
    %pushi/vec4 0, 0, 1;
    %xor;
    %flag_set/vec4 8;
    %jmp/1 T_67.2, 8;
    %pushi/vec4 0, 0, 1;
    %flag_set/vec4 9;
    %flag_or 8, 9;
T_67.2;
    %jmp/0 T_67.0, 8;
    %load/vec4 v0x555563846f00_0;
    %jmp/1 T_67.1, 8;
T_67.0 ; End of true expr.
    %load/vec4 v0x555563846fc0_0;
    %jmp/0 T_67.1, 8;
 ; End of false expr.
    %blend;
T_67.1;
    %store/vec4 v0x555563846e40_0, 0, 1;
    %jmp T_67;
    .thread T_67, $push;
    .scope S_0x555563847610;
T_68 ;
    %wait E_0x5555638478e0;
    %load/vec4 v0x555563847970_0;
    %flag_set/vec4 8;
    %jmp/0xz  T_68.0, 8;
    %load/vec4 v0x555563848060_0;
    %assign/vec4 v0x5555638482a0_0, 0;
T_68.0 ;
    %jmp T_68;
    .thread T_68;
    .scope S_0x555563847610;
T_69 ;
    %wait E_0x555563847880;
    %load/vec4 v0x555563847970_0;
    %flag_set/vec4 8;
    %jmp/0xz  T_69.0, 8;
    %load/vec4 v0x555563848060_0;
    %assign/vec4 v0x555563848360_0, 0;
T_69.0 ;
    %jmp T_69;
    .thread T_69;
    .scope S_0x555563847610;
T_70 ;
    %wait E_0x5555638477a0;
    %load/vec4 v0x555563847970_0;
    %flag_set/vec4 8;
    %jmp/0xz  T_70.0, 8;
    %load/vec4 v0x555563847b90_0;
    %assign/vec4 v0x5555638484e0_0, 0;
T_70.0 ;
    %jmp T_70;
    .thread T_70;
    .scope S_0x555563847610;
T_71 ;
    %wait E_0x555563847820;
    %load/vec4 v0x555563847970_0;
    %flag_set/vec4 8;
    %jmp/0xz  T_71.0, 8;
    %load/vec4 v0x555563847c50_0;
    %assign/vec4 v0x5555638485a0_0, 0;
T_71.0 ;
    %jmp T_71;
    .thread T_71;
    .scope S_0x555563847610;
T_72 ;
    %wait E_0x5555638477a0;
    %load/vec4 v0x555563847970_0;
    %flag_set/vec4 8;
    %jmp/0xz  T_72.0, 8;
    %load/vec4 v0x555563847fa0_0;
    %assign/vec4 v0x5555638488f0_0, 0;
T_72.0 ;
    %jmp T_72;
    .thread T_72;
    .scope S_0x5555637d89b0;
T_73 ;
    %wait E_0x555563847580;
    %load/vec4 v0x5555638482a0_0;
    %store/vec4 v0x555563848120_0, 0, 1;
    %load/vec4 v0x555563848360_0;
    %store/vec4 v0x5555638481e0_0, 0, 1;
    %jmp T_73;
    .thread T_73, $push;
    .scope S_0x5555637d89b0;
T_74 ;
    %wait E_0x555563847520;
    %load/vec4 v0x555563847ee0_0;
    %assign/vec4 v0x555563848770_0, 0;
    %jmp T_74;
    .thread T_74, $push;
    .scope S_0x5555637d89b0;
T_75 ;
    %wait E_0x5555638474c0;
    %load/vec4 v0x555563848770_0;
    %assign/vec4 v0x555563848830_0, 0;
    %jmp T_75;
    .thread T_75, $push;
    .scope S_0x5555637d89b0;
T_76 ;
    %wait E_0x555563847440;
    %load/vec4 v0x555563848830_0;
    %pushi/vec4 0, 0, 1;
    %xor;
    %flag_set/vec4 8;
    %jmp/1 T_76.2, 8;
    %pushi/vec4 0, 0, 1;
    %flag_set/vec4 9;
    %flag_or 8, 9;
T_76.2;
    %jmp/0 T_76.0, 8;
    %load/vec4 v0x5555638484e0_0;
    %jmp/1 T_76.1, 8;
T_76.0 ; End of true expr.
    %load/vec4 v0x5555638485a0_0;
    %jmp/0 T_76.1, 8;
 ; End of false expr.
    %blend;
T_76.1;
    %store/vec4 v0x555563848420_0, 0, 1;
    %jmp T_76;
    .thread T_76, $push;
    .scope S_0x5555637d5660;
T_77 ;
    %wait E_0x55556384b300;
    %load/vec4 v0x55556384c690_0;
    %flag_set/vec4 8;
    %jmp/0xz  T_77.0, 8;
    %pushi/vec4 0, 0, 16;
    %assign/vec4 v0x555563852300_0, 0;
    %pushi/vec4 0, 0, 16;
    %assign/vec4 v0x555563852140_0, 0;
    %jmp T_77.1;
T_77.0 ;
    %load/vec4 v0x55556384bea0_0;
    %flag_set/vec4 8;
    %jmp/0xz  T_77.2, 8;
    %load/vec4 v0x55556384bf60_0;
    %nor/r;
    %flag_set/vec4 8;
    %jmp/0xz  T_77.4, 8;
    %load/vec4 v0x55556384bdc0_0;
    %assign/vec4 v0x555563852300_0, 0;
T_77.4 ;
    %load/vec4 v0x55556384b750_0;
    %nor/r;
    %flag_set/vec4 8;
    %jmp/0xz  T_77.6, 8;
    %load/vec4 v0x55556384b390_0;
    %assign/vec4 v0x555563852140_0, 0;
T_77.6 ;
T_77.2 ;
T_77.1 ;
    %jmp T_77;
    .thread T_77;
    .scope S_0x5555637d5660;
T_78 ;
    %wait E_0x55556384b2a0;
    %load/vec4 v0x55556384c5d0_0;
    %flag_set/vec4 8;
    %jmp/0xz  T_78.0, 8;
    %pushi/vec4 0, 0, 16;
    %assign/vec4 v0x555563852220_0, 0;
    %pushi/vec4 0, 0, 16;
    %assign/vec4 v0x5555638523e0_0, 0;
    %jmp T_78.1;
T_78.0 ;
    %load/vec4 v0x55556384bea0_0;
    %flag_set/vec4 8;
    %jmp/0xz  T_78.2, 8;
    %load/vec4 v0x55556384bb40_0;
    %nor/r;
    %flag_set/vec4 8;
    %jmp/0xz  T_78.4, 8;
    %load/vec4 v0x55556384b9d0_0;
    %assign/vec4 v0x555563852220_0, 0;
T_78.4 ;
    %load/vec4 v0x55556384c450_0;
    %nor/r;
    %flag_set/vec4 8;
    %jmp/0xz  T_78.6, 8;
    %load/vec4 v0x55556384c370_0;
    %assign/vec4 v0x5555638523e0_0, 0;
T_78.6 ;
T_78.2 ;
T_78.1 ;
    %jmp T_78;
    .thread T_78;
    .scope S_0x5555637d5660;
T_79 ;
    %wait E_0x55556384b300;
    %load/vec4 v0x55556384c690_0;
    %flag_set/vec4 8;
    %jmp/0xz  T_79.0, 8;
    %pushi/vec4 0, 0, 16;
    %assign/vec4 v0x555563852cd0_0, 0;
    %pushi/vec4 0, 0, 16;
    %assign/vec4 v0x555563852f70_0, 0;
    %jmp T_79.1;
T_79.0 ;
    %load/vec4 v0x55556384bea0_0;
    %flag_set/vec4 8;
    %jmp/0xz  T_79.2, 8;
    %load/vec4 v0x555563851dc0_0;
    %assign/vec4 v0x555563852cd0_0, 0;
    %load/vec4 v0x555563851f80_0;
    %assign/vec4 v0x555563852f70_0, 0;
T_79.2 ;
T_79.1 ;
    %jmp T_79;
    .thread T_79;
    .scope S_0x5555637d5660;
T_80 ;
    %wait E_0x55556384b2a0;
    %load/vec4 v0x55556384c5d0_0;
    %flag_set/vec4 8;
    %jmp/0xz  T_80.0, 8;
    %pushi/vec4 0, 0, 16;
    %assign/vec4 v0x555563853050_0, 0;
    %pushi/vec4 0, 0, 16;
    %assign/vec4 v0x555563852db0_0, 0;
    %jmp T_80.1;
T_80.0 ;
    %load/vec4 v0x55556384bea0_0;
    %flag_set/vec4 8;
    %jmp/0xz  T_80.2, 8;
    %load/vec4 v0x555563851ea0_0;
    %assign/vec4 v0x555563853050_0, 0;
    %load/vec4 v0x555563852060_0;
    %assign/vec4 v0x555563852db0_0, 0;
T_80.2 ;
T_80.1 ;
    %jmp T_80;
    .thread T_80;
    .scope S_0x5555637d5660;
T_81 ;
    %wait E_0x55556384b2a0;
    %load/vec4 v0x55556384c5d0_0;
    %flag_set/vec4 8;
    %jmp/0xz  T_81.0, 8;
    %pushi/vec4 0, 0, 32;
    %assign/vec4 v0x555563852e90_0, 0;
    %jmp T_81.1;
T_81.0 ;
    %load/vec4 v0x55556384bea0_0;
    %flag_set/vec4 8;
    %jmp/0xz  T_81.2, 8;
    %load/vec4 v0x5555638515e0_0;
    %assign/vec4 v0x555563852e90_0, 0;
T_81.2 ;
T_81.1 ;
    %jmp T_81;
    .thread T_81;
    .scope S_0x5555637d5660;
T_82 ;
    %wait E_0x55556384b240;
    %load/vec4 v0x55556384cd70_0;
    %flag_set/vec4 8;
    %jmp/0xz  T_82.0, 8;
    %pushi/vec4 0, 0, 16;
    %assign/vec4 v0x555563853130_0, 0;
    %jmp T_82.1;
T_82.0 ;
    %load/vec4 v0x55556384bea0_0;
    %flag_set/vec4 8;
    %jmp/0xz  T_82.2, 8;
    %load/vec4 v0x55556384ca70_0;
    %nor/r;
    %flag_set/vec4 8;
    %jmp/0xz  T_82.4, 8;
    %load/vec4 v0x5555638516c0_0;
    %assign/vec4 v0x555563853130_0, 0;
T_82.4 ;
T_82.2 ;
T_82.1 ;
    %jmp T_82;
    .thread T_82;
    .scope S_0x5555637d5660;
T_83 ;
    %wait E_0x55556384b1c0;
    %load/vec4 v0x55556384ccb0_0;
    %flag_set/vec4 8;
    %jmp/0xz  T_83.0, 8;
    %pushi/vec4 0, 0, 16;
    %assign/vec4 v0x555563853210_0, 0;
    %jmp T_83.1;
T_83.0 ;
    %load/vec4 v0x55556384bea0_0;
    %flag_set/vec4 8;
    %jmp/0xz  T_83.2, 8;
    %load/vec4 v0x55556384c9b0_0;
    %nor/r;
    %flag_set/vec4 8;
    %jmp/0xz  T_83.4, 8;
    %load/vec4 v0x555563851880_0;
    %assign/vec4 v0x555563853210_0, 0;
T_83.4 ;
T_83.2 ;
T_83.1 ;
    %jmp T_83;
    .thread T_83;
    .scope S_0x555563857450;
T_84 ;
    %pushi/vec4 0, 0, 32;
    %store/vec4 v0x55556385a870_0, 0, 32;
T_84.0 ; Top of for-loop 
    %load/vec4 v0x55556385a870_0;
    %cmpi/s 16, 0, 32;
    %jmp/0xz T_84.1, 5;
    %pushi/vec4 0, 0, 256;
    %load/vec4 v0x55556385a870_0;
    %muli 16, 0, 32;
    %part/s 16;
    %pushi/vec4 0, 0, 32;
    %load/vec4 v0x55556385a870_0;
    %add;
    %ix/vec4/s 4;
    %store/vec4a v0x55556385a950, 4, 0;
    %pushi/vec4 0, 0, 256;
    %load/vec4 v0x55556385a870_0;
    %muli 16, 0, 32;
    %part/s 16;
    %pushi/vec4 16, 0, 32;
    %load/vec4 v0x55556385a870_0;
    %add;
    %ix/vec4/s 4;
    %store/vec4a v0x55556385a950, 4, 0;
    %pushi/vec4 0, 0, 256;
    %load/vec4 v0x55556385a870_0;
    %muli 16, 0, 32;
    %part/s 16;
    %pushi/vec4 32, 0, 32;
    %load/vec4 v0x55556385a870_0;
    %add;
    %ix/vec4/s 4;
    %store/vec4a v0x55556385a950, 4, 0;
    %pushi/vec4 0, 0, 256;
    %load/vec4 v0x55556385a870_0;
    %muli 16, 0, 32;
    %part/s 16;
    %pushi/vec4 48, 0, 32;
    %load/vec4 v0x55556385a870_0;
    %add;
    %ix/vec4/s 4;
    %store/vec4a v0x55556385a950, 4, 0;
    %pushi/vec4 0, 0, 256;
    %load/vec4 v0x55556385a870_0;
    %muli 16, 0, 32;
    %part/s 16;
    %pushi/vec4 64, 0, 32;
    %load/vec4 v0x55556385a870_0;
    %add;
    %ix/vec4/s 4;
    %store/vec4a v0x55556385a950, 4, 0;
    %pushi/vec4 0, 0, 256;
    %load/vec4 v0x55556385a870_0;
    %muli 16, 0, 32;
    %part/s 16;
    %pushi/vec4 80, 0, 32;
    %load/vec4 v0x55556385a870_0;
    %add;
    %ix/vec4/s 4;
    %store/vec4a v0x55556385a950, 4, 0;
    %pushi/vec4 0, 0, 256;
    %load/vec4 v0x55556385a870_0;
    %muli 16, 0, 32;
    %part/s 16;
    %pushi/vec4 96, 0, 32;
    %load/vec4 v0x55556385a870_0;
    %add;
    %ix/vec4/s 4;
    %store/vec4a v0x55556385a950, 4, 0;
    %pushi/vec4 0, 0, 256;
    %load/vec4 v0x55556385a870_0;
    %muli 16, 0, 32;
    %part/s 16;
    %pushi/vec4 112, 0, 32;
    %load/vec4 v0x55556385a870_0;
    %add;
    %ix/vec4/s 4;
    %store/vec4a v0x55556385a950, 4, 0;
    %pushi/vec4 0, 0, 256;
    %load/vec4 v0x55556385a870_0;
    %muli 16, 0, 32;
    %part/s 16;
    %pushi/vec4 128, 0, 32;
    %load/vec4 v0x55556385a870_0;
    %add;
    %ix/vec4/s 4;
    %store/vec4a v0x55556385a950, 4, 0;
    %pushi/vec4 0, 0, 256;
    %load/vec4 v0x55556385a870_0;
    %muli 16, 0, 32;
    %part/s 16;
    %pushi/vec4 144, 0, 32;
    %load/vec4 v0x55556385a870_0;
    %add;
    %ix/vec4/s 4;
    %store/vec4a v0x55556385a950, 4, 0;
    %pushi/vec4 0, 0, 256;
    %load/vec4 v0x55556385a870_0;
    %muli 16, 0, 32;
    %part/s 16;
    %pushi/vec4 160, 0, 32;
    %load/vec4 v0x55556385a870_0;
    %add;
    %ix/vec4/s 4;
    %store/vec4a v0x55556385a950, 4, 0;
    %pushi/vec4 0, 0, 256;
    %load/vec4 v0x55556385a870_0;
    %muli 16, 0, 32;
    %part/s 16;
    %pushi/vec4 176, 0, 32;
    %load/vec4 v0x55556385a870_0;
    %add;
    %ix/vec4/s 4;
    %store/vec4a v0x55556385a950, 4, 0;
    %pushi/vec4 0, 0, 256;
    %load/vec4 v0x55556385a870_0;
    %muli 16, 0, 32;
    %part/s 16;
    %pushi/vec4 192, 0, 32;
    %load/vec4 v0x55556385a870_0;
    %add;
    %ix/vec4/s 4;
    %store/vec4a v0x55556385a950, 4, 0;
    %pushi/vec4 0, 0, 256;
    %load/vec4 v0x55556385a870_0;
    %muli 16, 0, 32;
    %part/s 16;
    %pushi/vec4 208, 0, 32;
    %load/vec4 v0x55556385a870_0;
    %add;
    %ix/vec4/s 4;
    %store/vec4a v0x55556385a950, 4, 0;
    %pushi/vec4 0, 0, 256;
    %load/vec4 v0x55556385a870_0;
    %muli 16, 0, 32;
    %part/s 16;
    %pushi/vec4 224, 0, 32;
    %load/vec4 v0x55556385a870_0;
    %add;
    %ix/vec4/s 4;
    %store/vec4a v0x55556385a950, 4, 0;
    %pushi/vec4 0, 0, 256;
    %load/vec4 v0x55556385a870_0;
    %muli 16, 0, 32;
    %part/s 16;
    %pushi/vec4 240, 0, 32;
    %load/vec4 v0x55556385a870_0;
    %add;
    %ix/vec4/s 4;
    %store/vec4a v0x55556385a950, 4, 0;
T_84.2 ; for-loop step statement
    %load/vec4 v0x55556385a870_0;
    %addi 1, 0, 32;
    %store/vec4 v0x55556385a870_0, 0, 32;
    %jmp T_84.0;
T_84.1 ; for-loop exit label
    %end;
    .thread T_84;
    .scope S_0x555563857450;
T_85 ;
    %wait E_0x555563859380;
    %load/vec4 v0x55556385a6d0_0;
    %flag_set/vec4 9;
    %flag_get/vec4 9;
    %jmp/0 T_85.2, 9;
    %load/vec4 v0x55556385a450_0;
    %and;
T_85.2;
    %flag_set/vec4 8;
    %jmp/0xz  T_85.0, 8;
    %load/vec4 v0x55556385a790_0;
    %parti/s 1, 0, 2;
    %nor/r;
    %flag_set/vec4 8;
    %jmp/0xz  T_85.3, 8;
    %load/vec4 v0x55556385a5f0_0;
    %parti/s 1, 0, 2;
    %load/vec4 v0x55556385a2b0_0;
    %parti/s 8, 0, 2;
    %pad/u 10;
    %ix/vec4 3;
    %ix/load 4, 0, 0; Constant delay
    %assign/vec4/a/d v0x55556385a950, 0, 4;
T_85.3 ;
    %load/vec4 v0x55556385a790_0;
    %parti/s 1, 1, 2;
    %nor/r;
    %flag_set/vec4 8;
    %jmp/0xz  T_85.5, 8;
    %load/vec4 v0x55556385a5f0_0;
    %parti/s 1, 1, 2;
    %load/vec4 v0x55556385a2b0_0;
    %parti/s 8, 0, 2;
    %pad/u 10;
    %ix/vec4 3;
    %ix/load 4, 1, 0; part off
    %ix/load 5, 0, 0; Constant delay
    %assign/vec4/a/d v0x55556385a950, 4, 5;
T_85.5 ;
    %load/vec4 v0x55556385a790_0;
    %parti/s 1, 2, 3;
    %nor/r;
    %flag_set/vec4 8;
    %jmp/0xz  T_85.7, 8;
    %load/vec4 v0x55556385a5f0_0;
    %parti/s 1, 2, 3;
    %load/vec4 v0x55556385a2b0_0;
    %parti/s 8, 0, 2;
    %pad/u 10;
    %ix/vec4 3;
    %ix/load 4, 2, 0; part off
    %ix/load 5, 0, 0; Constant delay
    %assign/vec4/a/d v0x55556385a950, 4, 5;
T_85.7 ;
    %load/vec4 v0x55556385a790_0;
    %parti/s 1, 3, 3;
    %nor/r;
    %flag_set/vec4 8;
    %jmp/0xz  T_85.9, 8;
    %load/vec4 v0x55556385a5f0_0;
    %parti/s 1, 3, 3;
    %load/vec4 v0x55556385a2b0_0;
    %parti/s 8, 0, 2;
    %pad/u 10;
    %ix/vec4 3;
    %ix/load 4, 3, 0; part off
    %ix/load 5, 0, 0; Constant delay
    %assign/vec4/a/d v0x55556385a950, 4, 5;
T_85.9 ;
    %load/vec4 v0x55556385a790_0;
    %parti/s 1, 4, 4;
    %nor/r;
    %flag_set/vec4 8;
    %jmp/0xz  T_85.11, 8;
    %load/vec4 v0x55556385a5f0_0;
    %parti/s 1, 4, 4;
    %load/vec4 v0x55556385a2b0_0;
    %parti/s 8, 0, 2;
    %pad/u 10;
    %ix/vec4 3;
    %ix/load 4, 4, 0; part off
    %ix/load 5, 0, 0; Constant delay
    %assign/vec4/a/d v0x55556385a950, 4, 5;
T_85.11 ;
    %load/vec4 v0x55556385a790_0;
    %parti/s 1, 5, 4;
    %nor/r;
    %flag_set/vec4 8;
    %jmp/0xz  T_85.13, 8;
    %load/vec4 v0x55556385a5f0_0;
    %parti/s 1, 5, 4;
    %load/vec4 v0x55556385a2b0_0;
    %parti/s 8, 0, 2;
    %pad/u 10;
    %ix/vec4 3;
    %ix/load 4, 5, 0; part off
    %ix/load 5, 0, 0; Constant delay
    %assign/vec4/a/d v0x55556385a950, 4, 5;
T_85.13 ;
    %load/vec4 v0x55556385a790_0;
    %parti/s 1, 6, 4;
    %nor/r;
    %flag_set/vec4 8;
    %jmp/0xz  T_85.15, 8;
    %load/vec4 v0x55556385a5f0_0;
    %parti/s 1, 6, 4;
    %load/vec4 v0x55556385a2b0_0;
    %parti/s 8, 0, 2;
    %pad/u 10;
    %ix/vec4 3;
    %ix/load 4, 6, 0; part off
    %ix/load 5, 0, 0; Constant delay
    %assign/vec4/a/d v0x55556385a950, 4, 5;
T_85.15 ;
    %load/vec4 v0x55556385a790_0;
    %parti/s 1, 7, 4;
    %nor/r;
    %flag_set/vec4 8;
    %jmp/0xz  T_85.17, 8;
    %load/vec4 v0x55556385a5f0_0;
    %parti/s 1, 7, 4;
    %load/vec4 v0x55556385a2b0_0;
    %parti/s 8, 0, 2;
    %pad/u 10;
    %ix/vec4 3;
    %ix/load 4, 7, 0; part off
    %ix/load 5, 0, 0; Constant delay
    %assign/vec4/a/d v0x55556385a950, 4, 5;
T_85.17 ;
    %load/vec4 v0x55556385a790_0;
    %parti/s 1, 8, 5;
    %nor/r;
    %flag_set/vec4 8;
    %jmp/0xz  T_85.19, 8;
    %load/vec4 v0x55556385a5f0_0;
    %parti/s 1, 8, 5;
    %load/vec4 v0x55556385a2b0_0;
    %parti/s 8, 0, 2;
    %pad/u 10;
    %ix/vec4 3;
    %ix/load 4, 8, 0; part off
    %ix/load 5, 0, 0; Constant delay
    %assign/vec4/a/d v0x55556385a950, 4, 5;
T_85.19 ;
    %load/vec4 v0x55556385a790_0;
    %parti/s 1, 9, 5;
    %nor/r;
    %flag_set/vec4 8;
    %jmp/0xz  T_85.21, 8;
    %load/vec4 v0x55556385a5f0_0;
    %parti/s 1, 9, 5;
    %load/vec4 v0x55556385a2b0_0;
    %parti/s 8, 0, 2;
    %pad/u 10;
    %ix/vec4 3;
    %ix/load 4, 9, 0; part off
    %ix/load 5, 0, 0; Constant delay
    %assign/vec4/a/d v0x55556385a950, 4, 5;
T_85.21 ;
    %load/vec4 v0x55556385a790_0;
    %parti/s 1, 10, 5;
    %nor/r;
    %flag_set/vec4 8;
    %jmp/0xz  T_85.23, 8;
    %load/vec4 v0x55556385a5f0_0;
    %parti/s 1, 10, 5;
    %load/vec4 v0x55556385a2b0_0;
    %parti/s 8, 0, 2;
    %pad/u 10;
    %ix/vec4 3;
    %ix/load 4, 10, 0; part off
    %ix/load 5, 0, 0; Constant delay
    %assign/vec4/a/d v0x55556385a950, 4, 5;
T_85.23 ;
    %load/vec4 v0x55556385a790_0;
    %parti/s 1, 11, 5;
    %nor/r;
    %flag_set/vec4 8;
    %jmp/0xz  T_85.25, 8;
    %load/vec4 v0x55556385a5f0_0;
    %parti/s 1, 11, 5;
    %load/vec4 v0x55556385a2b0_0;
    %parti/s 8, 0, 2;
    %pad/u 10;
    %ix/vec4 3;
    %ix/load 4, 11, 0; part off
    %ix/load 5, 0, 0; Constant delay
    %assign/vec4/a/d v0x55556385a950, 4, 5;
T_85.25 ;
    %load/vec4 v0x55556385a790_0;
    %parti/s 1, 12, 5;
    %nor/r;
    %flag_set/vec4 8;
    %jmp/0xz  T_85.27, 8;
    %load/vec4 v0x55556385a5f0_0;
    %parti/s 1, 12, 5;
    %load/vec4 v0x55556385a2b0_0;
    %parti/s 8, 0, 2;
    %pad/u 10;
    %ix/vec4 3;
    %ix/load 4, 12, 0; part off
    %ix/load 5, 0, 0; Constant delay
    %assign/vec4/a/d v0x55556385a950, 4, 5;
T_85.27 ;
    %load/vec4 v0x55556385a790_0;
    %parti/s 1, 13, 5;
    %nor/r;
    %flag_set/vec4 8;
    %jmp/0xz  T_85.29, 8;
    %load/vec4 v0x55556385a5f0_0;
    %parti/s 1, 13, 5;
    %load/vec4 v0x55556385a2b0_0;
    %parti/s 8, 0, 2;
    %pad/u 10;
    %ix/vec4 3;
    %ix/load 4, 13, 0; part off
    %ix/load 5, 0, 0; Constant delay
    %assign/vec4/a/d v0x55556385a950, 4, 5;
T_85.29 ;
    %load/vec4 v0x55556385a790_0;
    %parti/s 1, 14, 5;
    %nor/r;
    %flag_set/vec4 8;
    %jmp/0xz  T_85.31, 8;
    %load/vec4 v0x55556385a5f0_0;
    %parti/s 1, 14, 5;
    %load/vec4 v0x55556385a2b0_0;
    %parti/s 8, 0, 2;
    %pad/u 10;
    %ix/vec4 3;
    %ix/load 4, 14, 0; part off
    %ix/load 5, 0, 0; Constant delay
    %assign/vec4/a/d v0x55556385a950, 4, 5;
T_85.31 ;
    %load/vec4 v0x55556385a790_0;
    %parti/s 1, 15, 5;
    %nor/r;
    %flag_set/vec4 8;
    %jmp/0xz  T_85.33, 8;
    %load/vec4 v0x55556385a5f0_0;
    %parti/s 1, 15, 5;
    %load/vec4 v0x55556385a2b0_0;
    %parti/s 8, 0, 2;
    %pad/u 10;
    %ix/vec4 3;
    %ix/load 4, 15, 0; part off
    %ix/load 5, 0, 0; Constant delay
    %assign/vec4/a/d v0x55556385a950, 4, 5;
T_85.33 ;
T_85.0 ;
    %jmp T_85;
    .thread T_85;
    .scope S_0x555563857450;
T_86 ;
    %wait E_0x555563859300;
    %load/vec4 v0x55556385a110_0;
    %flag_set/vec4 9;
    %flag_get/vec4 9;
    %jmp/0 T_86.2, 9;
    %load/vec4 v0x555563859e40_0;
    %and;
T_86.2;
    %flag_set/vec4 8;
    %jmp/0xz  T_86.0, 8;
    %load/vec4 v0x555563859c90_0;
    %parti/s 8, 0, 2;
    %pad/u 10;
    %ix/vec4 4;
    %load/vec4a v0x55556385a950, 4;
    %load/vec4 v0x55556385a1d0_0;
    %inv;
    %and;
    %assign/vec4 v0x55556385a030_0, 0;
T_86.0 ;
    %jmp T_86;
    .thread T_86;
    .scope S_0x55556385b650;
T_87 ;
    %pushi/vec4 0, 0, 32;
    %store/vec4 v0x55556385ebb0_0, 0, 32;
T_87.0 ; Top of for-loop 
    %load/vec4 v0x55556385ebb0_0;
    %cmpi/s 16, 0, 32;
    %jmp/0xz T_87.1, 5;
    %pushi/vec4 0, 0, 256;
    %load/vec4 v0x55556385ebb0_0;
    %muli 16, 0, 32;
    %part/s 16;
    %pushi/vec4 0, 0, 32;
    %load/vec4 v0x55556385ebb0_0;
    %add;
    %ix/vec4/s 4;
    %store/vec4a v0x55556385ec90, 4, 0;
    %pushi/vec4 0, 0, 256;
    %load/vec4 v0x55556385ebb0_0;
    %muli 16, 0, 32;
    %part/s 16;
    %pushi/vec4 16, 0, 32;
    %load/vec4 v0x55556385ebb0_0;
    %add;
    %ix/vec4/s 4;
    %store/vec4a v0x55556385ec90, 4, 0;
    %pushi/vec4 0, 0, 256;
    %load/vec4 v0x55556385ebb0_0;
    %muli 16, 0, 32;
    %part/s 16;
    %pushi/vec4 32, 0, 32;
    %load/vec4 v0x55556385ebb0_0;
    %add;
    %ix/vec4/s 4;
    %store/vec4a v0x55556385ec90, 4, 0;
    %pushi/vec4 0, 0, 256;
    %load/vec4 v0x55556385ebb0_0;
    %muli 16, 0, 32;
    %part/s 16;
    %pushi/vec4 48, 0, 32;
    %load/vec4 v0x55556385ebb0_0;
    %add;
    %ix/vec4/s 4;
    %store/vec4a v0x55556385ec90, 4, 0;
    %pushi/vec4 0, 0, 256;
    %load/vec4 v0x55556385ebb0_0;
    %muli 16, 0, 32;
    %part/s 16;
    %pushi/vec4 64, 0, 32;
    %load/vec4 v0x55556385ebb0_0;
    %add;
    %ix/vec4/s 4;
    %store/vec4a v0x55556385ec90, 4, 0;
    %pushi/vec4 0, 0, 256;
    %load/vec4 v0x55556385ebb0_0;
    %muli 16, 0, 32;
    %part/s 16;
    %pushi/vec4 80, 0, 32;
    %load/vec4 v0x55556385ebb0_0;
    %add;
    %ix/vec4/s 4;
    %store/vec4a v0x55556385ec90, 4, 0;
    %pushi/vec4 0, 0, 256;
    %load/vec4 v0x55556385ebb0_0;
    %muli 16, 0, 32;
    %part/s 16;
    %pushi/vec4 96, 0, 32;
    %load/vec4 v0x55556385ebb0_0;
    %add;
    %ix/vec4/s 4;
    %store/vec4a v0x55556385ec90, 4, 0;
    %pushi/vec4 0, 0, 256;
    %load/vec4 v0x55556385ebb0_0;
    %muli 16, 0, 32;
    %part/s 16;
    %pushi/vec4 112, 0, 32;
    %load/vec4 v0x55556385ebb0_0;
    %add;
    %ix/vec4/s 4;
    %store/vec4a v0x55556385ec90, 4, 0;
    %pushi/vec4 0, 0, 256;
    %load/vec4 v0x55556385ebb0_0;
    %muli 16, 0, 32;
    %part/s 16;
    %pushi/vec4 128, 0, 32;
    %load/vec4 v0x55556385ebb0_0;
    %add;
    %ix/vec4/s 4;
    %store/vec4a v0x55556385ec90, 4, 0;
    %pushi/vec4 0, 0, 256;
    %load/vec4 v0x55556385ebb0_0;
    %muli 16, 0, 32;
    %part/s 16;
    %pushi/vec4 144, 0, 32;
    %load/vec4 v0x55556385ebb0_0;
    %add;
    %ix/vec4/s 4;
    %store/vec4a v0x55556385ec90, 4, 0;
    %pushi/vec4 0, 0, 256;
    %load/vec4 v0x55556385ebb0_0;
    %muli 16, 0, 32;
    %part/s 16;
    %pushi/vec4 160, 0, 32;
    %load/vec4 v0x55556385ebb0_0;
    %add;
    %ix/vec4/s 4;
    %store/vec4a v0x55556385ec90, 4, 0;
    %pushi/vec4 0, 0, 256;
    %load/vec4 v0x55556385ebb0_0;
    %muli 16, 0, 32;
    %part/s 16;
    %pushi/vec4 176, 0, 32;
    %load/vec4 v0x55556385ebb0_0;
    %add;
    %ix/vec4/s 4;
    %store/vec4a v0x55556385ec90, 4, 0;
    %pushi/vec4 0, 0, 256;
    %load/vec4 v0x55556385ebb0_0;
    %muli 16, 0, 32;
    %part/s 16;
    %pushi/vec4 192, 0, 32;
    %load/vec4 v0x55556385ebb0_0;
    %add;
    %ix/vec4/s 4;
    %store/vec4a v0x55556385ec90, 4, 0;
    %pushi/vec4 0, 0, 256;
    %load/vec4 v0x55556385ebb0_0;
    %muli 16, 0, 32;
    %part/s 16;
    %pushi/vec4 208, 0, 32;
    %load/vec4 v0x55556385ebb0_0;
    %add;
    %ix/vec4/s 4;
    %store/vec4a v0x55556385ec90, 4, 0;
    %pushi/vec4 0, 0, 256;
    %load/vec4 v0x55556385ebb0_0;
    %muli 16, 0, 32;
    %part/s 16;
    %pushi/vec4 224, 0, 32;
    %load/vec4 v0x55556385ebb0_0;
    %add;
    %ix/vec4/s 4;
    %store/vec4a v0x55556385ec90, 4, 0;
    %pushi/vec4 0, 0, 256;
    %load/vec4 v0x55556385ebb0_0;
    %muli 16, 0, 32;
    %part/s 16;
    %pushi/vec4 240, 0, 32;
    %load/vec4 v0x55556385ebb0_0;
    %add;
    %ix/vec4/s 4;
    %store/vec4a v0x55556385ec90, 4, 0;
T_87.2 ; for-loop step statement
    %load/vec4 v0x55556385ebb0_0;
    %addi 1, 0, 32;
    %store/vec4 v0x55556385ebb0_0, 0, 32;
    %jmp T_87.0;
T_87.1 ; for-loop exit label
    %end;
    .thread T_87;
    .scope S_0x55556385b650;
T_88 ;
    %wait E_0x55556385d6c0;
    %load/vec4 v0x55556385ea10_0;
    %flag_set/vec4 9;
    %flag_get/vec4 9;
    %jmp/0 T_88.2, 9;
    %load/vec4 v0x55556385e790_0;
    %and;
T_88.2;
    %flag_set/vec4 8;
    %jmp/0xz  T_88.0, 8;
    %load/vec4 v0x55556385ead0_0;
    %parti/s 1, 0, 2;
    %nor/r;
    %flag_set/vec4 8;
    %jmp/0xz  T_88.3, 8;
    %load/vec4 v0x55556385e930_0;
    %parti/s 1, 0, 2;
    %load/vec4 v0x55556385e5f0_0;
    %parti/s 8, 0, 2;
    %pad/u 10;
    %ix/vec4 3;
    %ix/load 4, 0, 0; Constant delay
    %assign/vec4/a/d v0x55556385ec90, 0, 4;
T_88.3 ;
    %load/vec4 v0x55556385ead0_0;
    %parti/s 1, 1, 2;
    %nor/r;
    %flag_set/vec4 8;
    %jmp/0xz  T_88.5, 8;
    %load/vec4 v0x55556385e930_0;
    %parti/s 1, 1, 2;
    %load/vec4 v0x55556385e5f0_0;
    %parti/s 8, 0, 2;
    %pad/u 10;
    %ix/vec4 3;
    %ix/load 4, 1, 0; part off
    %ix/load 5, 0, 0; Constant delay
    %assign/vec4/a/d v0x55556385ec90, 4, 5;
T_88.5 ;
    %load/vec4 v0x55556385ead0_0;
    %parti/s 1, 2, 3;
    %nor/r;
    %flag_set/vec4 8;
    %jmp/0xz  T_88.7, 8;
    %load/vec4 v0x55556385e930_0;
    %parti/s 1, 2, 3;
    %load/vec4 v0x55556385e5f0_0;
    %parti/s 8, 0, 2;
    %pad/u 10;
    %ix/vec4 3;
    %ix/load 4, 2, 0; part off
    %ix/load 5, 0, 0; Constant delay
    %assign/vec4/a/d v0x55556385ec90, 4, 5;
T_88.7 ;
    %load/vec4 v0x55556385ead0_0;
    %parti/s 1, 3, 3;
    %nor/r;
    %flag_set/vec4 8;
    %jmp/0xz  T_88.9, 8;
    %load/vec4 v0x55556385e930_0;
    %parti/s 1, 3, 3;
    %load/vec4 v0x55556385e5f0_0;
    %parti/s 8, 0, 2;
    %pad/u 10;
    %ix/vec4 3;
    %ix/load 4, 3, 0; part off
    %ix/load 5, 0, 0; Constant delay
    %assign/vec4/a/d v0x55556385ec90, 4, 5;
T_88.9 ;
    %load/vec4 v0x55556385ead0_0;
    %parti/s 1, 4, 4;
    %nor/r;
    %flag_set/vec4 8;
    %jmp/0xz  T_88.11, 8;
    %load/vec4 v0x55556385e930_0;
    %parti/s 1, 4, 4;
    %load/vec4 v0x55556385e5f0_0;
    %parti/s 8, 0, 2;
    %pad/u 10;
    %ix/vec4 3;
    %ix/load 4, 4, 0; part off
    %ix/load 5, 0, 0; Constant delay
    %assign/vec4/a/d v0x55556385ec90, 4, 5;
T_88.11 ;
    %load/vec4 v0x55556385ead0_0;
    %parti/s 1, 5, 4;
    %nor/r;
    %flag_set/vec4 8;
    %jmp/0xz  T_88.13, 8;
    %load/vec4 v0x55556385e930_0;
    %parti/s 1, 5, 4;
    %load/vec4 v0x55556385e5f0_0;
    %parti/s 8, 0, 2;
    %pad/u 10;
    %ix/vec4 3;
    %ix/load 4, 5, 0; part off
    %ix/load 5, 0, 0; Constant delay
    %assign/vec4/a/d v0x55556385ec90, 4, 5;
T_88.13 ;
    %load/vec4 v0x55556385ead0_0;
    %parti/s 1, 6, 4;
    %nor/r;
    %flag_set/vec4 8;
    %jmp/0xz  T_88.15, 8;
    %load/vec4 v0x55556385e930_0;
    %parti/s 1, 6, 4;
    %load/vec4 v0x55556385e5f0_0;
    %parti/s 8, 0, 2;
    %pad/u 10;
    %ix/vec4 3;
    %ix/load 4, 6, 0; part off
    %ix/load 5, 0, 0; Constant delay
    %assign/vec4/a/d v0x55556385ec90, 4, 5;
T_88.15 ;
    %load/vec4 v0x55556385ead0_0;
    %parti/s 1, 7, 4;
    %nor/r;
    %flag_set/vec4 8;
    %jmp/0xz  T_88.17, 8;
    %load/vec4 v0x55556385e930_0;
    %parti/s 1, 7, 4;
    %load/vec4 v0x55556385e5f0_0;
    %parti/s 8, 0, 2;
    %pad/u 10;
    %ix/vec4 3;
    %ix/load 4, 7, 0; part off
    %ix/load 5, 0, 0; Constant delay
    %assign/vec4/a/d v0x55556385ec90, 4, 5;
T_88.17 ;
    %load/vec4 v0x55556385ead0_0;
    %parti/s 1, 8, 5;
    %nor/r;
    %flag_set/vec4 8;
    %jmp/0xz  T_88.19, 8;
    %load/vec4 v0x55556385e930_0;
    %parti/s 1, 8, 5;
    %load/vec4 v0x55556385e5f0_0;
    %parti/s 8, 0, 2;
    %pad/u 10;
    %ix/vec4 3;
    %ix/load 4, 8, 0; part off
    %ix/load 5, 0, 0; Constant delay
    %assign/vec4/a/d v0x55556385ec90, 4, 5;
T_88.19 ;
    %load/vec4 v0x55556385ead0_0;
    %parti/s 1, 9, 5;
    %nor/r;
    %flag_set/vec4 8;
    %jmp/0xz  T_88.21, 8;
    %load/vec4 v0x55556385e930_0;
    %parti/s 1, 9, 5;
    %load/vec4 v0x55556385e5f0_0;
    %parti/s 8, 0, 2;
    %pad/u 10;
    %ix/vec4 3;
    %ix/load 4, 9, 0; part off
    %ix/load 5, 0, 0; Constant delay
    %assign/vec4/a/d v0x55556385ec90, 4, 5;
T_88.21 ;
    %load/vec4 v0x55556385ead0_0;
    %parti/s 1, 10, 5;
    %nor/r;
    %flag_set/vec4 8;
    %jmp/0xz  T_88.23, 8;
    %load/vec4 v0x55556385e930_0;
    %parti/s 1, 10, 5;
    %load/vec4 v0x55556385e5f0_0;
    %parti/s 8, 0, 2;
    %pad/u 10;
    %ix/vec4 3;
    %ix/load 4, 10, 0; part off
    %ix/load 5, 0, 0; Constant delay
    %assign/vec4/a/d v0x55556385ec90, 4, 5;
T_88.23 ;
    %load/vec4 v0x55556385ead0_0;
    %parti/s 1, 11, 5;
    %nor/r;
    %flag_set/vec4 8;
    %jmp/0xz  T_88.25, 8;
    %load/vec4 v0x55556385e930_0;
    %parti/s 1, 11, 5;
    %load/vec4 v0x55556385e5f0_0;
    %parti/s 8, 0, 2;
    %pad/u 10;
    %ix/vec4 3;
    %ix/load 4, 11, 0; part off
    %ix/load 5, 0, 0; Constant delay
    %assign/vec4/a/d v0x55556385ec90, 4, 5;
T_88.25 ;
    %load/vec4 v0x55556385ead0_0;
    %parti/s 1, 12, 5;
    %nor/r;
    %flag_set/vec4 8;
    %jmp/0xz  T_88.27, 8;
    %load/vec4 v0x55556385e930_0;
    %parti/s 1, 12, 5;
    %load/vec4 v0x55556385e5f0_0;
    %parti/s 8, 0, 2;
    %pad/u 10;
    %ix/vec4 3;
    %ix/load 4, 12, 0; part off
    %ix/load 5, 0, 0; Constant delay
    %assign/vec4/a/d v0x55556385ec90, 4, 5;
T_88.27 ;
    %load/vec4 v0x55556385ead0_0;
    %parti/s 1, 13, 5;
    %nor/r;
    %flag_set/vec4 8;
    %jmp/0xz  T_88.29, 8;
    %load/vec4 v0x55556385e930_0;
    %parti/s 1, 13, 5;
    %load/vec4 v0x55556385e5f0_0;
    %parti/s 8, 0, 2;
    %pad/u 10;
    %ix/vec4 3;
    %ix/load 4, 13, 0; part off
    %ix/load 5, 0, 0; Constant delay
    %assign/vec4/a/d v0x55556385ec90, 4, 5;
T_88.29 ;
    %load/vec4 v0x55556385ead0_0;
    %parti/s 1, 14, 5;
    %nor/r;
    %flag_set/vec4 8;
    %jmp/0xz  T_88.31, 8;
    %load/vec4 v0x55556385e930_0;
    %parti/s 1, 14, 5;
    %load/vec4 v0x55556385e5f0_0;
    %parti/s 8, 0, 2;
    %pad/u 10;
    %ix/vec4 3;
    %ix/load 4, 14, 0; part off
    %ix/load 5, 0, 0; Constant delay
    %assign/vec4/a/d v0x55556385ec90, 4, 5;
T_88.31 ;
    %load/vec4 v0x55556385ead0_0;
    %parti/s 1, 15, 5;
    %nor/r;
    %flag_set/vec4 8;
    %jmp/0xz  T_88.33, 8;
    %load/vec4 v0x55556385e930_0;
    %parti/s 1, 15, 5;
    %load/vec4 v0x55556385e5f0_0;
    %parti/s 8, 0, 2;
    %pad/u 10;
    %ix/vec4 3;
    %ix/load 4, 15, 0; part off
    %ix/load 5, 0, 0; Constant delay
    %assign/vec4/a/d v0x55556385ec90, 4, 5;
T_88.33 ;
T_88.0 ;
    %jmp T_88;
    .thread T_88;
    .scope S_0x55556385b650;
T_89 ;
    %wait E_0x55556385d640;
    %load/vec4 v0x55556385e450_0;
    %flag_set/vec4 9;
    %flag_get/vec4 9;
    %jmp/0 T_89.2, 9;
    %load/vec4 v0x55556385e180_0;
    %and;
T_89.2;
    %flag_set/vec4 8;
    %jmp/0xz  T_89.0, 8;
    %load/vec4 v0x55556385dfd0_0;
    %parti/s 8, 0, 2;
    %pad/u 10;
    %ix/vec4 4;
    %load/vec4a v0x55556385ec90, 4;
    %load/vec4 v0x55556385e510_0;
    %inv;
    %and;
    %assign/vec4 v0x55556385e370_0, 0;
T_89.0 ;
    %jmp T_89;
    .thread T_89;
    .scope S_0x55556385f9a0;
T_90 ;
    %pushi/vec4 0, 0, 32;
    %store/vec4 v0x555563862f00_0, 0, 32;
T_90.0 ; Top of for-loop 
    %load/vec4 v0x555563862f00_0;
    %cmpi/s 16, 0, 32;
    %jmp/0xz T_90.1, 5;
    %pushi/vec4 0, 0, 256;
    %load/vec4 v0x555563862f00_0;
    %muli 16, 0, 32;
    %part/s 16;
    %pushi/vec4 0, 0, 32;
    %load/vec4 v0x555563862f00_0;
    %add;
    %ix/vec4/s 4;
    %store/vec4a v0x555563862fe0, 4, 0;
    %pushi/vec4 0, 0, 256;
    %load/vec4 v0x555563862f00_0;
    %muli 16, 0, 32;
    %part/s 16;
    %pushi/vec4 16, 0, 32;
    %load/vec4 v0x555563862f00_0;
    %add;
    %ix/vec4/s 4;
    %store/vec4a v0x555563862fe0, 4, 0;
    %pushi/vec4 0, 0, 256;
    %load/vec4 v0x555563862f00_0;
    %muli 16, 0, 32;
    %part/s 16;
    %pushi/vec4 32, 0, 32;
    %load/vec4 v0x555563862f00_0;
    %add;
    %ix/vec4/s 4;
    %store/vec4a v0x555563862fe0, 4, 0;
    %pushi/vec4 0, 0, 256;
    %load/vec4 v0x555563862f00_0;
    %muli 16, 0, 32;
    %part/s 16;
    %pushi/vec4 48, 0, 32;
    %load/vec4 v0x555563862f00_0;
    %add;
    %ix/vec4/s 4;
    %store/vec4a v0x555563862fe0, 4, 0;
    %pushi/vec4 0, 0, 256;
    %load/vec4 v0x555563862f00_0;
    %muli 16, 0, 32;
    %part/s 16;
    %pushi/vec4 64, 0, 32;
    %load/vec4 v0x555563862f00_0;
    %add;
    %ix/vec4/s 4;
    %store/vec4a v0x555563862fe0, 4, 0;
    %pushi/vec4 0, 0, 256;
    %load/vec4 v0x555563862f00_0;
    %muli 16, 0, 32;
    %part/s 16;
    %pushi/vec4 80, 0, 32;
    %load/vec4 v0x555563862f00_0;
    %add;
    %ix/vec4/s 4;
    %store/vec4a v0x555563862fe0, 4, 0;
    %pushi/vec4 0, 0, 256;
    %load/vec4 v0x555563862f00_0;
    %muli 16, 0, 32;
    %part/s 16;
    %pushi/vec4 96, 0, 32;
    %load/vec4 v0x555563862f00_0;
    %add;
    %ix/vec4/s 4;
    %store/vec4a v0x555563862fe0, 4, 0;
    %pushi/vec4 0, 0, 256;
    %load/vec4 v0x555563862f00_0;
    %muli 16, 0, 32;
    %part/s 16;
    %pushi/vec4 112, 0, 32;
    %load/vec4 v0x555563862f00_0;
    %add;
    %ix/vec4/s 4;
    %store/vec4a v0x555563862fe0, 4, 0;
    %pushi/vec4 0, 0, 256;
    %load/vec4 v0x555563862f00_0;
    %muli 16, 0, 32;
    %part/s 16;
    %pushi/vec4 128, 0, 32;
    %load/vec4 v0x555563862f00_0;
    %add;
    %ix/vec4/s 4;
    %store/vec4a v0x555563862fe0, 4, 0;
    %pushi/vec4 0, 0, 256;
    %load/vec4 v0x555563862f00_0;
    %muli 16, 0, 32;
    %part/s 16;
    %pushi/vec4 144, 0, 32;
    %load/vec4 v0x555563862f00_0;
    %add;
    %ix/vec4/s 4;
    %store/vec4a v0x555563862fe0, 4, 0;
    %pushi/vec4 0, 0, 256;
    %load/vec4 v0x555563862f00_0;
    %muli 16, 0, 32;
    %part/s 16;
    %pushi/vec4 160, 0, 32;
    %load/vec4 v0x555563862f00_0;
    %add;
    %ix/vec4/s 4;
    %store/vec4a v0x555563862fe0, 4, 0;
    %pushi/vec4 0, 0, 256;
    %load/vec4 v0x555563862f00_0;
    %muli 16, 0, 32;
    %part/s 16;
    %pushi/vec4 176, 0, 32;
    %load/vec4 v0x555563862f00_0;
    %add;
    %ix/vec4/s 4;
    %store/vec4a v0x555563862fe0, 4, 0;
    %pushi/vec4 0, 0, 256;
    %load/vec4 v0x555563862f00_0;
    %muli 16, 0, 32;
    %part/s 16;
    %pushi/vec4 192, 0, 32;
    %load/vec4 v0x555563862f00_0;
    %add;
    %ix/vec4/s 4;
    %store/vec4a v0x555563862fe0, 4, 0;
    %pushi/vec4 0, 0, 256;
    %load/vec4 v0x555563862f00_0;
    %muli 16, 0, 32;
    %part/s 16;
    %pushi/vec4 208, 0, 32;
    %load/vec4 v0x555563862f00_0;
    %add;
    %ix/vec4/s 4;
    %store/vec4a v0x555563862fe0, 4, 0;
    %pushi/vec4 0, 0, 256;
    %load/vec4 v0x555563862f00_0;
    %muli 16, 0, 32;
    %part/s 16;
    %pushi/vec4 224, 0, 32;
    %load/vec4 v0x555563862f00_0;
    %add;
    %ix/vec4/s 4;
    %store/vec4a v0x555563862fe0, 4, 0;
    %pushi/vec4 0, 0, 256;
    %load/vec4 v0x555563862f00_0;
    %muli 16, 0, 32;
    %part/s 16;
    %pushi/vec4 240, 0, 32;
    %load/vec4 v0x555563862f00_0;
    %add;
    %ix/vec4/s 4;
    %store/vec4a v0x555563862fe0, 4, 0;
T_90.2 ; for-loop step statement
    %load/vec4 v0x555563862f00_0;
    %addi 1, 0, 32;
    %store/vec4 v0x555563862f00_0, 0, 32;
    %jmp T_90.0;
T_90.1 ; for-loop exit label
    %end;
    .thread T_90;
    .scope S_0x55556385f9a0;
T_91 ;
    %wait E_0x555563861a10;
    %load/vec4 v0x555563862d60_0;
    %flag_set/vec4 9;
    %flag_get/vec4 9;
    %jmp/0 T_91.2, 9;
    %load/vec4 v0x555563862ae0_0;
    %and;
T_91.2;
    %flag_set/vec4 8;
    %jmp/0xz  T_91.0, 8;
    %load/vec4 v0x555563862e20_0;
    %parti/s 1, 0, 2;
    %nor/r;
    %flag_set/vec4 8;
    %jmp/0xz  T_91.3, 8;
    %load/vec4 v0x555563862c80_0;
    %parti/s 1, 0, 2;
    %load/vec4 v0x555563862940_0;
    %parti/s 8, 0, 2;
    %pad/u 10;
    %ix/vec4 3;
    %ix/load 4, 0, 0; Constant delay
    %assign/vec4/a/d v0x555563862fe0, 0, 4;
T_91.3 ;
    %load/vec4 v0x555563862e20_0;
    %parti/s 1, 1, 2;
    %nor/r;
    %flag_set/vec4 8;
    %jmp/0xz  T_91.5, 8;
    %load/vec4 v0x555563862c80_0;
    %parti/s 1, 1, 2;
    %load/vec4 v0x555563862940_0;
    %parti/s 8, 0, 2;
    %pad/u 10;
    %ix/vec4 3;
    %ix/load 4, 1, 0; part off
    %ix/load 5, 0, 0; Constant delay
    %assign/vec4/a/d v0x555563862fe0, 4, 5;
T_91.5 ;
    %load/vec4 v0x555563862e20_0;
    %parti/s 1, 2, 3;
    %nor/r;
    %flag_set/vec4 8;
    %jmp/0xz  T_91.7, 8;
    %load/vec4 v0x555563862c80_0;
    %parti/s 1, 2, 3;
    %load/vec4 v0x555563862940_0;
    %parti/s 8, 0, 2;
    %pad/u 10;
    %ix/vec4 3;
    %ix/load 4, 2, 0; part off
    %ix/load 5, 0, 0; Constant delay
    %assign/vec4/a/d v0x555563862fe0, 4, 5;
T_91.7 ;
    %load/vec4 v0x555563862e20_0;
    %parti/s 1, 3, 3;
    %nor/r;
    %flag_set/vec4 8;
    %jmp/0xz  T_91.9, 8;
    %load/vec4 v0x555563862c80_0;
    %parti/s 1, 3, 3;
    %load/vec4 v0x555563862940_0;
    %parti/s 8, 0, 2;
    %pad/u 10;
    %ix/vec4 3;
    %ix/load 4, 3, 0; part off
    %ix/load 5, 0, 0; Constant delay
    %assign/vec4/a/d v0x555563862fe0, 4, 5;
T_91.9 ;
    %load/vec4 v0x555563862e20_0;
    %parti/s 1, 4, 4;
    %nor/r;
    %flag_set/vec4 8;
    %jmp/0xz  T_91.11, 8;
    %load/vec4 v0x555563862c80_0;
    %parti/s 1, 4, 4;
    %load/vec4 v0x555563862940_0;
    %parti/s 8, 0, 2;
    %pad/u 10;
    %ix/vec4 3;
    %ix/load 4, 4, 0; part off
    %ix/load 5, 0, 0; Constant delay
    %assign/vec4/a/d v0x555563862fe0, 4, 5;
T_91.11 ;
    %load/vec4 v0x555563862e20_0;
    %parti/s 1, 5, 4;
    %nor/r;
    %flag_set/vec4 8;
    %jmp/0xz  T_91.13, 8;
    %load/vec4 v0x555563862c80_0;
    %parti/s 1, 5, 4;
    %load/vec4 v0x555563862940_0;
    %parti/s 8, 0, 2;
    %pad/u 10;
    %ix/vec4 3;
    %ix/load 4, 5, 0; part off
    %ix/load 5, 0, 0; Constant delay
    %assign/vec4/a/d v0x555563862fe0, 4, 5;
T_91.13 ;
    %load/vec4 v0x555563862e20_0;
    %parti/s 1, 6, 4;
    %nor/r;
    %flag_set/vec4 8;
    %jmp/0xz  T_91.15, 8;
    %load/vec4 v0x555563862c80_0;
    %parti/s 1, 6, 4;
    %load/vec4 v0x555563862940_0;
    %parti/s 8, 0, 2;
    %pad/u 10;
    %ix/vec4 3;
    %ix/load 4, 6, 0; part off
    %ix/load 5, 0, 0; Constant delay
    %assign/vec4/a/d v0x555563862fe0, 4, 5;
T_91.15 ;
    %load/vec4 v0x555563862e20_0;
    %parti/s 1, 7, 4;
    %nor/r;
    %flag_set/vec4 8;
    %jmp/0xz  T_91.17, 8;
    %load/vec4 v0x555563862c80_0;
    %parti/s 1, 7, 4;
    %load/vec4 v0x555563862940_0;
    %parti/s 8, 0, 2;
    %pad/u 10;
    %ix/vec4 3;
    %ix/load 4, 7, 0; part off
    %ix/load 5, 0, 0; Constant delay
    %assign/vec4/a/d v0x555563862fe0, 4, 5;
T_91.17 ;
    %load/vec4 v0x555563862e20_0;
    %parti/s 1, 8, 5;
    %nor/r;
    %flag_set/vec4 8;
    %jmp/0xz  T_91.19, 8;
    %load/vec4 v0x555563862c80_0;
    %parti/s 1, 8, 5;
    %load/vec4 v0x555563862940_0;
    %parti/s 8, 0, 2;
    %pad/u 10;
    %ix/vec4 3;
    %ix/load 4, 8, 0; part off
    %ix/load 5, 0, 0; Constant delay
    %assign/vec4/a/d v0x555563862fe0, 4, 5;
T_91.19 ;
    %load/vec4 v0x555563862e20_0;
    %parti/s 1, 9, 5;
    %nor/r;
    %flag_set/vec4 8;
    %jmp/0xz  T_91.21, 8;
    %load/vec4 v0x555563862c80_0;
    %parti/s 1, 9, 5;
    %load/vec4 v0x555563862940_0;
    %parti/s 8, 0, 2;
    %pad/u 10;
    %ix/vec4 3;
    %ix/load 4, 9, 0; part off
    %ix/load 5, 0, 0; Constant delay
    %assign/vec4/a/d v0x555563862fe0, 4, 5;
T_91.21 ;
    %load/vec4 v0x555563862e20_0;
    %parti/s 1, 10, 5;
    %nor/r;
    %flag_set/vec4 8;
    %jmp/0xz  T_91.23, 8;
    %load/vec4 v0x555563862c80_0;
    %parti/s 1, 10, 5;
    %load/vec4 v0x555563862940_0;
    %parti/s 8, 0, 2;
    %pad/u 10;
    %ix/vec4 3;
    %ix/load 4, 10, 0; part off
    %ix/load 5, 0, 0; Constant delay
    %assign/vec4/a/d v0x555563862fe0, 4, 5;
T_91.23 ;
    %load/vec4 v0x555563862e20_0;
    %parti/s 1, 11, 5;
    %nor/r;
    %flag_set/vec4 8;
    %jmp/0xz  T_91.25, 8;
    %load/vec4 v0x555563862c80_0;
    %parti/s 1, 11, 5;
    %load/vec4 v0x555563862940_0;
    %parti/s 8, 0, 2;
    %pad/u 10;
    %ix/vec4 3;
    %ix/load 4, 11, 0; part off
    %ix/load 5, 0, 0; Constant delay
    %assign/vec4/a/d v0x555563862fe0, 4, 5;
T_91.25 ;
    %load/vec4 v0x555563862e20_0;
    %parti/s 1, 12, 5;
    %nor/r;
    %flag_set/vec4 8;
    %jmp/0xz  T_91.27, 8;
    %load/vec4 v0x555563862c80_0;
    %parti/s 1, 12, 5;
    %load/vec4 v0x555563862940_0;
    %parti/s 8, 0, 2;
    %pad/u 10;
    %ix/vec4 3;
    %ix/load 4, 12, 0; part off
    %ix/load 5, 0, 0; Constant delay
    %assign/vec4/a/d v0x555563862fe0, 4, 5;
T_91.27 ;
    %load/vec4 v0x555563862e20_0;
    %parti/s 1, 13, 5;
    %nor/r;
    %flag_set/vec4 8;
    %jmp/0xz  T_91.29, 8;
    %load/vec4 v0x555563862c80_0;
    %parti/s 1, 13, 5;
    %load/vec4 v0x555563862940_0;
    %parti/s 8, 0, 2;
    %pad/u 10;
    %ix/vec4 3;
    %ix/load 4, 13, 0; part off
    %ix/load 5, 0, 0; Constant delay
    %assign/vec4/a/d v0x555563862fe0, 4, 5;
T_91.29 ;
    %load/vec4 v0x555563862e20_0;
    %parti/s 1, 14, 5;
    %nor/r;
    %flag_set/vec4 8;
    %jmp/0xz  T_91.31, 8;
    %load/vec4 v0x555563862c80_0;
    %parti/s 1, 14, 5;
    %load/vec4 v0x555563862940_0;
    %parti/s 8, 0, 2;
    %pad/u 10;
    %ix/vec4 3;
    %ix/load 4, 14, 0; part off
    %ix/load 5, 0, 0; Constant delay
    %assign/vec4/a/d v0x555563862fe0, 4, 5;
T_91.31 ;
    %load/vec4 v0x555563862e20_0;
    %parti/s 1, 15, 5;
    %nor/r;
    %flag_set/vec4 8;
    %jmp/0xz  T_91.33, 8;
    %load/vec4 v0x555563862c80_0;
    %parti/s 1, 15, 5;
    %load/vec4 v0x555563862940_0;
    %parti/s 8, 0, 2;
    %pad/u 10;
    %ix/vec4 3;
    %ix/load 4, 15, 0; part off
    %ix/load 5, 0, 0; Constant delay
    %assign/vec4/a/d v0x555563862fe0, 4, 5;
T_91.33 ;
T_91.0 ;
    %jmp T_91;
    .thread T_91;
    .scope S_0x55556385f9a0;
T_92 ;
    %wait E_0x555563861990;
    %load/vec4 v0x5555638627a0_0;
    %flag_set/vec4 9;
    %flag_get/vec4 9;
    %jmp/0 T_92.2, 9;
    %load/vec4 v0x5555638624d0_0;
    %and;
T_92.2;
    %flag_set/vec4 8;
    %jmp/0xz  T_92.0, 8;
    %load/vec4 v0x555563862320_0;
    %parti/s 8, 0, 2;
    %pad/u 10;
    %ix/vec4 4;
    %load/vec4a v0x555563862fe0, 4;
    %load/vec4 v0x555563862860_0;
    %inv;
    %and;
    %assign/vec4 v0x5555638626c0_0, 0;
T_92.0 ;
    %jmp T_92;
    .thread T_92;
    .scope S_0x55556368aca0;
T_93 ;
    %wait E_0x555563867960;
    %pushi/vec4 0, 0, 32;
    %store/vec4 v0x555563868280_0, 0, 32;
T_93.0 ; Top of for-loop 
    %load/vec4 v0x555563868280_0;
    %cmpi/s 16383, 0, 32;
    %flag_or 5, 4;
    %jmp/0xz T_93.1, 5;
    %pushi/vec4 65535, 65535, 16;
    %ix/getv/s 4, v0x555563868280_0;
    %store/vec4a v0x555563868360, 4, 0;
T_93.2 ; for-loop step statement
    %load/vec4 v0x555563868280_0;
    %addi 1, 0, 32;
    %store/vec4 v0x555563868280_0, 0, 32;
    %jmp T_93.0;
T_93.1 ; for-loop exit label
    %jmp T_93;
    .thread T_93;
    .scope S_0x55556368aca0;
T_94 ;
    %wait E_0x5555638678e0;
    %load/vec4 v0x555563868420_0;
    %flag_set/vec4 8;
    %jmp/0xz  T_94.0, 8;
    %pushi/vec4 0, 0, 16;
    %assign/vec4 v0x555563867d00_0, 0;
    %jmp T_94.1;
T_94.0 ;
    %load/vec4 v0x555563868040_0;
    %flag_set/vec4 8;
    %jmp/0xz  T_94.2, 8;
    %pushi/vec4 65535, 65535, 16;
    %assign/vec4 v0x555563867d00_0, 0;
    %jmp T_94.3;
T_94.2 ;
    %load/vec4 v0x555563867ac0_0;
    %flag_set/vec4 8;
    %jmp/0xz  T_94.4, 8;
    %load/vec4 v0x555563868100_0;
    %nor/r;
    %flag_set/vec4 8;
    %jmp/0xz  T_94.6, 8;
    %load/vec4 v0x5555638679c0_0;
    %pad/u 16;
    %ix/vec4 4;
    %load/vec4a v0x555563868360, 4;
    %assign/vec4 v0x555563867d00_0, 0;
    %jmp T_94.7;
T_94.6 ;
    %load/vec4 v0x555563867de0_0;
    %parti/s 1, 0, 2;
    %flag_set/vec4 8;
    %jmp/0xz  T_94.8, 8;
    %load/vec4 v0x555563867c20_0;
    %parti/s 4, 0, 2;
    %load/vec4 v0x5555638679c0_0;
    %pad/u 16;
    %ix/vec4 3;
    %ix/load 4, 0, 0; Constant delay
    %assign/vec4/a/d v0x555563868360, 0, 4;
T_94.8 ;
    %load/vec4 v0x555563867de0_0;
    %parti/s 1, 1, 2;
    %flag_set/vec4 8;
    %jmp/0xz  T_94.10, 8;
    %load/vec4 v0x555563867c20_0;
    %parti/s 4, 4, 4;
    %load/vec4 v0x5555638679c0_0;
    %pad/u 16;
    %ix/vec4 3;
    %ix/load 4, 4, 0; part off
    %ix/load 5, 0, 0; Constant delay
    %assign/vec4/a/d v0x555563868360, 4, 5;
T_94.10 ;
    %load/vec4 v0x555563867de0_0;
    %parti/s 1, 2, 3;
    %flag_set/vec4 8;
    %jmp/0xz  T_94.12, 8;
    %load/vec4 v0x555563867c20_0;
    %parti/s 4, 8, 5;
    %load/vec4 v0x5555638679c0_0;
    %pad/u 16;
    %ix/vec4 3;
    %ix/load 4, 8, 0; part off
    %ix/load 5, 0, 0; Constant delay
    %assign/vec4/a/d v0x555563868360, 4, 5;
T_94.12 ;
    %load/vec4 v0x555563867de0_0;
    %parti/s 1, 3, 3;
    %flag_set/vec4 8;
    %jmp/0xz  T_94.14, 8;
    %load/vec4 v0x555563867c20_0;
    %parti/s 4, 12, 5;
    %load/vec4 v0x5555638679c0_0;
    %pad/u 16;
    %ix/vec4 3;
    %ix/load 4, 12, 0; part off
    %ix/load 5, 0, 0; Constant delay
    %assign/vec4/a/d v0x555563868360, 4, 5;
T_94.14 ;
    %pushi/vec4 65535, 65535, 16;
    %assign/vec4 v0x555563867d00_0, 0;
T_94.7 ;
T_94.4 ;
T_94.3 ;
T_94.1 ;
    %jmp T_94;
    .thread T_94;
    .scope S_0x55556368ab10;
T_95 ;
    %wait E_0x555563868900;
    %load/vec4 v0x555563868a60_0;
    %load/vec4 v0x555563868b20_0;
    %and;
    %store/vec4 v0x555563868980_0, 0, 1;
    %jmp T_95;
    .thread T_95, $push;
    .scope S_0x5555636985d0;
T_96 ;
    %pushi/vec4 0, 0, 1;
    %store/vec4 v0x555563868d40_0, 0, 1;
    %pushi/vec4 0, 0, 1;
    %store/vec4 v0x555563868e10_0, 0, 1;
    %delay 1000, 0;
    %pushi/vec4 1, 0, 1;
    %store/vec4 v0x555563868d40_0, 0, 1;
    %pushi/vec4 0, 0, 1;
    %store/vec4 v0x555563868e10_0, 0, 1;
    %delay 1000, 0;
    %pushi/vec4 0, 0, 1;
    %store/vec4 v0x555563868d40_0, 0, 1;
    %pushi/vec4 1, 0, 1;
    %store/vec4 v0x555563868e10_0, 0, 1;
    %delay 1000, 0;
    %pushi/vec4 1, 0, 1;
    %store/vec4 v0x555563868d40_0, 0, 1;
    %pushi/vec4 1, 0, 1;
    %store/vec4 v0x555563868e10_0, 0, 1;
    %delay 1000, 0;
    %vpi_call 3 26 "$finish" {0 0 0};
    %vpi_call 3 27 "$dumpfile", "led_and_gate_tb.vcd" {0 0 0};
    %vpi_call 3 28 "$dumpvars" {0 0 0};
    %end;
    .thread T_96;
# The file index is used to find the file name in the following table.
:file_names 5;
    "N/A";
    "<interactive>";
    "/home/rizzy/.apio/packages/tools-oss-cad-suite/share/yosys/ice40/cells_sim.v";
    "led_and_gate_tb.v";
    "led_and_gate.v";
