#! /home/rizzy/.apio/packages/tools-oss-cad-suite/bin/vvp
:ivl_version "13.0 (devel)" "(s20221226-321-gd22bb3d25)";
:ivl_delay_selection "TYPICAL";
:vpi_time_precision - 12;
:vpi_module "/home/rizzy/.apio/packages/tools-oss-cad-suite/lib/ivl/system.vpi";
:vpi_module "/home/rizzy/.apio/packages/tools-oss-cad-suite/lib/ivl/vhdl_sys.vpi";
:vpi_module "/home/rizzy/.apio/packages/tools-oss-cad-suite/lib/ivl/vhdl_textio.vpi";
:vpi_module "/home/rizzy/.apio/packages/tools-oss-cad-suite/lib/ivl/v2005_math.vpi";
:vpi_module "/home/rizzy/.apio/packages/tools-oss-cad-suite/lib/ivl/va_math.vpi";
S_0x5555786ff840 .scope module, "ICESTORM_LC" "ICESTORM_LC" 2 2136;
 .timescale -12 -12;
    .port_info 0 /INPUT 1 "I0";
    .port_info 1 /INPUT 1 "I1";
    .port_info 2 /INPUT 1 "I2";
    .port_info 3 /INPUT 1 "I3";
    .port_info 4 /INPUT 1 "CIN";
    .port_info 5 /INPUT 1 "CLK";
    .port_info 6 /INPUT 1 "CEN";
    .port_info 7 /INPUT 1 "SR";
    .port_info 8 /OUTPUT 1 "LO";
    .port_info 9 /OUTPUT 1 "O";
    .port_info 10 /OUTPUT 1 "COUT";
P_0x55557884e220 .param/l "ASYNC_SR" 0 2 2148, C4<0>;
P_0x55557884e260 .param/l "CARRY_ENABLE" 0 2 2145, C4<0>;
P_0x55557884e2a0 .param/l "CIN_CONST" 0 2 2150, C4<0>;
P_0x55557884e2e0 .param/l "CIN_SET" 0 2 2151, C4<0>;
P_0x55557884e320 .param/l "DFF_ENABLE" 0 2 2146, C4<0>;
P_0x55557884e360 .param/l "LUT_INIT" 0 2 2142, C4<0000000000000000>;
P_0x55557884e3a0 .param/l "NEG_CLK" 0 2 2144, C4<0>;
P_0x55557884e3e0 .param/l "SET_NORESET" 0 2 2147, C4<0>;
o0x7f7e37399078 .functor BUFZ 1, C4<z>; HiZ drive
L_0x5555788ca060 .functor BUFZ 1, o0x7f7e37399078, C4<0>, C4<0>, C4<0>;
L_0x5555788c9ed0 .functor BUFZ 1, L_0x5555788cacc0, C4<0>, C4<0>, C4<0>;
o0x7f7e373990a8 .functor BUFZ 1, C4<z>; HiZ drive
L_0x7f7e373502a0 .functor BUFT 1, C4<0>, C4<0>, C4<0>, C4<0>;
L_0x5555788caf60 .functor XOR 1, o0x7f7e373990a8, L_0x7f7e373502a0, C4<0>, C4<0>;
L_0x5555788cb020 .functor BUFZ 1, L_0x5555788cacc0, C4<0>, C4<0>, C4<0>;
o0x7f7e37399018 .functor BUFZ 1, C4<z>; HiZ drive
v0x55557882a5e0_0 .net "CEN", 0 0, o0x7f7e37399018;  0 drivers
v0x5555787f5460_0 .net "CEN_pu", 0 0, L_0x5555788c9e30;  1 drivers
v0x5555787f4510_0 .net "CIN", 0 0, o0x7f7e37399078;  0 drivers
v0x5555787f35c0_0 .net "CLK", 0 0, o0x7f7e373990a8;  0 drivers
L_0x7f7e373501c8 .functor BUFT 1, C4<x>, C4<0>, C4<0>, C4<0>;
v0x5555787f2670_0 .net "COUT", 0 0, L_0x7f7e373501c8;  1 drivers
o0x7f7e37399108 .functor BUFZ 1, C4<z>; HiZ drive
v0x5555787f1720_0 .net "I0", 0 0, o0x7f7e37399108;  0 drivers
v0x5555787f0860_0 .net "I0_pd", 0 0, L_0x5555788c9070;  1 drivers
o0x7f7e37399168 .functor BUFZ 1, C4<z>; HiZ drive
v0x5555786716d0_0 .net "I1", 0 0, o0x7f7e37399168;  0 drivers
v0x555578671790_0 .net "I1_pd", 0 0, L_0x5555788c9300;  1 drivers
o0x7f7e373991c8 .functor BUFZ 1, C4<z>; HiZ drive
v0x555578671850_0 .net "I2", 0 0, o0x7f7e373991c8;  0 drivers
v0x555578671910_0 .net "I2_pd", 0 0, L_0x5555788c95f0;  1 drivers
o0x7f7e37399228 .functor BUFZ 1, C4<z>; HiZ drive
v0x5555786719d0_0 .net "I3", 0 0, o0x7f7e37399228;  0 drivers
v0x555578671a90_0 .net "I3_pd", 0 0, L_0x5555788c9890;  1 drivers
v0x555578667d40_0 .net "LO", 0 0, L_0x5555788c9ed0;  1 drivers
v0x555578667e00_0 .net "O", 0 0, L_0x5555788cb020;  1 drivers
o0x7f7e373992e8 .functor BUFZ 1, C4<z>; HiZ drive
v0x555578667ec0_0 .net "SR", 0 0, o0x7f7e373992e8;  0 drivers
v0x555578667f80_0 .net "SR_pd", 0 0, L_0x5555788c9bc0;  1 drivers
o0x7f7e37399348 .functor BUFZ 1, C4<z>; HiZ drive
; Elide local net with no drivers, v0x555578668150_0 name=_ivl_0
v0x5555786669f0_0 .net *"_ivl_10", 0 0, L_0x5555788c9230;  1 drivers
L_0x7f7e37350060 .functor BUFT 1, C4<0>, C4<0>, C4<0>, C4<0>;
v0x555578666ab0_0 .net/2u *"_ivl_12", 0 0, L_0x7f7e37350060;  1 drivers
o0x7f7e373993d8 .functor BUFZ 1, C4<z>; HiZ drive
; Elide local net with no drivers, v0x555578666b90_0 name=_ivl_16
v0x555578666c70_0 .net *"_ivl_18", 0 0, L_0x5555788c94f0;  1 drivers
v0x555578666d30_0 .net *"_ivl_2", 0 0, L_0x5555788c8f10;  1 drivers
L_0x7f7e373500a8 .functor BUFT 1, C4<0>, C4<0>, C4<0>, C4<0>;
v0x555578666df0_0 .net/2u *"_ivl_20", 0 0, L_0x7f7e373500a8;  1 drivers
o0x7f7e37399498 .functor BUFZ 1, C4<z>; HiZ drive
; Elide local net with no drivers, v0x555578662e50_0 name=_ivl_24
v0x555578662f30_0 .net *"_ivl_26", 0 0, L_0x5555788c97c0;  1 drivers
L_0x7f7e373500f0 .functor BUFT 1, C4<0>, C4<0>, C4<0>, C4<0>;
v0x555578662ff0_0 .net/2u *"_ivl_28", 0 0, L_0x7f7e373500f0;  1 drivers
o0x7f7e37399528 .functor BUFZ 1, C4<z>; HiZ drive
; Elide local net with no drivers, v0x5555786630d0_0 name=_ivl_32
v0x5555786631b0_0 .net *"_ivl_34", 0 0, L_0x5555788c9aa0;  1 drivers
L_0x7f7e37350138 .functor BUFT 1, C4<0>, C4<0>, C4<0>, C4<0>;
v0x555578663270_0 .net/2u *"_ivl_36", 0 0, L_0x7f7e37350138;  1 drivers
L_0x7f7e37350018 .functor BUFT 1, C4<0>, C4<0>, C4<0>, C4<0>;
v0x55557865f260_0 .net/2u *"_ivl_4", 0 0, L_0x7f7e37350018;  1 drivers
o0x7f7e373995e8 .functor BUFZ 1, C4<z>; HiZ drive
; Elide local net with no drivers, v0x55557865f340_0 name=_ivl_40
v0x55557865f420_0 .net *"_ivl_42", 0 0, L_0x5555788c9d60;  1 drivers
L_0x7f7e37350180 .functor BUFT 1, C4<1>, C4<0>, C4<0>, C4<0>;
v0x55557865f6f0_0 .net/2u *"_ivl_44", 0 0, L_0x7f7e37350180;  1 drivers
L_0x7f7e37350210 .functor BUFT 1, C4<00000000>, C4<0>, C4<0>, C4<0>;
v0x555578664d40_0 .net/2u *"_ivl_52", 7 0, L_0x7f7e37350210;  1 drivers
L_0x7f7e37350258 .functor BUFT 1, C4<00000000>, C4<0>, C4<0>, C4<0>;
v0x555578664e20_0 .net/2u *"_ivl_54", 7 0, L_0x7f7e37350258;  1 drivers
v0x555578664f00_0 .net *"_ivl_59", 3 0, L_0x5555788ca330;  1 drivers
v0x555578664fe0_0 .net *"_ivl_61", 3 0, L_0x5555788ca4a0;  1 drivers
v0x5555786650c0_0 .net *"_ivl_65", 1 0, L_0x5555788ca760;  1 drivers
v0x5555786651a0_0 .net *"_ivl_67", 1 0, L_0x5555788ca850;  1 drivers
v0x5555786611a0_0 .net *"_ivl_71", 0 0, L_0x5555788cab20;  1 drivers
v0x555578661280_0 .net *"_ivl_73", 0 0, L_0x5555788ca8f0;  1 drivers
v0x555578661360_0 .net/2u *"_ivl_78", 0 0, L_0x7f7e373502a0;  1 drivers
o0x7f7e37399828 .functor BUFZ 1, C4<z>; HiZ drive
; Elide local net with no drivers, v0x555578661440_0 name=_ivl_8
v0x555578661520_0 .net "lut_o", 0 0, L_0x5555788cacc0;  1 drivers
v0x5555786615e0_0 .net "lut_s1", 1 0, L_0x5555788ca990;  1 drivers
v0x555578657820_0 .net "lut_s2", 3 0, L_0x5555788ca540;  1 drivers
v0x555578657900_0 .net "lut_s3", 7 0, L_0x5555788ca1c0;  1 drivers
v0x5555786579e0_0 .net "mux_cin", 0 0, L_0x5555788ca060;  1 drivers
v0x555578657aa0_0 .var "o_reg", 0 0;
v0x555578657b60_0 .var "o_reg_async", 0 0;
v0x555578657c20_0 .net "polarized_clk", 0 0, L_0x5555788caf60;  1 drivers
E_0x555578855390 .event posedge, v0x555578667f80_0, v0x555578657c20_0;
E_0x55557883e3b0 .event posedge, v0x555578657c20_0;
L_0x5555788c8f10 .cmp/eeq 1, o0x7f7e37399108, o0x7f7e37399348;
L_0x5555788c9070 .functor MUXZ 1, o0x7f7e37399108, L_0x7f7e37350018, L_0x5555788c8f10, C4<>;
L_0x5555788c9230 .cmp/eeq 1, o0x7f7e37399168, o0x7f7e37399828;
L_0x5555788c9300 .functor MUXZ 1, o0x7f7e37399168, L_0x7f7e37350060, L_0x5555788c9230, C4<>;
L_0x5555788c94f0 .cmp/eeq 1, o0x7f7e373991c8, o0x7f7e373993d8;
L_0x5555788c95f0 .functor MUXZ 1, o0x7f7e373991c8, L_0x7f7e373500a8, L_0x5555788c94f0, C4<>;
L_0x5555788c97c0 .cmp/eeq 1, o0x7f7e37399228, o0x7f7e37399498;
L_0x5555788c9890 .functor MUXZ 1, o0x7f7e37399228, L_0x7f7e373500f0, L_0x5555788c97c0, C4<>;
L_0x5555788c9aa0 .cmp/eeq 1, o0x7f7e373992e8, o0x7f7e37399528;
L_0x5555788c9bc0 .functor MUXZ 1, o0x7f7e373992e8, L_0x7f7e37350138, L_0x5555788c9aa0, C4<>;
L_0x5555788c9d60 .cmp/eeq 1, o0x7f7e37399018, o0x7f7e373995e8;
L_0x5555788c9e30 .functor MUXZ 1, o0x7f7e37399018, L_0x7f7e37350180, L_0x5555788c9d60, C4<>;
L_0x5555788ca1c0 .functor MUXZ 8, L_0x7f7e37350258, L_0x7f7e37350210, L_0x5555788c9890, C4<>;
L_0x5555788ca330 .part L_0x5555788ca1c0, 4, 4;
L_0x5555788ca4a0 .part L_0x5555788ca1c0, 0, 4;
L_0x5555788ca540 .functor MUXZ 4, L_0x5555788ca4a0, L_0x5555788ca330, L_0x5555788c95f0, C4<>;
L_0x5555788ca760 .part L_0x5555788ca540, 2, 2;
L_0x5555788ca850 .part L_0x5555788ca540, 0, 2;
L_0x5555788ca990 .functor MUXZ 2, L_0x5555788ca850, L_0x5555788ca760, L_0x5555788c9300, C4<>;
L_0x5555788cab20 .part L_0x5555788ca990, 1, 1;
L_0x5555788ca8f0 .part L_0x5555788ca990, 0, 1;
L_0x5555788cacc0 .functor MUXZ 1, L_0x5555788ca8f0, L_0x5555788cab20, L_0x5555788c9070, C4<>;
S_0x555578850f60 .scope module, "ICESTORM_RAM" "ICESTORM_RAM" 2 3167;
 .timescale -12 -12;
    .port_info 0 /OUTPUT 1 "RDATA_15";
    .port_info 1 /OUTPUT 1 "RDATA_14";
    .port_info 2 /OUTPUT 1 "RDATA_13";
    .port_info 3 /OUTPUT 1 "RDATA_12";
    .port_info 4 /OUTPUT 1 "RDATA_11";
    .port_info 5 /OUTPUT 1 "RDATA_10";
    .port_info 6 /OUTPUT 1 "RDATA_9";
    .port_info 7 /OUTPUT 1 "RDATA_8";
    .port_info 8 /OUTPUT 1 "RDATA_7";
    .port_info 9 /OUTPUT 1 "RDATA_6";
    .port_info 10 /OUTPUT 1 "RDATA_5";
    .port_info 11 /OUTPUT 1 "RDATA_4";
    .port_info 12 /OUTPUT 1 "RDATA_3";
    .port_info 13 /OUTPUT 1 "RDATA_2";
    .port_info 14 /OUTPUT 1 "RDATA_1";
    .port_info 15 /OUTPUT 1 "RDATA_0";
    .port_info 16 /INPUT 1 "RCLK";
    .port_info 17 /INPUT 1 "RCLKE";
    .port_info 18 /INPUT 1 "RE";
    .port_info 19 /INPUT 1 "RADDR_10";
    .port_info 20 /INPUT 1 "RADDR_9";
    .port_info 21 /INPUT 1 "RADDR_8";
    .port_info 22 /INPUT 1 "RADDR_7";
    .port_info 23 /INPUT 1 "RADDR_6";
    .port_info 24 /INPUT 1 "RADDR_5";
    .port_info 25 /INPUT 1 "RADDR_4";
    .port_info 26 /INPUT 1 "RADDR_3";
    .port_info 27 /INPUT 1 "RADDR_2";
    .port_info 28 /INPUT 1 "RADDR_1";
    .port_info 29 /INPUT 1 "RADDR_0";
    .port_info 30 /INPUT 1 "WCLK";
    .port_info 31 /INPUT 1 "WCLKE";
    .port_info 32 /INPUT 1 "WE";
    .port_info 33 /INPUT 1 "WADDR_10";
    .port_info 34 /INPUT 1 "WADDR_9";
    .port_info 35 /INPUT 1 "WADDR_8";
    .port_info 36 /INPUT 1 "WADDR_7";
    .port_info 37 /INPUT 1 "WADDR_6";
    .port_info 38 /INPUT 1 "WADDR_5";
    .port_info 39 /INPUT 1 "WADDR_4";
    .port_info 40 /INPUT 1 "WADDR_3";
    .port_info 41 /INPUT 1 "WADDR_2";
    .port_info 42 /INPUT 1 "WADDR_1";
    .port_info 43 /INPUT 1 "WADDR_0";
    .port_info 44 /INPUT 1 "MASK_15";
    .port_info 45 /INPUT 1 "MASK_14";
    .port_info 46 /INPUT 1 "MASK_13";
    .port_info 47 /INPUT 1 "MASK_12";
    .port_info 48 /INPUT 1 "MASK_11";
    .port_info 49 /INPUT 1 "MASK_10";
    .port_info 50 /INPUT 1 "MASK_9";
    .port_info 51 /INPUT 1 "MASK_8";
    .port_info 52 /INPUT 1 "MASK_7";
    .port_info 53 /INPUT 1 "MASK_6";
    .port_info 54 /INPUT 1 "MASK_5";
    .port_info 55 /INPUT 1 "MASK_4";
    .port_info 56 /INPUT 1 "MASK_3";
    .port_info 57 /INPUT 1 "MASK_2";
    .port_info 58 /INPUT 1 "MASK_1";
    .port_info 59 /INPUT 1 "MASK_0";
    .port_info 60 /INPUT 1 "WDATA_15";
    .port_info 61 /INPUT 1 "WDATA_14";
    .port_info 62 /INPUT 1 "WDATA_13";
    .port_info 63 /INPUT 1 "WDATA_12";
    .port_info 64 /INPUT 1 "WDATA_11";
    .port_info 65 /INPUT 1 "WDATA_10";
    .port_info 66 /INPUT 1 "WDATA_9";
    .port_info 67 /INPUT 1 "WDATA_8";
    .port_info 68 /INPUT 1 "WDATA_7";
    .port_info 69 /INPUT 1 "WDATA_6";
    .port_info 70 /INPUT 1 "WDATA_5";
    .port_info 71 /INPUT 1 "WDATA_4";
    .port_info 72 /INPUT 1 "WDATA_3";
    .port_info 73 /INPUT 1 "WDATA_2";
    .port_info 74 /INPUT 1 "WDATA_1";
    .port_info 75 /INPUT 1 "WDATA_0";
P_0x5555786550b0 .param/l "INIT_0" 0 2 3182, C4<0000000000000000000000000000000000000000000000000000000000000000000000000000000000000000000000000000000000000000000000000000000000000000000000000000000000000000000000000000000000000000000000000000000000000000000000000000000000000000000000000000000000000000>;
P_0x5555786550f0 .param/l "INIT_1" 0 2 3183, C4<0000000000000000000000000000000000000000000000000000000000000000000000000000000000000000000000000000000000000000000000000000000000000000000000000000000000000000000000000000000000000000000000000000000000000000000000000000000000000000000000000000000000000000>;
P_0x555578655130 .param/l "INIT_2" 0 2 3184, C4<0000000000000000000000000000000000000000000000000000000000000000000000000000000000000000000000000000000000000000000000000000000000000000000000000000000000000000000000000000000000000000000000000000000000000000000000000000000000000000000000000000000000000000>;
P_0x555578655170 .param/l "INIT_3" 0 2 3185, C4<0000000000000000000000000000000000000000000000000000000000000000000000000000000000000000000000000000000000000000000000000000000000000000000000000000000000000000000000000000000000000000000000000000000000000000000000000000000000000000000000000000000000000000>;
P_0x5555786551b0 .param/l "INIT_4" 0 2 3186, C4<0000000000000000000000000000000000000000000000000000000000000000000000000000000000000000000000000000000000000000000000000000000000000000000000000000000000000000000000000000000000000000000000000000000000000000000000000000000000000000000000000000000000000000>;
P_0x5555786551f0 .param/l "INIT_5" 0 2 3187, C4<0000000000000000000000000000000000000000000000000000000000000000000000000000000000000000000000000000000000000000000000000000000000000000000000000000000000000000000000000000000000000000000000000000000000000000000000000000000000000000000000000000000000000000>;
P_0x555578655230 .param/l "INIT_6" 0 2 3188, C4<0000000000000000000000000000000000000000000000000000000000000000000000000000000000000000000000000000000000000000000000000000000000000000000000000000000000000000000000000000000000000000000000000000000000000000000000000000000000000000000000000000000000000000>;
P_0x555578655270 .param/l "INIT_7" 0 2 3189, C4<0000000000000000000000000000000000000000000000000000000000000000000000000000000000000000000000000000000000000000000000000000000000000000000000000000000000000000000000000000000000000000000000000000000000000000000000000000000000000000000000000000000000000000>;
P_0x5555786552b0 .param/l "INIT_8" 0 2 3190, C4<0000000000000000000000000000000000000000000000000000000000000000000000000000000000000000000000000000000000000000000000000000000000000000000000000000000000000000000000000000000000000000000000000000000000000000000000000000000000000000000000000000000000000000>;
P_0x5555786552f0 .param/l "INIT_9" 0 2 3191, C4<0000000000000000000000000000000000000000000000000000000000000000000000000000000000000000000000000000000000000000000000000000000000000000000000000000000000000000000000000000000000000000000000000000000000000000000000000000000000000000000000000000000000000000>;
P_0x555578655330 .param/l "INIT_A" 0 2 3192, C4<0000000000000000000000000000000000000000000000000000000000000000000000000000000000000000000000000000000000000000000000000000000000000000000000000000000000000000000000000000000000000000000000000000000000000000000000000000000000000000000000000000000000000000>;
P_0x555578655370 .param/l "INIT_B" 0 2 3193, C4<0000000000000000000000000000000000000000000000000000000000000000000000000000000000000000000000000000000000000000000000000000000000000000000000000000000000000000000000000000000000000000000000000000000000000000000000000000000000000000000000000000000000000000>;
P_0x5555786553b0 .param/l "INIT_C" 0 2 3194, C4<0000000000000000000000000000000000000000000000000000000000000000000000000000000000000000000000000000000000000000000000000000000000000000000000000000000000000000000000000000000000000000000000000000000000000000000000000000000000000000000000000000000000000000>;
P_0x5555786553f0 .param/l "INIT_D" 0 2 3195, C4<0000000000000000000000000000000000000000000000000000000000000000000000000000000000000000000000000000000000000000000000000000000000000000000000000000000000000000000000000000000000000000000000000000000000000000000000000000000000000000000000000000000000000000>;
P_0x555578655430 .param/l "INIT_E" 0 2 3196, C4<0000000000000000000000000000000000000000000000000000000000000000000000000000000000000000000000000000000000000000000000000000000000000000000000000000000000000000000000000000000000000000000000000000000000000000000000000000000000000000000000000000000000000000>;
P_0x555578655470 .param/l "INIT_F" 0 2 3197, C4<0000000000000000000000000000000000000000000000000000000000000000000000000000000000000000000000000000000000000000000000000000000000000000000000000000000000000000000000000000000000000000000000000000000000000000000000000000000000000000000000000000000000000000>;
P_0x5555786554b0 .param/l "NEG_CLK_R" 0 2 3179, C4<0>;
P_0x5555786554f0 .param/l "NEG_CLK_W" 0 2 3180, C4<0>;
P_0x555578655530 .param/l "READ_MODE" 0 2 3177, +C4<00000000000000000000000000000000>;
P_0x555578655570 .param/l "WRITE_MODE" 0 2 3176, +C4<00000000000000000000000000000000>;
L_0x7f7e37350330 .functor BUFT 1, C4<0>, C4<0>, C4<0>, C4<0>;
L_0x5555788dbd50 .functor XOR 1, L_0x5555788dc420, L_0x7f7e37350330, C4<0>, C4<0>;
L_0x7f7e37350378 .functor BUFT 1, C4<0>, C4<0>, C4<0>, C4<0>;
L_0x5555788ddd90 .functor XOR 1, L_0x5555788ddbe0, L_0x7f7e37350378, C4<0>, C4<0>;
o0x7f7e3739a1b8 .functor BUFZ 1, C4<z>; HiZ drive
v0x5555788922d0_0 .net "MASK_0", 0 0, o0x7f7e3739a1b8;  0 drivers
o0x7f7e3739a1e8 .functor BUFZ 1, C4<z>; HiZ drive
v0x5555788923b0_0 .net "MASK_1", 0 0, o0x7f7e3739a1e8;  0 drivers
o0x7f7e3739a218 .functor BUFZ 1, C4<z>; HiZ drive
v0x555578892470_0 .net "MASK_10", 0 0, o0x7f7e3739a218;  0 drivers
o0x7f7e3739a248 .functor BUFZ 1, C4<z>; HiZ drive
v0x555578892510_0 .net "MASK_11", 0 0, o0x7f7e3739a248;  0 drivers
o0x7f7e3739a278 .functor BUFZ 1, C4<z>; HiZ drive
v0x5555788925d0_0 .net "MASK_12", 0 0, o0x7f7e3739a278;  0 drivers
o0x7f7e3739a2a8 .functor BUFZ 1, C4<z>; HiZ drive
v0x5555788926e0_0 .net "MASK_13", 0 0, o0x7f7e3739a2a8;  0 drivers
o0x7f7e3739a2d8 .functor BUFZ 1, C4<z>; HiZ drive
v0x5555788927a0_0 .net "MASK_14", 0 0, o0x7f7e3739a2d8;  0 drivers
o0x7f7e3739a308 .functor BUFZ 1, C4<z>; HiZ drive
v0x555578892860_0 .net "MASK_15", 0 0, o0x7f7e3739a308;  0 drivers
o0x7f7e3739a338 .functor BUFZ 1, C4<z>; HiZ drive
v0x555578892920_0 .net "MASK_2", 0 0, o0x7f7e3739a338;  0 drivers
o0x7f7e3739a368 .functor BUFZ 1, C4<z>; HiZ drive
v0x5555788929e0_0 .net "MASK_3", 0 0, o0x7f7e3739a368;  0 drivers
o0x7f7e3739a398 .functor BUFZ 1, C4<z>; HiZ drive
v0x555578892aa0_0 .net "MASK_4", 0 0, o0x7f7e3739a398;  0 drivers
o0x7f7e3739a3c8 .functor BUFZ 1, C4<z>; HiZ drive
v0x555578892b60_0 .net "MASK_5", 0 0, o0x7f7e3739a3c8;  0 drivers
o0x7f7e3739a3f8 .functor BUFZ 1, C4<z>; HiZ drive
v0x555578892c20_0 .net "MASK_6", 0 0, o0x7f7e3739a3f8;  0 drivers
o0x7f7e3739a428 .functor BUFZ 1, C4<z>; HiZ drive
v0x555578892ce0_0 .net "MASK_7", 0 0, o0x7f7e3739a428;  0 drivers
o0x7f7e3739a458 .functor BUFZ 1, C4<z>; HiZ drive
v0x555578892da0_0 .net "MASK_8", 0 0, o0x7f7e3739a458;  0 drivers
o0x7f7e3739a488 .functor BUFZ 1, C4<z>; HiZ drive
v0x555578892e60_0 .net "MASK_9", 0 0, o0x7f7e3739a488;  0 drivers
o0x7f7e3739a4b8 .functor BUFZ 1, C4<z>; HiZ drive
v0x555578892f20_0 .net "RADDR_0", 0 0, o0x7f7e3739a4b8;  0 drivers
o0x7f7e3739a4e8 .functor BUFZ 1, C4<z>; HiZ drive
v0x5555788930f0_0 .net "RADDR_1", 0 0, o0x7f7e3739a4e8;  0 drivers
o0x7f7e3739a518 .functor BUFZ 1, C4<z>; HiZ drive
v0x5555788931b0_0 .net "RADDR_10", 0 0, o0x7f7e3739a518;  0 drivers
o0x7f7e3739a548 .functor BUFZ 1, C4<z>; HiZ drive
v0x555578893270_0 .net "RADDR_2", 0 0, o0x7f7e3739a548;  0 drivers
o0x7f7e3739a578 .functor BUFZ 1, C4<z>; HiZ drive
v0x555578893330_0 .net "RADDR_3", 0 0, o0x7f7e3739a578;  0 drivers
o0x7f7e3739a5a8 .functor BUFZ 1, C4<z>; HiZ drive
v0x5555788933f0_0 .net "RADDR_4", 0 0, o0x7f7e3739a5a8;  0 drivers
o0x7f7e3739a5d8 .functor BUFZ 1, C4<z>; HiZ drive
v0x5555788934b0_0 .net "RADDR_5", 0 0, o0x7f7e3739a5d8;  0 drivers
o0x7f7e3739a608 .functor BUFZ 1, C4<z>; HiZ drive
v0x555578893570_0 .net "RADDR_6", 0 0, o0x7f7e3739a608;  0 drivers
o0x7f7e3739a638 .functor BUFZ 1, C4<z>; HiZ drive
v0x555578893630_0 .net "RADDR_7", 0 0, o0x7f7e3739a638;  0 drivers
o0x7f7e3739a668 .functor BUFZ 1, C4<z>; HiZ drive
v0x5555788936f0_0 .net "RADDR_8", 0 0, o0x7f7e3739a668;  0 drivers
o0x7f7e3739a698 .functor BUFZ 1, C4<z>; HiZ drive
v0x5555788937b0_0 .net "RADDR_9", 0 0, o0x7f7e3739a698;  0 drivers
o0x7f7e3739a6c8 .functor BUFZ 1, C4<z>; HiZ drive
v0x555578893870_0 .net "RCLK", 0 0, o0x7f7e3739a6c8;  0 drivers
o0x7f7e3739a6f8 .functor BUFZ 1, C4<z>; HiZ drive
v0x555578893930_0 .net "RCLKE", 0 0, o0x7f7e3739a6f8;  0 drivers
v0x5555788939f0_0 .net "RDATA_0", 0 0, L_0x5555788dc2c0;  1 drivers
v0x555578893ab0_0 .net "RDATA_1", 0 0, L_0x5555788dbfe0;  1 drivers
v0x555578893b70_0 .net "RDATA_10", 0 0, L_0x5555788db6e0;  1 drivers
v0x555578893c30_0 .net "RDATA_11", 0 0, L_0x5555788db610;  1 drivers
v0x555578893f00_0 .net "RDATA_12", 0 0, L_0x5555788db510;  1 drivers
v0x555578893fc0_0 .net "RDATA_13", 0 0, L_0x5555788db440;  1 drivers
v0x555578894080_0 .net "RDATA_14", 0 0, L_0x5555788db370;  1 drivers
v0x555578894140_0 .net "RDATA_15", 0 0, L_0x5555788db250;  1 drivers
v0x555578894200_0 .net "RDATA_2", 0 0, L_0x5555788dbe90;  1 drivers
v0x5555788942c0_0 .net "RDATA_3", 0 0, L_0x5555788dbdc0;  1 drivers
v0x555578894380_0 .net "RDATA_4", 0 0, L_0x5555788dbc80;  1 drivers
v0x555578894440_0 .net "RDATA_5", 0 0, L_0x5555788dbbb0;  1 drivers
v0x555578894500_0 .net "RDATA_6", 0 0, L_0x5555788dba80;  1 drivers
v0x5555788945c0_0 .net "RDATA_7", 0 0, L_0x5555788db9b0;  1 drivers
v0x555578894680_0 .net "RDATA_8", 0 0, L_0x5555788db890;  1 drivers
v0x555578894740_0 .net "RDATA_9", 0 0, L_0x5555788db7f0;  1 drivers
o0x7f7e3739aa28 .functor BUFZ 1, C4<z>; HiZ drive
v0x555578894800_0 .net "RE", 0 0, o0x7f7e3739aa28;  0 drivers
o0x7f7e3739aa58 .functor BUFZ 1, C4<z>; HiZ drive
v0x5555788948c0_0 .net "WADDR_0", 0 0, o0x7f7e3739aa58;  0 drivers
o0x7f7e3739aa88 .functor BUFZ 1, C4<z>; HiZ drive
v0x555578894980_0 .net "WADDR_1", 0 0, o0x7f7e3739aa88;  0 drivers
o0x7f7e3739aab8 .functor BUFZ 1, C4<z>; HiZ drive
v0x555578894a40_0 .net "WADDR_10", 0 0, o0x7f7e3739aab8;  0 drivers
o0x7f7e3739aae8 .functor BUFZ 1, C4<z>; HiZ drive
v0x555578894b00_0 .net "WADDR_2", 0 0, o0x7f7e3739aae8;  0 drivers
o0x7f7e3739ab18 .functor BUFZ 1, C4<z>; HiZ drive
v0x555578894bc0_0 .net "WADDR_3", 0 0, o0x7f7e3739ab18;  0 drivers
o0x7f7e3739ab48 .functor BUFZ 1, C4<z>; HiZ drive
v0x555578894c80_0 .net "WADDR_4", 0 0, o0x7f7e3739ab48;  0 drivers
o0x7f7e3739ab78 .functor BUFZ 1, C4<z>; HiZ drive
v0x555578894d40_0 .net "WADDR_5", 0 0, o0x7f7e3739ab78;  0 drivers
o0x7f7e3739aba8 .functor BUFZ 1, C4<z>; HiZ drive
v0x555578894e00_0 .net "WADDR_6", 0 0, o0x7f7e3739aba8;  0 drivers
o0x7f7e3739abd8 .functor BUFZ 1, C4<z>; HiZ drive
v0x555578894ec0_0 .net "WADDR_7", 0 0, o0x7f7e3739abd8;  0 drivers
o0x7f7e3739ac08 .functor BUFZ 1, C4<z>; HiZ drive
v0x555578894f80_0 .net "WADDR_8", 0 0, o0x7f7e3739ac08;  0 drivers
o0x7f7e3739ac38 .functor BUFZ 1, C4<z>; HiZ drive
v0x555578895040_0 .net "WADDR_9", 0 0, o0x7f7e3739ac38;  0 drivers
o0x7f7e3739ac68 .functor BUFZ 1, C4<z>; HiZ drive
v0x555578895100_0 .net "WCLK", 0 0, o0x7f7e3739ac68;  0 drivers
o0x7f7e3739ac98 .functor BUFZ 1, C4<z>; HiZ drive
v0x5555788951c0_0 .net "WCLKE", 0 0, o0x7f7e3739ac98;  0 drivers
o0x7f7e3739acc8 .functor BUFZ 1, C4<z>; HiZ drive
v0x555578895280_0 .net "WDATA_0", 0 0, o0x7f7e3739acc8;  0 drivers
o0x7f7e3739acf8 .functor BUFZ 1, C4<z>; HiZ drive
v0x555578895340_0 .net "WDATA_1", 0 0, o0x7f7e3739acf8;  0 drivers
o0x7f7e3739ad28 .functor BUFZ 1, C4<z>; HiZ drive
v0x555578895400_0 .net "WDATA_10", 0 0, o0x7f7e3739ad28;  0 drivers
o0x7f7e3739ad58 .functor BUFZ 1, C4<z>; HiZ drive
v0x5555788954c0_0 .net "WDATA_11", 0 0, o0x7f7e3739ad58;  0 drivers
o0x7f7e3739ad88 .functor BUFZ 1, C4<z>; HiZ drive
v0x555578895580_0 .net "WDATA_12", 0 0, o0x7f7e3739ad88;  0 drivers
o0x7f7e3739adb8 .functor BUFZ 1, C4<z>; HiZ drive
v0x555578895640_0 .net "WDATA_13", 0 0, o0x7f7e3739adb8;  0 drivers
o0x7f7e3739ade8 .functor BUFZ 1, C4<z>; HiZ drive
v0x555578895700_0 .net "WDATA_14", 0 0, o0x7f7e3739ade8;  0 drivers
o0x7f7e3739ae18 .functor BUFZ 1, C4<z>; HiZ drive
v0x5555788957c0_0 .net "WDATA_15", 0 0, o0x7f7e3739ae18;  0 drivers
o0x7f7e3739ae48 .functor BUFZ 1, C4<z>; HiZ drive
v0x555578895880_0 .net "WDATA_2", 0 0, o0x7f7e3739ae48;  0 drivers
o0x7f7e3739ae78 .functor BUFZ 1, C4<z>; HiZ drive
v0x555578895940_0 .net "WDATA_3", 0 0, o0x7f7e3739ae78;  0 drivers
o0x7f7e3739aea8 .functor BUFZ 1, C4<z>; HiZ drive
v0x555578895a00_0 .net "WDATA_4", 0 0, o0x7f7e3739aea8;  0 drivers
o0x7f7e3739aed8 .functor BUFZ 1, C4<z>; HiZ drive
v0x555578895ac0_0 .net "WDATA_5", 0 0, o0x7f7e3739aed8;  0 drivers
o0x7f7e3739af08 .functor BUFZ 1, C4<z>; HiZ drive
v0x555578895b80_0 .net "WDATA_6", 0 0, o0x7f7e3739af08;  0 drivers
o0x7f7e3739af38 .functor BUFZ 1, C4<z>; HiZ drive
v0x555578895c40_0 .net "WDATA_7", 0 0, o0x7f7e3739af38;  0 drivers
o0x7f7e3739af68 .functor BUFZ 1, C4<z>; HiZ drive
v0x555578895d00_0 .net "WDATA_8", 0 0, o0x7f7e3739af68;  0 drivers
o0x7f7e3739af98 .functor BUFZ 1, C4<z>; HiZ drive
v0x555578895dc0_0 .net "WDATA_9", 0 0, o0x7f7e3739af98;  0 drivers
o0x7f7e3739afc8 .functor BUFZ 1, C4<z>; HiZ drive
v0x555578895e80_0 .net "WE", 0 0, o0x7f7e3739afc8;  0 drivers
v0x555578895f40_0 .net *"_ivl_100", 0 0, L_0x5555788e01a0;  1 drivers
v0x555578896020_0 .net *"_ivl_102", 0 0, L_0x5555788dfef0;  1 drivers
v0x555578896100_0 .net *"_ivl_104", 0 0, L_0x5555788dfff0;  1 drivers
v0x5555788961e0_0 .net *"_ivl_106", 0 0, L_0x5555788e0690;  1 drivers
v0x5555788962c0_0 .net *"_ivl_108", 0 0, L_0x5555788e0790;  1 drivers
v0x5555788963a0_0 .net *"_ivl_110", 0 0, L_0x5555788e0a70;  1 drivers
v0x555578896480_0 .net *"_ivl_112", 0 0, L_0x5555788e0b70;  1 drivers
v0x555578896560_0 .net *"_ivl_114", 0 0, L_0x5555788e0e60;  1 drivers
v0x555578896640_0 .net *"_ivl_116", 0 0, L_0x5555788e0f60;  1 drivers
v0x555578896720_0 .net *"_ivl_120", 0 0, L_0x5555788e1850;  1 drivers
v0x555578896800_0 .net *"_ivl_122", 0 0, L_0x5555788e1b00;  1 drivers
v0x5555788968e0_0 .net *"_ivl_124", 0 0, L_0x5555788e1ba0;  1 drivers
v0x5555788969c0_0 .net *"_ivl_126", 0 0, L_0x5555788e1e60;  1 drivers
v0x555578896aa0_0 .net *"_ivl_128", 0 0, L_0x5555788e1f00;  1 drivers
v0x555578896b80_0 .net *"_ivl_130", 0 0, L_0x5555788e21d0;  1 drivers
v0x555578896c60_0 .net *"_ivl_132", 0 0, L_0x5555788e2270;  1 drivers
v0x555578896d40_0 .net *"_ivl_134", 0 0, L_0x5555788e2550;  1 drivers
v0x555578896e20_0 .net *"_ivl_136", 0 0, L_0x5555788e25f0;  1 drivers
v0x555578896f00_0 .net *"_ivl_138", 0 0, L_0x5555788e2910;  1 drivers
v0x555578896fe0_0 .net *"_ivl_140", 0 0, L_0x5555788e2a10;  1 drivers
v0x5555788970c0_0 .net *"_ivl_142", 0 0, L_0x5555788e2d70;  1 drivers
v0x5555788971a0_0 .net *"_ivl_144", 0 0, L_0x5555788e2e70;  1 drivers
v0x555578897280_0 .net *"_ivl_146", 0 0, L_0x5555788e31e0;  1 drivers
v0x555578897360_0 .net *"_ivl_148", 0 0, L_0x5555788e32e0;  1 drivers
v0x555578897440_0 .net *"_ivl_150", 0 0, L_0x5555788e3660;  1 drivers
v0x555578897520_0 .net *"_ivl_18", 0 0, L_0x5555788dc420;  1 drivers
v0x555578897600_0 .net/2u *"_ivl_19", 0 0, L_0x7f7e37350330;  1 drivers
v0x5555788976e0_0 .net *"_ivl_28", 0 0, L_0x5555788dc7c0;  1 drivers
v0x5555788977c0_0 .net *"_ivl_30", 0 0, L_0x5555788dc620;  1 drivers
v0x5555788978a0_0 .net *"_ivl_32", 0 0, L_0x5555788dc9d0;  1 drivers
v0x555578897980_0 .net *"_ivl_34", 0 0, L_0x5555788dcb90;  1 drivers
v0x555578897a60_0 .net *"_ivl_36", 0 0, L_0x5555788dcc90;  1 drivers
v0x555578897b40_0 .net *"_ivl_38", 0 0, L_0x5555788dce60;  1 drivers
v0x555578897c20_0 .net *"_ivl_40", 0 0, L_0x5555788dcf60;  1 drivers
v0x555578897d00_0 .net *"_ivl_42", 0 0, L_0x5555788dd140;  1 drivers
v0x555578897de0_0 .net *"_ivl_44", 0 0, L_0x5555788dd240;  1 drivers
v0x555578897ec0_0 .net *"_ivl_46", 0 0, L_0x5555788dd430;  1 drivers
v0x555578897fa0_0 .net *"_ivl_48", 0 0, L_0x5555788dd530;  1 drivers
v0x555578898080_0 .net *"_ivl_52", 0 0, L_0x5555788ddbe0;  1 drivers
v0x555578898160_0 .net/2u *"_ivl_53", 0 0, L_0x7f7e37350378;  1 drivers
v0x555578898240_0 .net *"_ivl_62", 0 0, L_0x5555788de100;  1 drivers
v0x555578898320_0 .net *"_ivl_64", 0 0, L_0x5555788de1a0;  1 drivers
v0x555578898400_0 .net *"_ivl_66", 0 0, L_0x5555788de370;  1 drivers
v0x5555788984e0_0 .net *"_ivl_68", 0 0, L_0x5555788de440;  1 drivers
v0x5555788985c0_0 .net *"_ivl_70", 0 0, L_0x5555788de680;  1 drivers
v0x5555788986a0_0 .net *"_ivl_72", 0 0, L_0x5555788de780;  1 drivers
v0x555578898780_0 .net *"_ivl_74", 0 0, L_0x5555788de9d0;  1 drivers
v0x555578898860_0 .net *"_ivl_76", 0 0, L_0x5555788dead0;  1 drivers
v0x555578898940_0 .net *"_ivl_78", 0 0, L_0x5555788ded30;  1 drivers
v0x555578898a20_0 .net *"_ivl_80", 0 0, L_0x5555788dee30;  1 drivers
v0x555578898b00_0 .net *"_ivl_82", 0 0, L_0x5555788df0a0;  1 drivers
v0x555578898be0_0 .net *"_ivl_86", 0 0, L_0x5555788df7d0;  1 drivers
v0x555578898cc0_0 .net *"_ivl_88", 0 0, L_0x5555788df870;  1 drivers
v0x5555788995b0_0 .net *"_ivl_90", 0 0, L_0x5555788dfaa0;  1 drivers
v0x555578899690_0 .net *"_ivl_92", 0 0, L_0x5555788dfb40;  1 drivers
v0x555578899770_0 .net *"_ivl_94", 0 0, L_0x5555788dfd80;  1 drivers
v0x555578899850_0 .net *"_ivl_96", 0 0, L_0x5555788dfe20;  1 drivers
v0x555578899930_0 .net *"_ivl_98", 0 0, L_0x5555788e00a0;  1 drivers
L_0x5555788db250 .part v0x555578890f90_0, 15, 1;
L_0x5555788db370 .part v0x555578890f90_0, 14, 1;
L_0x5555788db440 .part v0x555578890f90_0, 13, 1;
L_0x5555788db510 .part v0x555578890f90_0, 12, 1;
L_0x5555788db610 .part v0x555578890f90_0, 11, 1;
L_0x5555788db6e0 .part v0x555578890f90_0, 10, 1;
L_0x5555788db7f0 .part v0x555578890f90_0, 9, 1;
L_0x5555788db890 .part v0x555578890f90_0, 8, 1;
L_0x5555788db9b0 .part v0x555578890f90_0, 7, 1;
L_0x5555788dba80 .part v0x555578890f90_0, 6, 1;
L_0x5555788dbbb0 .part v0x555578890f90_0, 5, 1;
L_0x5555788dbc80 .part v0x555578890f90_0, 4, 1;
L_0x5555788dbdc0 .part v0x555578890f90_0, 3, 1;
L_0x5555788dbe90 .part v0x555578890f90_0, 2, 1;
L_0x5555788dbfe0 .part v0x555578890f90_0, 1, 1;
L_0x5555788dc2c0 .part v0x555578890f90_0, 0, 1;
L_0x5555788dc420 .ufunc/vec4 TD_ICESTORM_RAM.pd, 1, o0x7f7e3739a6c8 (v0x555578891eb0_0) S_0x555578891c40;
L_0x5555788dc580 .ufunc/vec4 TD_ICESTORM_RAM.pu, 1, o0x7f7e3739a6f8 (v0x555578892210_0) S_0x555578891f70;
L_0x5555788dc6c0 .ufunc/vec4 TD_ICESTORM_RAM.pd, 1, o0x7f7e3739aa28 (v0x555578891eb0_0) S_0x555578891c40;
L_0x5555788dc7c0 .ufunc/vec4 TD_ICESTORM_RAM.pd, 1, o0x7f7e3739a518 (v0x555578891eb0_0) S_0x555578891c40;
L_0x5555788dc620 .ufunc/vec4 TD_ICESTORM_RAM.pd, 1, o0x7f7e3739a698 (v0x555578891eb0_0) S_0x555578891c40;
L_0x5555788dc9d0 .ufunc/vec4 TD_ICESTORM_RAM.pd, 1, o0x7f7e3739a668 (v0x555578891eb0_0) S_0x555578891c40;
L_0x5555788dcb90 .ufunc/vec4 TD_ICESTORM_RAM.pd, 1, o0x7f7e3739a638 (v0x555578891eb0_0) S_0x555578891c40;
L_0x5555788dcc90 .ufunc/vec4 TD_ICESTORM_RAM.pd, 1, o0x7f7e3739a608 (v0x555578891eb0_0) S_0x555578891c40;
L_0x5555788dce60 .ufunc/vec4 TD_ICESTORM_RAM.pd, 1, o0x7f7e3739a5d8 (v0x555578891eb0_0) S_0x555578891c40;
L_0x5555788dcf60 .ufunc/vec4 TD_ICESTORM_RAM.pd, 1, o0x7f7e3739a5a8 (v0x555578891eb0_0) S_0x555578891c40;
L_0x5555788dd140 .ufunc/vec4 TD_ICESTORM_RAM.pd, 1, o0x7f7e3739a578 (v0x555578891eb0_0) S_0x555578891c40;
L_0x5555788dd240 .ufunc/vec4 TD_ICESTORM_RAM.pd, 1, o0x7f7e3739a548 (v0x555578891eb0_0) S_0x555578891c40;
L_0x5555788dd430 .ufunc/vec4 TD_ICESTORM_RAM.pd, 1, o0x7f7e3739a4e8 (v0x555578891eb0_0) S_0x555578891c40;
L_0x5555788dd530 .ufunc/vec4 TD_ICESTORM_RAM.pd, 1, o0x7f7e3739a4b8 (v0x555578891eb0_0) S_0x555578891c40;
LS_0x5555788dd730_0_0 .concat [ 1 1 1 1], L_0x5555788dd530, L_0x5555788dd430, L_0x5555788dd240, L_0x5555788dd140;
LS_0x5555788dd730_0_4 .concat [ 1 1 1 1], L_0x5555788dcf60, L_0x5555788dce60, L_0x5555788dcc90, L_0x5555788dcb90;
LS_0x5555788dd730_0_8 .concat [ 1 1 1 0], L_0x5555788dc9d0, L_0x5555788dc620, L_0x5555788dc7c0;
L_0x5555788dd730 .concat [ 4 4 3 0], LS_0x5555788dd730_0_0, LS_0x5555788dd730_0_4, LS_0x5555788dd730_0_8;
L_0x5555788ddbe0 .ufunc/vec4 TD_ICESTORM_RAM.pd, 1, o0x7f7e3739ac68 (v0x555578891eb0_0) S_0x555578891c40;
L_0x5555788ddea0 .ufunc/vec4 TD_ICESTORM_RAM.pu, 1, o0x7f7e3739ac98 (v0x555578892210_0) S_0x555578891f70;
L_0x5555788ddf40 .ufunc/vec4 TD_ICESTORM_RAM.pd, 1, o0x7f7e3739afc8 (v0x555578891eb0_0) S_0x555578891c40;
L_0x5555788de100 .ufunc/vec4 TD_ICESTORM_RAM.pd, 1, o0x7f7e3739aab8 (v0x555578891eb0_0) S_0x555578891c40;
L_0x5555788de1a0 .ufunc/vec4 TD_ICESTORM_RAM.pd, 1, o0x7f7e3739ac38 (v0x555578891eb0_0) S_0x555578891c40;
L_0x5555788de370 .ufunc/vec4 TD_ICESTORM_RAM.pd, 1, o0x7f7e3739ac08 (v0x555578891eb0_0) S_0x555578891c40;
L_0x5555788de440 .ufunc/vec4 TD_ICESTORM_RAM.pd, 1, o0x7f7e3739abd8 (v0x555578891eb0_0) S_0x555578891c40;
L_0x5555788de680 .ufunc/vec4 TD_ICESTORM_RAM.pd, 1, o0x7f7e3739aba8 (v0x555578891eb0_0) S_0x555578891c40;
L_0x5555788de780 .ufunc/vec4 TD_ICESTORM_RAM.pd, 1, o0x7f7e3739ab78 (v0x555578891eb0_0) S_0x555578891c40;
L_0x5555788de9d0 .ufunc/vec4 TD_ICESTORM_RAM.pd, 1, o0x7f7e3739ab48 (v0x555578891eb0_0) S_0x555578891c40;
L_0x5555788dead0 .ufunc/vec4 TD_ICESTORM_RAM.pd, 1, o0x7f7e3739ab18 (v0x555578891eb0_0) S_0x555578891c40;
L_0x5555788ded30 .ufunc/vec4 TD_ICESTORM_RAM.pd, 1, o0x7f7e3739aae8 (v0x555578891eb0_0) S_0x555578891c40;
L_0x5555788dee30 .ufunc/vec4 TD_ICESTORM_RAM.pd, 1, o0x7f7e3739aa88 (v0x555578891eb0_0) S_0x555578891c40;
L_0x5555788df0a0 .ufunc/vec4 TD_ICESTORM_RAM.pd, 1, o0x7f7e3739aa58 (v0x555578891eb0_0) S_0x555578891c40;
LS_0x5555788df1a0_0_0 .concat [ 1 1 1 1], L_0x5555788df0a0, L_0x5555788dee30, L_0x5555788ded30, L_0x5555788dead0;
LS_0x5555788df1a0_0_4 .concat [ 1 1 1 1], L_0x5555788de9d0, L_0x5555788de780, L_0x5555788de680, L_0x5555788de440;
LS_0x5555788df1a0_0_8 .concat [ 1 1 1 0], L_0x5555788de370, L_0x5555788de1a0, L_0x5555788de100;
L_0x5555788df1a0 .concat [ 4 4 3 0], LS_0x5555788df1a0_0_0, LS_0x5555788df1a0_0_4, LS_0x5555788df1a0_0_8;
L_0x5555788df7d0 .ufunc/vec4 TD_ICESTORM_RAM.pd, 1, o0x7f7e3739a308 (v0x555578891eb0_0) S_0x555578891c40;
L_0x5555788df870 .ufunc/vec4 TD_ICESTORM_RAM.pd, 1, o0x7f7e3739a2d8 (v0x555578891eb0_0) S_0x555578891c40;
L_0x5555788dfaa0 .ufunc/vec4 TD_ICESTORM_RAM.pd, 1, o0x7f7e3739a2a8 (v0x555578891eb0_0) S_0x555578891c40;
L_0x5555788dfb40 .ufunc/vec4 TD_ICESTORM_RAM.pd, 1, o0x7f7e3739a278 (v0x555578891eb0_0) S_0x555578891c40;
L_0x5555788dfd80 .ufunc/vec4 TD_ICESTORM_RAM.pd, 1, o0x7f7e3739a248 (v0x555578891eb0_0) S_0x555578891c40;
L_0x5555788dfe20 .ufunc/vec4 TD_ICESTORM_RAM.pd, 1, o0x7f7e3739a218 (v0x555578891eb0_0) S_0x555578891c40;
L_0x5555788e00a0 .ufunc/vec4 TD_ICESTORM_RAM.pd, 1, o0x7f7e3739a488 (v0x555578891eb0_0) S_0x555578891c40;
L_0x5555788e01a0 .ufunc/vec4 TD_ICESTORM_RAM.pd, 1, o0x7f7e3739a458 (v0x555578891eb0_0) S_0x555578891c40;
L_0x5555788dfef0 .ufunc/vec4 TD_ICESTORM_RAM.pd, 1, o0x7f7e3739a428 (v0x555578891eb0_0) S_0x555578891c40;
L_0x5555788dfff0 .ufunc/vec4 TD_ICESTORM_RAM.pd, 1, o0x7f7e3739a3f8 (v0x555578891eb0_0) S_0x555578891c40;
L_0x5555788e0690 .ufunc/vec4 TD_ICESTORM_RAM.pd, 1, o0x7f7e3739a3c8 (v0x555578891eb0_0) S_0x555578891c40;
L_0x5555788e0790 .ufunc/vec4 TD_ICESTORM_RAM.pd, 1, o0x7f7e3739a398 (v0x555578891eb0_0) S_0x555578891c40;
L_0x5555788e0a70 .ufunc/vec4 TD_ICESTORM_RAM.pd, 1, o0x7f7e3739a368 (v0x555578891eb0_0) S_0x555578891c40;
L_0x5555788e0b70 .ufunc/vec4 TD_ICESTORM_RAM.pd, 1, o0x7f7e3739a338 (v0x555578891eb0_0) S_0x555578891c40;
L_0x5555788e0e60 .ufunc/vec4 TD_ICESTORM_RAM.pd, 1, o0x7f7e3739a1e8 (v0x555578891eb0_0) S_0x555578891c40;
L_0x5555788e0f60 .ufunc/vec4 TD_ICESTORM_RAM.pd, 1, o0x7f7e3739a1b8 (v0x555578891eb0_0) S_0x555578891c40;
LS_0x5555788e1260_0_0 .concat [ 1 1 1 1], L_0x5555788e0f60, L_0x5555788e0e60, L_0x5555788e0b70, L_0x5555788e0a70;
LS_0x5555788e1260_0_4 .concat [ 1 1 1 1], L_0x5555788e0790, L_0x5555788e0690, L_0x5555788dfff0, L_0x5555788dfef0;
LS_0x5555788e1260_0_8 .concat [ 1 1 1 1], L_0x5555788e01a0, L_0x5555788e00a0, L_0x5555788dfe20, L_0x5555788dfd80;
LS_0x5555788e1260_0_12 .concat [ 1 1 1 1], L_0x5555788dfb40, L_0x5555788dfaa0, L_0x5555788df870, L_0x5555788df7d0;
L_0x5555788e1260 .concat [ 4 4 4 4], LS_0x5555788e1260_0_0, LS_0x5555788e1260_0_4, LS_0x5555788e1260_0_8, LS_0x5555788e1260_0_12;
L_0x5555788e1850 .ufunc/vec4 TD_ICESTORM_RAM.pd, 1, o0x7f7e3739ae18 (v0x555578891eb0_0) S_0x555578891c40;
L_0x5555788e1b00 .ufunc/vec4 TD_ICESTORM_RAM.pd, 1, o0x7f7e3739ade8 (v0x555578891eb0_0) S_0x555578891c40;
L_0x5555788e1ba0 .ufunc/vec4 TD_ICESTORM_RAM.pd, 1, o0x7f7e3739adb8 (v0x555578891eb0_0) S_0x555578891c40;
L_0x5555788e1e60 .ufunc/vec4 TD_ICESTORM_RAM.pd, 1, o0x7f7e3739ad88 (v0x555578891eb0_0) S_0x555578891c40;
L_0x5555788e1f00 .ufunc/vec4 TD_ICESTORM_RAM.pd, 1, o0x7f7e3739ad58 (v0x555578891eb0_0) S_0x555578891c40;
L_0x5555788e21d0 .ufunc/vec4 TD_ICESTORM_RAM.pd, 1, o0x7f7e3739ad28 (v0x555578891eb0_0) S_0x555578891c40;
L_0x5555788e2270 .ufunc/vec4 TD_ICESTORM_RAM.pd, 1, o0x7f7e3739af98 (v0x555578891eb0_0) S_0x555578891c40;
L_0x5555788e2550 .ufunc/vec4 TD_ICESTORM_RAM.pd, 1, o0x7f7e3739af68 (v0x555578891eb0_0) S_0x555578891c40;
L_0x5555788e25f0 .ufunc/vec4 TD_ICESTORM_RAM.pd, 1, o0x7f7e3739af38 (v0x555578891eb0_0) S_0x555578891c40;
L_0x5555788e2910 .ufunc/vec4 TD_ICESTORM_RAM.pd, 1, o0x7f7e3739af08 (v0x555578891eb0_0) S_0x555578891c40;
L_0x5555788e2a10 .ufunc/vec4 TD_ICESTORM_RAM.pd, 1, o0x7f7e3739aed8 (v0x555578891eb0_0) S_0x555578891c40;
L_0x5555788e2d70 .ufunc/vec4 TD_ICESTORM_RAM.pd, 1, o0x7f7e3739aea8 (v0x555578891eb0_0) S_0x555578891c40;
L_0x5555788e2e70 .ufunc/vec4 TD_ICESTORM_RAM.pd, 1, o0x7f7e3739ae78 (v0x555578891eb0_0) S_0x555578891c40;
L_0x5555788e31e0 .ufunc/vec4 TD_ICESTORM_RAM.pd, 1, o0x7f7e3739ae48 (v0x555578891eb0_0) S_0x555578891c40;
L_0x5555788e32e0 .ufunc/vec4 TD_ICESTORM_RAM.pd, 1, o0x7f7e3739acf8 (v0x555578891eb0_0) S_0x555578891c40;
L_0x5555788e3660 .ufunc/vec4 TD_ICESTORM_RAM.pd, 1, o0x7f7e3739acc8 (v0x555578891eb0_0) S_0x555578891c40;
LS_0x5555788e3760_0_0 .concat [ 1 1 1 1], L_0x5555788e3660, L_0x5555788e32e0, L_0x5555788e31e0, L_0x5555788e2e70;
LS_0x5555788e3760_0_4 .concat [ 1 1 1 1], L_0x5555788e2d70, L_0x5555788e2a10, L_0x5555788e2910, L_0x5555788e25f0;
LS_0x5555788e3760_0_8 .concat [ 1 1 1 1], L_0x5555788e2550, L_0x5555788e2270, L_0x5555788e21d0, L_0x5555788e1f00;
LS_0x5555788e3760_0_12 .concat [ 1 1 1 1], L_0x5555788e1e60, L_0x5555788e1ba0, L_0x5555788e1b00, L_0x5555788e1850;
L_0x5555788e3760 .concat [ 4 4 4 4], LS_0x5555788e3760_0_0, LS_0x5555788e3760_0_4, LS_0x5555788e3760_0_8, LS_0x5555788e3760_0_12;
S_0x555578656580 .scope module, "RAM" "SB_RAM40_4K" 2 3233, 2 1487 0, S_0x555578850f60;
 .timescale -12 -12;
    .port_info 0 /OUTPUT 16 "RDATA";
    .port_info 1 /INPUT 1 "RCLK";
    .port_info 2 /INPUT 1 "RCLKE";
    .port_info 3 /INPUT 1 "RE";
    .port_info 4 /INPUT 11 "RADDR";
    .port_info 5 /INPUT 1 "WCLK";
    .port_info 6 /INPUT 1 "WCLKE";
    .port_info 7 /INPUT 1 "WE";
    .port_info 8 /INPUT 11 "WADDR";
    .port_info 9 /INPUT 16 "MASK";
    .port_info 10 /INPUT 16 "WDATA";
P_0x5555786e2220 .param/l "INIT_0" 0 2 1507, C4<0000000000000000000000000000000000000000000000000000000000000000000000000000000000000000000000000000000000000000000000000000000000000000000000000000000000000000000000000000000000000000000000000000000000000000000000000000000000000000000000000000000000000000>;
P_0x5555786e2260 .param/l "INIT_1" 0 2 1508, C4<0000000000000000000000000000000000000000000000000000000000000000000000000000000000000000000000000000000000000000000000000000000000000000000000000000000000000000000000000000000000000000000000000000000000000000000000000000000000000000000000000000000000000000>;
P_0x5555786e22a0 .param/l "INIT_2" 0 2 1509, C4<0000000000000000000000000000000000000000000000000000000000000000000000000000000000000000000000000000000000000000000000000000000000000000000000000000000000000000000000000000000000000000000000000000000000000000000000000000000000000000000000000000000000000000>;
P_0x5555786e22e0 .param/l "INIT_3" 0 2 1510, C4<0000000000000000000000000000000000000000000000000000000000000000000000000000000000000000000000000000000000000000000000000000000000000000000000000000000000000000000000000000000000000000000000000000000000000000000000000000000000000000000000000000000000000000>;
P_0x5555786e2320 .param/l "INIT_4" 0 2 1511, C4<0000000000000000000000000000000000000000000000000000000000000000000000000000000000000000000000000000000000000000000000000000000000000000000000000000000000000000000000000000000000000000000000000000000000000000000000000000000000000000000000000000000000000000>;
P_0x5555786e2360 .param/l "INIT_5" 0 2 1512, C4<0000000000000000000000000000000000000000000000000000000000000000000000000000000000000000000000000000000000000000000000000000000000000000000000000000000000000000000000000000000000000000000000000000000000000000000000000000000000000000000000000000000000000000>;
P_0x5555786e23a0 .param/l "INIT_6" 0 2 1513, C4<0000000000000000000000000000000000000000000000000000000000000000000000000000000000000000000000000000000000000000000000000000000000000000000000000000000000000000000000000000000000000000000000000000000000000000000000000000000000000000000000000000000000000000>;
P_0x5555786e23e0 .param/l "INIT_7" 0 2 1514, C4<0000000000000000000000000000000000000000000000000000000000000000000000000000000000000000000000000000000000000000000000000000000000000000000000000000000000000000000000000000000000000000000000000000000000000000000000000000000000000000000000000000000000000000>;
P_0x5555786e2420 .param/l "INIT_8" 0 2 1515, C4<0000000000000000000000000000000000000000000000000000000000000000000000000000000000000000000000000000000000000000000000000000000000000000000000000000000000000000000000000000000000000000000000000000000000000000000000000000000000000000000000000000000000000000>;
P_0x5555786e2460 .param/l "INIT_9" 0 2 1516, C4<0000000000000000000000000000000000000000000000000000000000000000000000000000000000000000000000000000000000000000000000000000000000000000000000000000000000000000000000000000000000000000000000000000000000000000000000000000000000000000000000000000000000000000>;
P_0x5555786e24a0 .param/l "INIT_A" 0 2 1517, C4<0000000000000000000000000000000000000000000000000000000000000000000000000000000000000000000000000000000000000000000000000000000000000000000000000000000000000000000000000000000000000000000000000000000000000000000000000000000000000000000000000000000000000000>;
P_0x5555786e24e0 .param/l "INIT_B" 0 2 1518, C4<0000000000000000000000000000000000000000000000000000000000000000000000000000000000000000000000000000000000000000000000000000000000000000000000000000000000000000000000000000000000000000000000000000000000000000000000000000000000000000000000000000000000000000>;
P_0x5555786e2520 .param/l "INIT_C" 0 2 1519, C4<0000000000000000000000000000000000000000000000000000000000000000000000000000000000000000000000000000000000000000000000000000000000000000000000000000000000000000000000000000000000000000000000000000000000000000000000000000000000000000000000000000000000000000>;
P_0x5555786e2560 .param/l "INIT_D" 0 2 1520, C4<0000000000000000000000000000000000000000000000000000000000000000000000000000000000000000000000000000000000000000000000000000000000000000000000000000000000000000000000000000000000000000000000000000000000000000000000000000000000000000000000000000000000000000>;
P_0x5555786e25a0 .param/l "INIT_E" 0 2 1521, C4<0000000000000000000000000000000000000000000000000000000000000000000000000000000000000000000000000000000000000000000000000000000000000000000000000000000000000000000000000000000000000000000000000000000000000000000000000000000000000000000000000000000000000000>;
P_0x5555786e25e0 .param/l "INIT_F" 0 2 1522, C4<0000000000000000000000000000000000000000000000000000000000000000000000000000000000000000000000000000000000000000000000000000000000000000000000000000000000000000000000000000000000000000000000000000000000000000000000000000000000000000000000000000000000000000>;
P_0x5555786e2620 .param/str "INIT_FILE" 0 2 1524, "\000";
P_0x5555786e2660 .param/l "READ_MODE" 0 2 1505, +C4<00000000000000000000000000000000>;
P_0x5555786e26a0 .param/l "WRITE_MODE" 0 2 1504, +C4<00000000000000000000000000000000>;
v0x555578890b60_0 .net "MASK", 15 0, L_0x5555788e1260;  1 drivers
v0x555578890c20_0 .net "RADDR", 10 0, L_0x5555788dd730;  1 drivers
v0x555578890d00_0 .net "RCLK", 0 0, L_0x5555788dbd50;  1 drivers
v0x555578890da0_0 .net "RCLKE", 0 0, L_0x5555788dc580;  1 drivers
v0x555578890e60_0 .net "RDATA", 15 0, v0x555578890f90_0;  1 drivers
v0x555578890f90_0 .var "RDATA_I", 15 0;
v0x555578891070_0 .net "RE", 0 0, L_0x5555788dc6c0;  1 drivers
L_0x7f7e373502e8 .functor BUFT 1, C4<0000000000000000>, C4<0>, C4<0>, C4<0>;
v0x555578891130_0 .net "RMASK_I", 15 0, L_0x7f7e373502e8;  1 drivers
v0x555578891210_0 .net "WADDR", 10 0, L_0x5555788df1a0;  1 drivers
v0x5555788912f0_0 .net "WCLK", 0 0, L_0x5555788ddd90;  1 drivers
v0x5555788913b0_0 .net "WCLKE", 0 0, L_0x5555788ddea0;  1 drivers
v0x555578891470_0 .net "WDATA", 15 0, L_0x5555788e3760;  1 drivers
v0x555578891550_0 .net "WDATA_I", 15 0, L_0x5555788db140;  1 drivers
v0x555578891630_0 .net "WE", 0 0, L_0x5555788ddf40;  1 drivers
v0x5555788916f0_0 .net "WMASK_I", 15 0, L_0x5555788cb0c0;  1 drivers
v0x5555788917d0_0 .var/i "i", 31 0;
v0x5555788918b0 .array "memory", 255 0, 15 0;
E_0x55557883e740 .event posedge, v0x555578890d00_0;
E_0x555578837230 .event posedge, v0x5555788912f0_0;
S_0x5555788903a0 .scope generate, "genblk1" "genblk1" 2 1534, 2 1534 0, S_0x555578656580;
 .timescale -12 -12;
L_0x5555788cb0c0 .functor BUFZ 16, L_0x5555788e1260, C4<0000000000000000>, C4<0000000000000000>, C4<0000000000000000>;
S_0x5555788905a0 .scope generate, "genblk2" "genblk2" 2 1555, 2 1555 0, S_0x555578656580;
 .timescale -12 -12;
S_0x5555788907a0 .scope generate, "genblk3" "genblk3" 2 1576, 2 1576 0, S_0x555578656580;
 .timescale -12 -12;
L_0x5555788db140 .functor BUFZ 16, L_0x5555788e3760, C4<0000000000000000>, C4<0000000000000000>, C4<0000000000000000>;
S_0x555578890980 .scope generate, "genblk4" "genblk4" 2 1595, 2 1595 0, S_0x555578656580;
 .timescale -12 -12;
S_0x555578891c40 .scope function.vec4.s1, "pd" "pd" 2 3200, 2 3200 0, S_0x555578850f60;
 .timescale -12 -12;
; Variable pd is vec4 return value of scope S_0x555578891c40
v0x555578891eb0_0 .var "x", 0 0;
TD_ICESTORM_RAM.pd ;
    %load/vec4 v0x555578891eb0_0;
    %cmpi/e 0, 1, 1;
    %flag_mov 8, 6;
    %jmp/0 T_0.0, 8;
    %pushi/vec4 0, 0, 1;
    %jmp/1 T_0.1, 8;
T_0.0 ; End of true expr.
    %load/vec4 v0x555578891eb0_0;
    %jmp/0 T_0.1, 8;
 ; End of false expr.
    %blend;
T_0.1;
    %ret/vec4 0, 0, 1;  Assign to pd (store_vec4_to_lval)
    %end;
S_0x555578891f70 .scope function.vec4.s1, "pu" "pu" 2 3207, 2 3207 0, S_0x555578850f60;
 .timescale -12 -12;
; Variable pu is vec4 return value of scope S_0x555578891f70
v0x555578892210_0 .var "x", 0 0;
TD_ICESTORM_RAM.pu ;
    %load/vec4 v0x555578892210_0;
    %cmpi/e 0, 1, 1;
    %flag_mov 8, 6;
    %jmp/0 T_1.2, 8;
    %pushi/vec4 1, 0, 1;
    %jmp/1 T_1.3, 8;
T_1.2 ; End of true expr.
    %load/vec4 v0x555578892210_0;
    %jmp/0 T_1.3, 8;
 ; End of false expr.
    %blend;
T_1.3;
    %ret/vec4 0, 0, 1;  Assign to pu (store_vec4_to_lval)
    %end;
S_0x555578851ab0 .scope module, "SB_CARRY" "SB_CARRY" 2 228;
 .timescale -12 -12;
    .port_info 0 /OUTPUT 1 "CO";
    .port_info 1 /INPUT 1 "I0";
    .port_info 2 /INPUT 1 "I1";
    .port_info 3 /INPUT 1 "CI";
o0x7f7e3739c978 .functor BUFZ 1, C4<z>; HiZ drive
o0x7f7e3739c9a8 .functor BUFZ 1, C4<z>; HiZ drive
L_0x5555788e3fe0 .functor AND 1, o0x7f7e3739c978, o0x7f7e3739c9a8, C4<1>, C4<1>;
L_0x5555788e4050 .functor OR 1, o0x7f7e3739c978, o0x7f7e3739c9a8, C4<0>, C4<0>;
o0x7f7e3739c918 .functor BUFZ 1, C4<z>; HiZ drive
L_0x5555788e4160 .functor AND 1, L_0x5555788e4050, o0x7f7e3739c918, C4<1>, C4<1>;
L_0x5555788e4220 .functor OR 1, L_0x5555788e3fe0, L_0x5555788e4160, C4<0>, C4<0>;
v0x55557889a390_0 .net "CI", 0 0, o0x7f7e3739c918;  0 drivers
v0x55557889a470_0 .net "CO", 0 0, L_0x5555788e4220;  1 drivers
v0x55557889a530_0 .net "I0", 0 0, o0x7f7e3739c978;  0 drivers
v0x55557889a5d0_0 .net "I1", 0 0, o0x7f7e3739c9a8;  0 drivers
v0x55557889a690_0 .net *"_ivl_1", 0 0, L_0x5555788e3fe0;  1 drivers
v0x55557889a750_0 .net *"_ivl_3", 0 0, L_0x5555788e4050;  1 drivers
v0x55557889a810_0 .net *"_ivl_5", 0 0, L_0x5555788e4160;  1 drivers
S_0x555578852e40 .scope module, "SB_DFF" "SB_DFF" 2 265;
 .timescale -12 -12;
    .port_info 0 /OUTPUT 1 "Q";
    .port_info 1 /INPUT 1 "C";
    .port_info 2 /INPUT 1 "D";
o0x7f7e3739cb28 .functor BUFZ 1, C4<z>; HiZ drive
v0x55557889a990_0 .net "C", 0 0, o0x7f7e3739cb28;  0 drivers
o0x7f7e3739cb58 .functor BUFZ 1, C4<z>; HiZ drive
v0x55557889aa70_0 .net "D", 0 0, o0x7f7e3739cb58;  0 drivers
v0x55557889ab30_0 .var "Q", 0 0;
E_0x5555788375f0 .event posedge, v0x55557889a990_0;
S_0x5555788670d0 .scope module, "SB_DFFE" "SB_DFFE" 2 303;
 .timescale -12 -12;
    .port_info 0 /OUTPUT 1 "Q";
    .port_info 1 /INPUT 1 "C";
    .port_info 2 /INPUT 1 "E";
    .port_info 3 /INPUT 1 "D";
o0x7f7e3739cc48 .functor BUFZ 1, C4<z>; HiZ drive
v0x55557889ac70_0 .net "C", 0 0, o0x7f7e3739cc48;  0 drivers
o0x7f7e3739cc78 .functor BUFZ 1, C4<z>; HiZ drive
v0x55557889ad50_0 .net "D", 0 0, o0x7f7e3739cc78;  0 drivers
o0x7f7e3739cca8 .functor BUFZ 1, C4<z>; HiZ drive
v0x55557889ae10_0 .net "E", 0 0, o0x7f7e3739cca8;  0 drivers
v0x55557889aee0_0 .var "Q", 0 0;
E_0x555578854510 .event posedge, v0x55557889ac70_0;
S_0x555578866ce0 .scope module, "SB_DFFER" "SB_DFFER" 2 653;
 .timescale -12 -12;
    .port_info 0 /OUTPUT 1 "Q";
    .port_info 1 /INPUT 1 "C";
    .port_info 2 /INPUT 1 "E";
    .port_info 3 /INPUT 1 "R";
    .port_info 4 /INPUT 1 "D";
o0x7f7e3739cdc8 .functor BUFZ 1, C4<z>; HiZ drive
v0x55557889b090_0 .net "C", 0 0, o0x7f7e3739cdc8;  0 drivers
o0x7f7e3739cdf8 .functor BUFZ 1, C4<z>; HiZ drive
v0x55557889b170_0 .net "D", 0 0, o0x7f7e3739cdf8;  0 drivers
o0x7f7e3739ce28 .functor BUFZ 1, C4<z>; HiZ drive
v0x55557889b230_0 .net "E", 0 0, o0x7f7e3739ce28;  0 drivers
v0x55557889b2d0_0 .var "Q", 0 0;
o0x7f7e3739ce88 .functor BUFZ 1, C4<z>; HiZ drive
v0x55557889b390_0 .net "R", 0 0, o0x7f7e3739ce88;  0 drivers
E_0x555578854b80 .event posedge, v0x55557889b390_0, v0x55557889b090_0;
S_0x555578855570 .scope module, "SB_DFFES" "SB_DFFES" 2 794;
 .timescale -12 -12;
    .port_info 0 /OUTPUT 1 "Q";
    .port_info 1 /INPUT 1 "C";
    .port_info 2 /INPUT 1 "E";
    .port_info 3 /INPUT 1 "S";
    .port_info 4 /INPUT 1 "D";
o0x7f7e3739cfa8 .functor BUFZ 1, C4<z>; HiZ drive
v0x55557889b580_0 .net "C", 0 0, o0x7f7e3739cfa8;  0 drivers
o0x7f7e3739cfd8 .functor BUFZ 1, C4<z>; HiZ drive
v0x55557889b660_0 .net "D", 0 0, o0x7f7e3739cfd8;  0 drivers
o0x7f7e3739d008 .functor BUFZ 1, C4<z>; HiZ drive
v0x55557889b720_0 .net "E", 0 0, o0x7f7e3739d008;  0 drivers
v0x55557889b7c0_0 .var "Q", 0 0;
o0x7f7e3739d068 .functor BUFZ 1, C4<z>; HiZ drive
v0x55557889b880_0 .net "S", 0 0, o0x7f7e3739d068;  0 drivers
E_0x555578854fd0 .event posedge, v0x55557889b880_0, v0x55557889b580_0;
S_0x555578855180 .scope module, "SB_DFFESR" "SB_DFFESR" 2 592;
 .timescale -12 -12;
    .port_info 0 /OUTPUT 1 "Q";
    .port_info 1 /INPUT 1 "C";
    .port_info 2 /INPUT 1 "E";
    .port_info 3 /INPUT 1 "R";
    .port_info 4 /INPUT 1 "D";
o0x7f7e3739d188 .functor BUFZ 1, C4<z>; HiZ drive
v0x55557889bab0_0 .net "C", 0 0, o0x7f7e3739d188;  0 drivers
o0x7f7e3739d1b8 .functor BUFZ 1, C4<z>; HiZ drive
v0x55557889bb90_0 .net "D", 0 0, o0x7f7e3739d1b8;  0 drivers
o0x7f7e3739d1e8 .functor BUFZ 1, C4<z>; HiZ drive
v0x55557889bc50_0 .net "E", 0 0, o0x7f7e3739d1e8;  0 drivers
v0x55557889bcf0_0 .var "Q", 0 0;
o0x7f7e3739d248 .functor BUFZ 1, C4<z>; HiZ drive
v0x55557889bdb0_0 .net "R", 0 0, o0x7f7e3739d248;  0 drivers
E_0x55557889ba30 .event posedge, v0x55557889bab0_0;
S_0x5555788549b0 .scope module, "SB_DFFESS" "SB_DFFESS" 2 733;
 .timescale -12 -12;
    .port_info 0 /OUTPUT 1 "Q";
    .port_info 1 /INPUT 1 "C";
    .port_info 2 /INPUT 1 "E";
    .port_info 3 /INPUT 1 "S";
    .port_info 4 /INPUT 1 "D";
o0x7f7e3739d368 .functor BUFZ 1, C4<z>; HiZ drive
v0x55557889bfe0_0 .net "C", 0 0, o0x7f7e3739d368;  0 drivers
o0x7f7e3739d398 .functor BUFZ 1, C4<z>; HiZ drive
v0x55557889c0c0_0 .net "D", 0 0, o0x7f7e3739d398;  0 drivers
o0x7f7e3739d3c8 .functor BUFZ 1, C4<z>; HiZ drive
v0x55557889c180_0 .net "E", 0 0, o0x7f7e3739d3c8;  0 drivers
v0x55557889c220_0 .var "Q", 0 0;
o0x7f7e3739d428 .functor BUFZ 1, C4<z>; HiZ drive
v0x55557889c2e0_0 .net "S", 0 0, o0x7f7e3739d428;  0 drivers
E_0x55557889bf60 .event posedge, v0x55557889bfe0_0;
S_0x55557884f7c0 .scope module, "SB_DFFN" "SB_DFFN" 2 876;
 .timescale -12 -12;
    .port_info 0 /OUTPUT 1 "Q";
    .port_info 1 /INPUT 1 "C";
    .port_info 2 /INPUT 1 "D";
o0x7f7e3739d548 .functor BUFZ 1, C4<z>; HiZ drive
v0x55557889c510_0 .net "C", 0 0, o0x7f7e3739d548;  0 drivers
o0x7f7e3739d578 .functor BUFZ 1, C4<z>; HiZ drive
v0x55557889c5f0_0 .net "D", 0 0, o0x7f7e3739d578;  0 drivers
v0x55557889c6b0_0 .var "Q", 0 0;
E_0x55557889c490 .event negedge, v0x55557889c510_0;
S_0x555578849db0 .scope module, "SB_DFFNE" "SB_DFFNE" 2 914;
 .timescale -12 -12;
    .port_info 0 /OUTPUT 1 "Q";
    .port_info 1 /INPUT 1 "C";
    .port_info 2 /INPUT 1 "E";
    .port_info 3 /INPUT 1 "D";
o0x7f7e3739d668 .functor BUFZ 1, C4<z>; HiZ drive
v0x55557889c830_0 .net "C", 0 0, o0x7f7e3739d668;  0 drivers
o0x7f7e3739d698 .functor BUFZ 1, C4<z>; HiZ drive
v0x55557889c910_0 .net "D", 0 0, o0x7f7e3739d698;  0 drivers
o0x7f7e3739d6c8 .functor BUFZ 1, C4<z>; HiZ drive
v0x55557889c9d0_0 .net "E", 0 0, o0x7f7e3739d6c8;  0 drivers
v0x55557889caa0_0 .var "Q", 0 0;
E_0x55557889c7d0 .event negedge, v0x55557889c830_0;
S_0x5555788319f0 .scope module, "SB_DFFNER" "SB_DFFNER" 2 1264;
 .timescale -12 -12;
    .port_info 0 /OUTPUT 1 "Q";
    .port_info 1 /INPUT 1 "C";
    .port_info 2 /INPUT 1 "E";
    .port_info 3 /INPUT 1 "R";
    .port_info 4 /INPUT 1 "D";
o0x7f7e3739d7e8 .functor BUFZ 1, C4<z>; HiZ drive
v0x55557889cc90_0 .net "C", 0 0, o0x7f7e3739d7e8;  0 drivers
o0x7f7e3739d818 .functor BUFZ 1, C4<z>; HiZ drive
v0x55557889cd70_0 .net "D", 0 0, o0x7f7e3739d818;  0 drivers
o0x7f7e3739d848 .functor BUFZ 1, C4<z>; HiZ drive
v0x55557889ce30_0 .net "E", 0 0, o0x7f7e3739d848;  0 drivers
v0x55557889ced0_0 .var "Q", 0 0;
o0x7f7e3739d8a8 .functor BUFZ 1, C4<z>; HiZ drive
v0x55557889cf90_0 .net "R", 0 0, o0x7f7e3739d8a8;  0 drivers
E_0x55557889cc10/0 .event negedge, v0x55557889cc90_0;
E_0x55557889cc10/1 .event posedge, v0x55557889cf90_0;
E_0x55557889cc10 .event/or E_0x55557889cc10/0, E_0x55557889cc10/1;
S_0x555578831600 .scope module, "SB_DFFNES" "SB_DFFNES" 2 1405;
 .timescale -12 -12;
    .port_info 0 /OUTPUT 1 "Q";
    .port_info 1 /INPUT 1 "C";
    .port_info 2 /INPUT 1 "E";
    .port_info 3 /INPUT 1 "S";
    .port_info 4 /INPUT 1 "D";
o0x7f7e3739d9c8 .functor BUFZ 1, C4<z>; HiZ drive
v0x55557889d1c0_0 .net "C", 0 0, o0x7f7e3739d9c8;  0 drivers
o0x7f7e3739d9f8 .functor BUFZ 1, C4<z>; HiZ drive
v0x55557889d2a0_0 .net "D", 0 0, o0x7f7e3739d9f8;  0 drivers
o0x7f7e3739da28 .functor BUFZ 1, C4<z>; HiZ drive
v0x55557889d360_0 .net "E", 0 0, o0x7f7e3739da28;  0 drivers
v0x55557889d400_0 .var "Q", 0 0;
o0x7f7e3739da88 .functor BUFZ 1, C4<z>; HiZ drive
v0x55557889d4c0_0 .net "S", 0 0, o0x7f7e3739da88;  0 drivers
E_0x55557889d140/0 .event negedge, v0x55557889d1c0_0;
E_0x55557889d140/1 .event posedge, v0x55557889d4c0_0;
E_0x55557889d140 .event/or E_0x55557889d140/0, E_0x55557889d140/1;
S_0x55557882e700 .scope module, "SB_DFFNESR" "SB_DFFNESR" 2 1203;
 .timescale -12 -12;
    .port_info 0 /OUTPUT 1 "Q";
    .port_info 1 /INPUT 1 "C";
    .port_info 2 /INPUT 1 "E";
    .port_info 3 /INPUT 1 "R";
    .port_info 4 /INPUT 1 "D";
o0x7f7e3739dba8 .functor BUFZ 1, C4<z>; HiZ drive
v0x55557889d6f0_0 .net "C", 0 0, o0x7f7e3739dba8;  0 drivers
o0x7f7e3739dbd8 .functor BUFZ 1, C4<z>; HiZ drive
v0x55557889d7d0_0 .net "D", 0 0, o0x7f7e3739dbd8;  0 drivers
o0x7f7e3739dc08 .functor BUFZ 1, C4<z>; HiZ drive
v0x55557889d890_0 .net "E", 0 0, o0x7f7e3739dc08;  0 drivers
v0x55557889d930_0 .var "Q", 0 0;
o0x7f7e3739dc68 .functor BUFZ 1, C4<z>; HiZ drive
v0x55557889d9f0_0 .net "R", 0 0, o0x7f7e3739dc68;  0 drivers
E_0x55557889d670 .event negedge, v0x55557889d6f0_0;
S_0x55557882e310 .scope module, "SB_DFFNESS" "SB_DFFNESS" 2 1344;
 .timescale -12 -12;
    .port_info 0 /OUTPUT 1 "Q";
    .port_info 1 /INPUT 1 "C";
    .port_info 2 /INPUT 1 "E";
    .port_info 3 /INPUT 1 "S";
    .port_info 4 /INPUT 1 "D";
o0x7f7e3739dd88 .functor BUFZ 1, C4<z>; HiZ drive
v0x55557889dc20_0 .net "C", 0 0, o0x7f7e3739dd88;  0 drivers
o0x7f7e3739ddb8 .functor BUFZ 1, C4<z>; HiZ drive
v0x55557889dd00_0 .net "D", 0 0, o0x7f7e3739ddb8;  0 drivers
o0x7f7e3739dde8 .functor BUFZ 1, C4<z>; HiZ drive
v0x55557889ddc0_0 .net "E", 0 0, o0x7f7e3739dde8;  0 drivers
v0x55557889de60_0 .var "Q", 0 0;
o0x7f7e3739de48 .functor BUFZ 1, C4<z>; HiZ drive
v0x55557889df20_0 .net "S", 0 0, o0x7f7e3739de48;  0 drivers
E_0x55557889dba0 .event negedge, v0x55557889dc20_0;
S_0x555578828690 .scope module, "SB_DFFNR" "SB_DFFNR" 2 1011;
 .timescale -12 -12;
    .port_info 0 /OUTPUT 1 "Q";
    .port_info 1 /INPUT 1 "C";
    .port_info 2 /INPUT 1 "R";
    .port_info 3 /INPUT 1 "D";
o0x7f7e3739df68 .functor BUFZ 1, C4<z>; HiZ drive
v0x55557889e150_0 .net "C", 0 0, o0x7f7e3739df68;  0 drivers
o0x7f7e3739df98 .functor BUFZ 1, C4<z>; HiZ drive
v0x55557889e230_0 .net "D", 0 0, o0x7f7e3739df98;  0 drivers
v0x55557889e2f0_0 .var "Q", 0 0;
o0x7f7e3739dff8 .functor BUFZ 1, C4<z>; HiZ drive
v0x55557889e390_0 .net "R", 0 0, o0x7f7e3739dff8;  0 drivers
E_0x55557889e0d0/0 .event negedge, v0x55557889e150_0;
E_0x55557889e0d0/1 .event posedge, v0x55557889e390_0;
E_0x55557889e0d0 .event/or E_0x55557889e0d0/0, E_0x55557889e0d0/1;
S_0x55557882b330 .scope module, "SB_DFFNS" "SB_DFFNS" 2 1132;
 .timescale -12 -12;
    .port_info 0 /OUTPUT 1 "Q";
    .port_info 1 /INPUT 1 "C";
    .port_info 2 /INPUT 1 "S";
    .port_info 3 /INPUT 1 "D";
o0x7f7e3739e0e8 .functor BUFZ 1, C4<z>; HiZ drive
v0x55557889e580_0 .net "C", 0 0, o0x7f7e3739e0e8;  0 drivers
o0x7f7e3739e118 .functor BUFZ 1, C4<z>; HiZ drive
v0x55557889e660_0 .net "D", 0 0, o0x7f7e3739e118;  0 drivers
v0x55557889e720_0 .var "Q", 0 0;
o0x7f7e3739e178 .functor BUFZ 1, C4<z>; HiZ drive
v0x55557889e7c0_0 .net "S", 0 0, o0x7f7e3739e178;  0 drivers
E_0x55557889e500/0 .event negedge, v0x55557889e580_0;
E_0x55557889e500/1 .event posedge, v0x55557889e7c0_0;
E_0x55557889e500 .event/or E_0x55557889e500/0, E_0x55557889e500/1;
S_0x55557882af40 .scope module, "SB_DFFNSR" "SB_DFFNSR" 2 961;
 .timescale -12 -12;
    .port_info 0 /OUTPUT 1 "Q";
    .port_info 1 /INPUT 1 "C";
    .port_info 2 /INPUT 1 "R";
    .port_info 3 /INPUT 1 "D";
o0x7f7e3739e268 .functor BUFZ 1, C4<z>; HiZ drive
v0x55557889e9b0_0 .net "C", 0 0, o0x7f7e3739e268;  0 drivers
o0x7f7e3739e298 .functor BUFZ 1, C4<z>; HiZ drive
v0x55557889ea90_0 .net "D", 0 0, o0x7f7e3739e298;  0 drivers
v0x55557889eb50_0 .var "Q", 0 0;
o0x7f7e3739e2f8 .functor BUFZ 1, C4<z>; HiZ drive
v0x55557889ebf0_0 .net "R", 0 0, o0x7f7e3739e2f8;  0 drivers
E_0x55557889e930 .event negedge, v0x55557889e9b0_0;
S_0x5555788282d0 .scope module, "SB_DFFNSS" "SB_DFFNSS" 2 1082;
 .timescale -12 -12;
    .port_info 0 /OUTPUT 1 "Q";
    .port_info 1 /INPUT 1 "C";
    .port_info 2 /INPUT 1 "S";
    .port_info 3 /INPUT 1 "D";
o0x7f7e3739e3e8 .functor BUFZ 1, C4<z>; HiZ drive
v0x55557889ede0_0 .net "C", 0 0, o0x7f7e3739e3e8;  0 drivers
o0x7f7e3739e418 .functor BUFZ 1, C4<z>; HiZ drive
v0x55557889eec0_0 .net "D", 0 0, o0x7f7e3739e418;  0 drivers
v0x55557889ef80_0 .var "Q", 0 0;
o0x7f7e3739e478 .functor BUFZ 1, C4<z>; HiZ drive
v0x55557889f020_0 .net "S", 0 0, o0x7f7e3739e478;  0 drivers
E_0x55557889ed60 .event negedge, v0x55557889ede0_0;
S_0x555578813ec0 .scope module, "SB_DFFR" "SB_DFFR" 2 400;
 .timescale -12 -12;
    .port_info 0 /OUTPUT 1 "Q";
    .port_info 1 /INPUT 1 "C";
    .port_info 2 /INPUT 1 "R";
    .port_info 3 /INPUT 1 "D";
o0x7f7e3739e568 .functor BUFZ 1, C4<z>; HiZ drive
v0x55557889f210_0 .net "C", 0 0, o0x7f7e3739e568;  0 drivers
o0x7f7e3739e598 .functor BUFZ 1, C4<z>; HiZ drive
v0x55557889f2f0_0 .net "D", 0 0, o0x7f7e3739e598;  0 drivers
v0x55557889f3b0_0 .var "Q", 0 0;
o0x7f7e3739e5f8 .functor BUFZ 1, C4<z>; HiZ drive
v0x55557889f450_0 .net "R", 0 0, o0x7f7e3739e5f8;  0 drivers
E_0x55557889f190 .event posedge, v0x55557889f450_0, v0x55557889f210_0;
S_0x555578813b80 .scope module, "SB_DFFS" "SB_DFFS" 2 521;
 .timescale -12 -12;
    .port_info 0 /OUTPUT 1 "Q";
    .port_info 1 /INPUT 1 "C";
    .port_info 2 /INPUT 1 "S";
    .port_info 3 /INPUT 1 "D";
o0x7f7e3739e6e8 .functor BUFZ 1, C4<z>; HiZ drive
v0x55557889f640_0 .net "C", 0 0, o0x7f7e3739e6e8;  0 drivers
o0x7f7e3739e718 .functor BUFZ 1, C4<z>; HiZ drive
v0x55557889f720_0 .net "D", 0 0, o0x7f7e3739e718;  0 drivers
v0x55557889f7e0_0 .var "Q", 0 0;
o0x7f7e3739e778 .functor BUFZ 1, C4<z>; HiZ drive
v0x55557889f880_0 .net "S", 0 0, o0x7f7e3739e778;  0 drivers
E_0x55557889f5c0 .event posedge, v0x55557889f880_0, v0x55557889f640_0;
S_0x55557880fa70 .scope module, "SB_DFFSR" "SB_DFFSR" 2 350;
 .timescale -12 -12;
    .port_info 0 /OUTPUT 1 "Q";
    .port_info 1 /INPUT 1 "C";
    .port_info 2 /INPUT 1 "R";
    .port_info 3 /INPUT 1 "D";
o0x7f7e3739e868 .functor BUFZ 1, C4<z>; HiZ drive
v0x55557889fa70_0 .net "C", 0 0, o0x7f7e3739e868;  0 drivers
o0x7f7e3739e898 .functor BUFZ 1, C4<z>; HiZ drive
v0x55557889fb50_0 .net "D", 0 0, o0x7f7e3739e898;  0 drivers
v0x55557889fc10_0 .var "Q", 0 0;
o0x7f7e3739e8f8 .functor BUFZ 1, C4<z>; HiZ drive
v0x55557889fcb0_0 .net "R", 0 0, o0x7f7e3739e8f8;  0 drivers
E_0x55557889f9f0 .event posedge, v0x55557889fa70_0;
S_0x55557880f6b0 .scope module, "SB_DFFSS" "SB_DFFSS" 2 471;
 .timescale -12 -12;
    .port_info 0 /OUTPUT 1 "Q";
    .port_info 1 /INPUT 1 "C";
    .port_info 2 /INPUT 1 "S";
    .port_info 3 /INPUT 1 "D";
o0x7f7e3739e9e8 .functor BUFZ 1, C4<z>; HiZ drive
v0x55557889fea0_0 .net "C", 0 0, o0x7f7e3739e9e8;  0 drivers
o0x7f7e3739ea18 .functor BUFZ 1, C4<z>; HiZ drive
v0x55557889ff80_0 .net "D", 0 0, o0x7f7e3739ea18;  0 drivers
v0x5555788a0040_0 .var "Q", 0 0;
o0x7f7e3739ea78 .functor BUFZ 1, C4<z>; HiZ drive
v0x5555788a00e0_0 .net "S", 0 0, o0x7f7e3739ea78;  0 drivers
E_0x55557889fe20 .event posedge, v0x55557889fea0_0;
S_0x5555787fcb10 .scope module, "SB_FILTER_50NS" "SB_FILTER_50NS" 2 2856;
 .timescale -12 -12;
    .port_info 0 /INPUT 1 "FILTERIN";
    .port_info 1 /OUTPUT 1 "FILTEROUT";
o0x7f7e3739eb68 .functor BUFZ 1, C4<z>; HiZ drive
v0x5555788a0250_0 .net "FILTERIN", 0 0, o0x7f7e3739eb68;  0 drivers
o0x7f7e3739eb98 .functor BUFZ 1, C4<z>; HiZ drive
v0x5555788a0330_0 .net "FILTEROUT", 0 0, o0x7f7e3739eb98;  0 drivers
S_0x5555787fc720 .scope module, "SB_GB" "SB_GB" 2 162;
 .timescale -12 -12;
    .port_info 0 /INPUT 1 "USER_SIGNAL_TO_GLOBAL_BUFFER";
    .port_info 1 /OUTPUT 1 "GLOBAL_BUFFER_OUTPUT";
o0x7f7e3739ec58 .functor BUFZ 1, C4<z>; HiZ drive
L_0x5555788e4330 .functor BUFZ 1, o0x7f7e3739ec58, C4<0>, C4<0>, C4<0>;
v0x5555788a0450_0 .net "GLOBAL_BUFFER_OUTPUT", 0 0, L_0x5555788e4330;  1 drivers
v0x5555788a0510_0 .net "USER_SIGNAL_TO_GLOBAL_BUFFER", 0 0, o0x7f7e3739ec58;  0 drivers
S_0x5555787fbf50 .scope module, "SB_GB_IO" "SB_GB_IO" 2 123;
 .timescale -12 -12;
    .port_info 0 /INOUT 1 "PACKAGE_PIN";
    .port_info 1 /OUTPUT 1 "GLOBAL_BUFFER_OUTPUT";
    .port_info 2 /INPUT 1 "LATCH_INPUT_VALUE";
    .port_info 3 /INPUT 1 "CLOCK_ENABLE";
    .port_info 4 /INPUT 1 "INPUT_CLK";
    .port_info 5 /INPUT 1 "OUTPUT_CLK";
    .port_info 6 /INPUT 1 "OUTPUT_ENABLE";
    .port_info 7 /INPUT 1 "D_OUT_0";
    .port_info 8 /INPUT 1 "D_OUT_1";
    .port_info 9 /OUTPUT 1 "D_IN_0";
    .port_info 10 /OUTPUT 1 "D_IN_1";
P_0x5555787fa870 .param/str "IO_STANDARD" 0 2 139, "SB_LVCMOS";
P_0x5555787fa8b0 .param/l "NEG_TRIGGER" 0 2 138, C4<0>;
P_0x5555787fa8f0 .param/l "PIN_TYPE" 0 2 136, C4<000000>;
P_0x5555787fa930 .param/l "PULLUP" 0 2 137, C4<0>;
o0x7f7e3739ee98 .functor BUFZ 1, C4<z>; HiZ drive
L_0x5555788e43a0 .functor BUFZ 1, o0x7f7e3739ee98, C4<0>, C4<0>, C4<0>;
o0x7f7e3739ece8 .functor BUFZ 1, C4<z>; HiZ drive
v0x5555788a2660_0 .net "CLOCK_ENABLE", 0 0, o0x7f7e3739ece8;  0 drivers
v0x5555788a2720_0 .net "D_IN_0", 0 0, L_0x5555788e4610;  1 drivers
v0x5555788a27f0_0 .net "D_IN_1", 0 0, L_0x5555788e46d0;  1 drivers
o0x7f7e3739ed78 .functor BUFZ 1, C4<z>; HiZ drive
v0x5555788a28f0_0 .net "D_OUT_0", 0 0, o0x7f7e3739ed78;  0 drivers
o0x7f7e3739eda8 .functor BUFZ 1, C4<z>; HiZ drive
v0x5555788a29c0_0 .net "D_OUT_1", 0 0, o0x7f7e3739eda8;  0 drivers
v0x5555788a2a60_0 .net "GLOBAL_BUFFER_OUTPUT", 0 0, L_0x5555788e43a0;  1 drivers
o0x7f7e3739edd8 .functor BUFZ 1, C4<z>; HiZ drive
v0x5555788a2b00_0 .net "INPUT_CLK", 0 0, o0x7f7e3739edd8;  0 drivers
o0x7f7e3739ee08 .functor BUFZ 1, C4<z>; HiZ drive
v0x5555788a2bd0_0 .net "LATCH_INPUT_VALUE", 0 0, o0x7f7e3739ee08;  0 drivers
o0x7f7e3739ee38 .functor BUFZ 1, C4<z>; HiZ drive
v0x5555788a2ca0_0 .net "OUTPUT_CLK", 0 0, o0x7f7e3739ee38;  0 drivers
o0x7f7e3739ee68 .functor BUFZ 1, C4<z>; HiZ drive
v0x5555788a2d70_0 .net "OUTPUT_ENABLE", 0 0, o0x7f7e3739ee68;  0 drivers
v0x5555788a2e40_0 .net "PACKAGE_PIN", 0 0, o0x7f7e3739ee98;  0 drivers
S_0x5555788a0630 .scope module, "IO" "SB_IO" 2 148, 2 17 0, S_0x5555787fbf50;
 .timescale -12 -12;
    .port_info 0 /INOUT 1 "PACKAGE_PIN";
    .port_info 1 /INPUT 1 "LATCH_INPUT_VALUE";
    .port_info 2 /INPUT 1 "CLOCK_ENABLE";
    .port_info 3 /INPUT 1 "INPUT_CLK";
    .port_info 4 /INPUT 1 "OUTPUT_CLK";
    .port_info 5 /INPUT 1 "OUTPUT_ENABLE";
    .port_info 6 /INPUT 1 "D_OUT_0";
    .port_info 7 /INPUT 1 "D_OUT_1";
    .port_info 8 /OUTPUT 1 "D_IN_0";
    .port_info 9 /OUTPUT 1 "D_IN_1";
P_0x555578892fc0 .param/str "IO_STANDARD" 0 2 32, "SB_LVCMOS";
P_0x555578893000 .param/l "NEG_TRIGGER" 0 2 31, C4<0>;
P_0x555578893040 .param/l "PIN_TYPE" 0 2 29, C4<000000>;
P_0x555578893080 .param/l "PULLUP" 0 2 30, C4<0>;
L_0x5555788e4550 .functor OR 1, o0x7f7e3739ece8, L_0x5555788e4460, C4<0>, C4<0>;
L_0x5555788e4610 .functor BUFZ 1, v0x5555788a1c30_0, C4<0>, C4<0>, C4<0>;
L_0x5555788e46d0 .functor BUFZ 1, v0x5555788a1cf0_0, C4<0>, C4<0>, C4<0>;
v0x5555788a10a0_0 .net "CLOCK_ENABLE", 0 0, o0x7f7e3739ece8;  alias, 0 drivers
v0x5555788a1160_0 .net "D_IN_0", 0 0, L_0x5555788e4610;  alias, 1 drivers
v0x5555788a1220_0 .net "D_IN_1", 0 0, L_0x5555788e46d0;  alias, 1 drivers
v0x5555788a12c0_0 .net "D_OUT_0", 0 0, o0x7f7e3739ed78;  alias, 0 drivers
v0x5555788a1380_0 .net "D_OUT_1", 0 0, o0x7f7e3739eda8;  alias, 0 drivers
v0x5555788a1490_0 .net "INPUT_CLK", 0 0, o0x7f7e3739edd8;  alias, 0 drivers
v0x5555788a1550_0 .net "LATCH_INPUT_VALUE", 0 0, o0x7f7e3739ee08;  alias, 0 drivers
v0x5555788a1610_0 .net "OUTPUT_CLK", 0 0, o0x7f7e3739ee38;  alias, 0 drivers
v0x5555788a16d0_0 .net "OUTPUT_ENABLE", 0 0, o0x7f7e3739ee68;  alias, 0 drivers
v0x5555788a1790_0 .net "PACKAGE_PIN", 0 0, o0x7f7e3739ee98;  alias, 0 drivers
o0x7f7e3739eec8 .functor BUFZ 1, C4<z>; HiZ drive
; Elide local net with no drivers, v0x5555788a1850_0 name=_ivl_0
v0x5555788a1930_0 .net *"_ivl_2", 0 0, L_0x5555788e4460;  1 drivers
v0x5555788a19f0_0 .net "clken_pulled", 0 0, L_0x5555788e4550;  1 drivers
v0x5555788a1ab0_0 .var "clken_pulled_ri", 0 0;
v0x5555788a1b70_0 .var "clken_pulled_ro", 0 0;
v0x5555788a1c30_0 .var "din_0", 0 0;
v0x5555788a1cf0_0 .var "din_1", 0 0;
v0x5555788a1ec0_0 .var "din_q_0", 0 0;
v0x5555788a1f80_0 .var "din_q_1", 0 0;
v0x5555788a2040_0 .var "dout", 0 0;
v0x5555788a2100_0 .var "dout_q_0", 0 0;
v0x5555788a21c0_0 .var "dout_q_1", 0 0;
v0x5555788a2280_0 .var "outclk_delayed_1", 0 0;
v0x5555788a2340_0 .var "outclk_delayed_2", 0 0;
v0x5555788a2400_0 .var "outena_q", 0 0;
E_0x5555788a0b40 .event anyedge, v0x5555788a2340_0, v0x5555788a2100_0, v0x5555788a21c0_0;
E_0x5555788a0ba0 .event anyedge, v0x5555788a2280_0;
E_0x5555788a0c00 .event anyedge, v0x5555788a1610_0;
E_0x5555788a0c60 .event anyedge, v0x5555788a1ec0_0, v0x5555788a1f80_0;
L_0x5555788e4460 .cmp/eeq 1, o0x7f7e3739ece8, o0x7f7e3739eec8;
S_0x5555788a0cf0 .scope generate, "genblk1" "genblk1" 2 45, 2 45 0, S_0x5555788a0630;
 .timescale -12 -12;
E_0x5555788a0ed0 .event posedge, v0x5555788a1610_0;
E_0x5555788a0f50 .event negedge, v0x5555788a1610_0;
E_0x5555788a0fb0 .event negedge, v0x5555788a1490_0;
E_0x5555788a1010 .event posedge, v0x5555788a1490_0;
S_0x5555787f9c50 .scope module, "SB_HFOSC" "SB_HFOSC" 2 2664;
 .timescale -12 -12;
    .port_info 0 /INPUT 1 "TRIM0";
    .port_info 1 /INPUT 1 "TRIM1";
    .port_info 2 /INPUT 1 "TRIM2";
    .port_info 3 /INPUT 1 "TRIM3";
    .port_info 4 /INPUT 1 "TRIM4";
    .port_info 5 /INPUT 1 "TRIM5";
    .port_info 6 /INPUT 1 "TRIM6";
    .port_info 7 /INPUT 1 "TRIM7";
    .port_info 8 /INPUT 1 "TRIM8";
    .port_info 9 /INPUT 1 "TRIM9";
    .port_info 10 /INPUT 1 "CLKHFPU";
    .port_info 11 /INPUT 1 "CLKHFEN";
    .port_info 12 /OUTPUT 1 "CLKHF";
P_0x5555786f21b0 .param/str "CLKHF_DIV" 0 2 2680, "0b00";
P_0x5555786f21f0 .param/str "TRIM_EN" 0 2 2679, "0b0";
o0x7f7e3739f5b8 .functor BUFZ 1, C4<z>; HiZ drive
v0x5555788a2f30_0 .net "CLKHF", 0 0, o0x7f7e3739f5b8;  0 drivers
o0x7f7e3739f5e8 .functor BUFZ 1, C4<z>; HiZ drive
v0x5555788a3010_0 .net "CLKHFEN", 0 0, o0x7f7e3739f5e8;  0 drivers
o0x7f7e3739f618 .functor BUFZ 1, C4<z>; HiZ drive
v0x5555788a30d0_0 .net "CLKHFPU", 0 0, o0x7f7e3739f618;  0 drivers
o0x7f7e3739f648 .functor BUFZ 1, C4<z>; HiZ drive
v0x5555788a31a0_0 .net "TRIM0", 0 0, o0x7f7e3739f648;  0 drivers
o0x7f7e3739f678 .functor BUFZ 1, C4<z>; HiZ drive
v0x5555788a3260_0 .net "TRIM1", 0 0, o0x7f7e3739f678;  0 drivers
o0x7f7e3739f6a8 .functor BUFZ 1, C4<z>; HiZ drive
v0x5555788a3320_0 .net "TRIM2", 0 0, o0x7f7e3739f6a8;  0 drivers
o0x7f7e3739f6d8 .functor BUFZ 1, C4<z>; HiZ drive
v0x5555788a33e0_0 .net "TRIM3", 0 0, o0x7f7e3739f6d8;  0 drivers
o0x7f7e3739f708 .functor BUFZ 1, C4<z>; HiZ drive
v0x5555788a34a0_0 .net "TRIM4", 0 0, o0x7f7e3739f708;  0 drivers
o0x7f7e3739f738 .functor BUFZ 1, C4<z>; HiZ drive
v0x5555788a3560_0 .net "TRIM5", 0 0, o0x7f7e3739f738;  0 drivers
o0x7f7e3739f768 .functor BUFZ 1, C4<z>; HiZ drive
v0x5555788a36b0_0 .net "TRIM6", 0 0, o0x7f7e3739f768;  0 drivers
o0x7f7e3739f798 .functor BUFZ 1, C4<z>; HiZ drive
v0x5555788a3770_0 .net "TRIM7", 0 0, o0x7f7e3739f798;  0 drivers
o0x7f7e3739f7c8 .functor BUFZ 1, C4<z>; HiZ drive
v0x5555788a3830_0 .net "TRIM8", 0 0, o0x7f7e3739f7c8;  0 drivers
o0x7f7e3739f7f8 .functor BUFZ 1, C4<z>; HiZ drive
v0x5555788a38f0_0 .net "TRIM9", 0 0, o0x7f7e3739f7f8;  0 drivers
S_0x55557888a110 .scope module, "SB_I2C" "SB_I2C" 2 2733;
 .timescale -12 -12;
    .port_info 0 /INPUT 1 "SBCLKI";
    .port_info 1 /INPUT 1 "SBRWI";
    .port_info 2 /INPUT 1 "SBSTBI";
    .port_info 3 /INPUT 1 "SBADRI7";
    .port_info 4 /INPUT 1 "SBADRI6";
    .port_info 5 /INPUT 1 "SBADRI5";
    .port_info 6 /INPUT 1 "SBADRI4";
    .port_info 7 /INPUT 1 "SBADRI3";
    .port_info 8 /INPUT 1 "SBADRI2";
    .port_info 9 /INPUT 1 "SBADRI1";
    .port_info 10 /INPUT 1 "SBADRI0";
    .port_info 11 /INPUT 1 "SBDATI7";
    .port_info 12 /INPUT 1 "SBDATI6";
    .port_info 13 /INPUT 1 "SBDATI5";
    .port_info 14 /INPUT 1 "SBDATI4";
    .port_info 15 /INPUT 1 "SBDATI3";
    .port_info 16 /INPUT 1 "SBDATI2";
    .port_info 17 /INPUT 1 "SBDATI1";
    .port_info 18 /INPUT 1 "SBDATI0";
    .port_info 19 /INPUT 1 "SCLI";
    .port_info 20 /INPUT 1 "SDAI";
    .port_info 21 /OUTPUT 1 "SBDATO7";
    .port_info 22 /OUTPUT 1 "SBDATO6";
    .port_info 23 /OUTPUT 1 "SBDATO5";
    .port_info 24 /OUTPUT 1 "SBDATO4";
    .port_info 25 /OUTPUT 1 "SBDATO3";
    .port_info 26 /OUTPUT 1 "SBDATO2";
    .port_info 27 /OUTPUT 1 "SBDATO1";
    .port_info 28 /OUTPUT 1 "SBDATO0";
    .port_info 29 /OUTPUT 1 "SBACKO";
    .port_info 30 /OUTPUT 1 "I2CIRQ";
    .port_info 31 /OUTPUT 1 "I2CWKUP";
    .port_info 32 /OUTPUT 1 "SCLO";
    .port_info 33 /OUTPUT 1 "SCLOE";
    .port_info 34 /OUTPUT 1 "SDAO";
    .port_info 35 /OUTPUT 1 "SDAOE";
P_0x5555786f2300 .param/str "BUS_ADDR74" 0 2 2772, "0b0001";
P_0x5555786f2340 .param/str "I2C_SLAVE_INIT_ADDR" 0 2 2771, "0b1111100001";
o0x7f7e3739fa98 .functor BUFZ 1, C4<z>; HiZ drive
v0x5555788a3bc0_0 .net "I2CIRQ", 0 0, o0x7f7e3739fa98;  0 drivers
o0x7f7e3739fac8 .functor BUFZ 1, C4<z>; HiZ drive
v0x5555788a3ca0_0 .net "I2CWKUP", 0 0, o0x7f7e3739fac8;  0 drivers
o0x7f7e3739faf8 .functor BUFZ 1, C4<z>; HiZ drive
v0x5555788a3d60_0 .net "SBACKO", 0 0, o0x7f7e3739faf8;  0 drivers
o0x7f7e3739fb28 .functor BUFZ 1, C4<z>; HiZ drive
v0x5555788a3e00_0 .net "SBADRI0", 0 0, o0x7f7e3739fb28;  0 drivers
o0x7f7e3739fb58 .functor BUFZ 1, C4<z>; HiZ drive
v0x5555788a3ec0_0 .net "SBADRI1", 0 0, o0x7f7e3739fb58;  0 drivers
o0x7f7e3739fb88 .functor BUFZ 1, C4<z>; HiZ drive
v0x5555788a3f80_0 .net "SBADRI2", 0 0, o0x7f7e3739fb88;  0 drivers
o0x7f7e3739fbb8 .functor BUFZ 1, C4<z>; HiZ drive
v0x5555788a4040_0 .net "SBADRI3", 0 0, o0x7f7e3739fbb8;  0 drivers
o0x7f7e3739fbe8 .functor BUFZ 1, C4<z>; HiZ drive
v0x5555788a4100_0 .net "SBADRI4", 0 0, o0x7f7e3739fbe8;  0 drivers
o0x7f7e3739fc18 .functor BUFZ 1, C4<z>; HiZ drive
v0x5555788a41c0_0 .net "SBADRI5", 0 0, o0x7f7e3739fc18;  0 drivers
o0x7f7e3739fc48 .functor BUFZ 1, C4<z>; HiZ drive
v0x5555788a4310_0 .net "SBADRI6", 0 0, o0x7f7e3739fc48;  0 drivers
o0x7f7e3739fc78 .functor BUFZ 1, C4<z>; HiZ drive
v0x5555788a43d0_0 .net "SBADRI7", 0 0, o0x7f7e3739fc78;  0 drivers
o0x7f7e3739fca8 .functor BUFZ 1, C4<z>; HiZ drive
v0x5555788a4490_0 .net "SBCLKI", 0 0, o0x7f7e3739fca8;  0 drivers
o0x7f7e3739fcd8 .functor BUFZ 1, C4<z>; HiZ drive
v0x5555788a4550_0 .net "SBDATI0", 0 0, o0x7f7e3739fcd8;  0 drivers
o0x7f7e3739fd08 .functor BUFZ 1, C4<z>; HiZ drive
v0x5555788a4610_0 .net "SBDATI1", 0 0, o0x7f7e3739fd08;  0 drivers
o0x7f7e3739fd38 .functor BUFZ 1, C4<z>; HiZ drive
v0x5555788a46d0_0 .net "SBDATI2", 0 0, o0x7f7e3739fd38;  0 drivers
o0x7f7e3739fd68 .functor BUFZ 1, C4<z>; HiZ drive
v0x5555788a4790_0 .net "SBDATI3", 0 0, o0x7f7e3739fd68;  0 drivers
o0x7f7e3739fd98 .functor BUFZ 1, C4<z>; HiZ drive
v0x5555788a4850_0 .net "SBDATI4", 0 0, o0x7f7e3739fd98;  0 drivers
o0x7f7e3739fdc8 .functor BUFZ 1, C4<z>; HiZ drive
v0x5555788a4a20_0 .net "SBDATI5", 0 0, o0x7f7e3739fdc8;  0 drivers
o0x7f7e3739fdf8 .functor BUFZ 1, C4<z>; HiZ drive
v0x5555788a4ae0_0 .net "SBDATI6", 0 0, o0x7f7e3739fdf8;  0 drivers
o0x7f7e3739fe28 .functor BUFZ 1, C4<z>; HiZ drive
v0x5555788a4ba0_0 .net "SBDATI7", 0 0, o0x7f7e3739fe28;  0 drivers
o0x7f7e3739fe58 .functor BUFZ 1, C4<z>; HiZ drive
v0x5555788a4c60_0 .net "SBDATO0", 0 0, o0x7f7e3739fe58;  0 drivers
o0x7f7e3739fe88 .functor BUFZ 1, C4<z>; HiZ drive
v0x5555788a4d20_0 .net "SBDATO1", 0 0, o0x7f7e3739fe88;  0 drivers
o0x7f7e3739feb8 .functor BUFZ 1, C4<z>; HiZ drive
v0x5555788a4de0_0 .net "SBDATO2", 0 0, o0x7f7e3739feb8;  0 drivers
o0x7f7e3739fee8 .functor BUFZ 1, C4<z>; HiZ drive
v0x5555788a4ea0_0 .net "SBDATO3", 0 0, o0x7f7e3739fee8;  0 drivers
o0x7f7e3739ff18 .functor BUFZ 1, C4<z>; HiZ drive
v0x5555788a4f60_0 .net "SBDATO4", 0 0, o0x7f7e3739ff18;  0 drivers
o0x7f7e3739ff48 .functor BUFZ 1, C4<z>; HiZ drive
v0x5555788a5020_0 .net "SBDATO5", 0 0, o0x7f7e3739ff48;  0 drivers
o0x7f7e3739ff78 .functor BUFZ 1, C4<z>; HiZ drive
v0x5555788a50e0_0 .net "SBDATO6", 0 0, o0x7f7e3739ff78;  0 drivers
o0x7f7e3739ffa8 .functor BUFZ 1, C4<z>; HiZ drive
v0x5555788a51a0_0 .net "SBDATO7", 0 0, o0x7f7e3739ffa8;  0 drivers
o0x7f7e3739ffd8 .functor BUFZ 1, C4<z>; HiZ drive
v0x5555788a5260_0 .net "SBRWI", 0 0, o0x7f7e3739ffd8;  0 drivers
o0x7f7e373a0008 .functor BUFZ 1, C4<z>; HiZ drive
v0x5555788a5320_0 .net "SBSTBI", 0 0, o0x7f7e373a0008;  0 drivers
o0x7f7e373a0038 .functor BUFZ 1, C4<z>; HiZ drive
v0x5555788a53e0_0 .net "SCLI", 0 0, o0x7f7e373a0038;  0 drivers
o0x7f7e373a0068 .functor BUFZ 1, C4<z>; HiZ drive
v0x5555788a54a0_0 .net "SCLO", 0 0, o0x7f7e373a0068;  0 drivers
o0x7f7e373a0098 .functor BUFZ 1, C4<z>; HiZ drive
v0x5555788a5560_0 .net "SCLOE", 0 0, o0x7f7e373a0098;  0 drivers
o0x7f7e373a00c8 .functor BUFZ 1, C4<z>; HiZ drive
v0x5555788a5620_0 .net "SDAI", 0 0, o0x7f7e373a00c8;  0 drivers
o0x7f7e373a00f8 .functor BUFZ 1, C4<z>; HiZ drive
v0x5555788a56e0_0 .net "SDAO", 0 0, o0x7f7e373a00f8;  0 drivers
o0x7f7e373a0128 .functor BUFZ 1, C4<z>; HiZ drive
v0x5555788a57a0_0 .net "SDAOE", 0 0, o0x7f7e373a0128;  0 drivers
S_0x55557884f230 .scope module, "SB_IO_I3C" "SB_IO_I3C" 2 2862;
 .timescale -12 -12;
    .port_info 0 /INOUT 1 "PACKAGE_PIN";
    .port_info 1 /INPUT 1 "LATCH_INPUT_VALUE";
    .port_info 2 /INPUT 1 "CLOCK_ENABLE";
    .port_info 3 /INPUT 1 "INPUT_CLK";
    .port_info 4 /INPUT 1 "OUTPUT_CLK";
    .port_info 5 /INPUT 1 "OUTPUT_ENABLE";
    .port_info 6 /INPUT 1 "D_OUT_0";
    .port_info 7 /INPUT 1 "D_OUT_1";
    .port_info 8 /OUTPUT 1 "D_IN_0";
    .port_info 9 /OUTPUT 1 "D_IN_1";
    .port_info 10 /INPUT 1 "PU_ENB";
    .port_info 11 /INPUT 1 "WEAK_PU_ENB";
P_0x555578878350 .param/str "IO_STANDARD" 0 2 2880, "SB_LVCMOS";
P_0x555578878390 .param/l "NEG_TRIGGER" 0 2 2879, C4<0>;
P_0x5555788783d0 .param/l "PIN_TYPE" 0 2 2876, C4<000000>;
P_0x555578878410 .param/l "PULLUP" 0 2 2877, C4<0>;
P_0x555578878450 .param/l "WEAK_PULLUP" 0 2 2878, C4<0>;
L_0x5555788e4790 .functor BUFZ 1, v0x5555788a6b40_0, C4<0>, C4<0>, C4<0>;
L_0x5555788e4800 .functor BUFZ 1, v0x5555788a6c00_0, C4<0>, C4<0>, C4<0>;
o0x7f7e373a0818 .functor BUFZ 1, C4<z>; HiZ drive
v0x5555788a6210_0 .net "CLOCK_ENABLE", 0 0, o0x7f7e373a0818;  0 drivers
v0x5555788a62d0_0 .net "D_IN_0", 0 0, L_0x5555788e4790;  1 drivers
v0x5555788a6390_0 .net "D_IN_1", 0 0, L_0x5555788e4800;  1 drivers
o0x7f7e373a08a8 .functor BUFZ 1, C4<z>; HiZ drive
v0x5555788a6430_0 .net "D_OUT_0", 0 0, o0x7f7e373a08a8;  0 drivers
o0x7f7e373a08d8 .functor BUFZ 1, C4<z>; HiZ drive
v0x5555788a64f0_0 .net "D_OUT_1", 0 0, o0x7f7e373a08d8;  0 drivers
o0x7f7e373a0908 .functor BUFZ 1, C4<z>; HiZ drive
v0x5555788a6600_0 .net "INPUT_CLK", 0 0, o0x7f7e373a0908;  0 drivers
o0x7f7e373a0938 .functor BUFZ 1, C4<z>; HiZ drive
v0x5555788a66c0_0 .net "LATCH_INPUT_VALUE", 0 0, o0x7f7e373a0938;  0 drivers
o0x7f7e373a0968 .functor BUFZ 1, C4<z>; HiZ drive
v0x5555788a6780_0 .net "OUTPUT_CLK", 0 0, o0x7f7e373a0968;  0 drivers
o0x7f7e373a0998 .functor BUFZ 1, C4<z>; HiZ drive
v0x5555788a6840_0 .net "OUTPUT_ENABLE", 0 0, o0x7f7e373a0998;  0 drivers
o0x7f7e373a09c8 .functor BUFZ 1, C4<z>; HiZ drive
v0x5555788a6900_0 .net "PACKAGE_PIN", 0 0, o0x7f7e373a09c8;  0 drivers
o0x7f7e373a09f8 .functor BUFZ 1, C4<z>; HiZ drive
v0x5555788a69c0_0 .net "PU_ENB", 0 0, o0x7f7e373a09f8;  0 drivers
o0x7f7e373a0a28 .functor BUFZ 1, C4<z>; HiZ drive
v0x5555788a6a80_0 .net "WEAK_PU_ENB", 0 0, o0x7f7e373a0a28;  0 drivers
v0x5555788a6b40_0 .var "din_0", 0 0;
v0x5555788a6c00_0 .var "din_1", 0 0;
v0x5555788a6cc0_0 .var "din_q_0", 0 0;
v0x5555788a6d80_0 .var "din_q_1", 0 0;
v0x5555788a6e40_0 .var "dout", 0 0;
v0x5555788a6f00_0 .var "dout_q_0", 0 0;
v0x5555788a6fc0_0 .var "dout_q_1", 0 0;
v0x5555788a7080_0 .var "outclk_delayed_1", 0 0;
v0x5555788a7140_0 .var "outclk_delayed_2", 0 0;
v0x5555788a7200_0 .var "outena_q", 0 0;
E_0x5555788a5ce0 .event anyedge, v0x5555788a7140_0, v0x5555788a6f00_0, v0x5555788a6fc0_0;
E_0x5555788a5d60 .event anyedge, v0x5555788a7080_0;
E_0x5555788a5dc0 .event anyedge, v0x5555788a6780_0;
E_0x5555788a5e20 .event anyedge, v0x5555788a6cc0_0, v0x5555788a6d80_0;
S_0x5555788a5eb0 .scope generate, "genblk1" "genblk1" 2 2888, 2 2888 0, S_0x55557884f230;
 .timescale -12 -12;
E_0x5555788a6040 .event posedge, v0x5555788a6780_0;
E_0x5555788a60c0 .event negedge, v0x5555788a6780_0;
E_0x5555788a6120 .event negedge, v0x5555788a6600_0;
E_0x5555788a6180 .event posedge, v0x5555788a6600_0;
S_0x5555788389b0 .scope module, "SB_IO_OD" "SB_IO_OD" 2 2931;
 .timescale -12 -12;
    .port_info 0 /INOUT 1 "PACKAGEPIN";
    .port_info 1 /INPUT 1 "LATCHINPUTVALUE";
    .port_info 2 /INPUT 1 "CLOCKENABLE";
    .port_info 3 /INPUT 1 "INPUTCLK";
    .port_info 4 /INPUT 1 "OUTPUTCLK";
    .port_info 5 /INPUT 1 "OUTPUTENABLE";
    .port_info 6 /INPUT 1 "DOUT1";
    .port_info 7 /INPUT 1 "DOUT0";
    .port_info 8 /OUTPUT 1 "DIN1";
    .port_info 9 /OUTPUT 1 "DIN0";
P_0x5555786ef720 .param/l "NEG_TRIGGER" 0 2 2944, C4<0>;
P_0x5555786ef760 .param/l "PIN_TYPE" 0 2 2943, C4<000000>;
L_0x5555788e4870 .functor BUFZ 1, v0x5555788a8120_0, C4<0>, C4<0>, C4<0>;
L_0x5555788e48e0 .functor BUFZ 1, v0x5555788a81e0_0, C4<0>, C4<0>, C4<0>;
o0x7f7e373a0e78 .functor BUFZ 1, C4<z>; HiZ drive
v0x5555788a7970_0 .net "CLOCKENABLE", 0 0, o0x7f7e373a0e78;  0 drivers
v0x5555788a7a30_0 .net "DIN0", 0 0, L_0x5555788e4870;  1 drivers
v0x5555788a7af0_0 .net "DIN1", 0 0, L_0x5555788e48e0;  1 drivers
o0x7f7e373a0f08 .functor BUFZ 1, C4<z>; HiZ drive
v0x5555788a7b90_0 .net "DOUT0", 0 0, o0x7f7e373a0f08;  0 drivers
o0x7f7e373a0f38 .functor BUFZ 1, C4<z>; HiZ drive
v0x5555788a7c50_0 .net "DOUT1", 0 0, o0x7f7e373a0f38;  0 drivers
o0x7f7e373a0f68 .functor BUFZ 1, C4<z>; HiZ drive
v0x5555788a7d60_0 .net "INPUTCLK", 0 0, o0x7f7e373a0f68;  0 drivers
o0x7f7e373a0f98 .functor BUFZ 1, C4<z>; HiZ drive
v0x5555788a7e20_0 .net "LATCHINPUTVALUE", 0 0, o0x7f7e373a0f98;  0 drivers
o0x7f7e373a0fc8 .functor BUFZ 1, C4<z>; HiZ drive
v0x5555788a7ee0_0 .net "OUTPUTCLK", 0 0, o0x7f7e373a0fc8;  0 drivers
o0x7f7e373a0ff8 .functor BUFZ 1, C4<z>; HiZ drive
v0x5555788a7fa0_0 .net "OUTPUTENABLE", 0 0, o0x7f7e373a0ff8;  0 drivers
o0x7f7e373a1028 .functor BUFZ 1, C4<z>; HiZ drive
v0x5555788a8060_0 .net "PACKAGEPIN", 0 0, o0x7f7e373a1028;  0 drivers
v0x5555788a8120_0 .var "din_0", 0 0;
v0x5555788a81e0_0 .var "din_1", 0 0;
v0x5555788a82a0_0 .var "din_q_0", 0 0;
v0x5555788a8360_0 .var "din_q_1", 0 0;
v0x5555788a8420_0 .var "dout", 0 0;
v0x5555788a84e0_0 .var "dout_q_0", 0 0;
v0x5555788a85a0_0 .var "dout_q_1", 0 0;
v0x5555788a8770_0 .var "outclk_delayed_1", 0 0;
v0x5555788a8830_0 .var "outclk_delayed_2", 0 0;
v0x5555788a88f0_0 .var "outena_q", 0 0;
E_0x5555788a7440 .event anyedge, v0x5555788a8830_0, v0x5555788a84e0_0, v0x5555788a85a0_0;
E_0x5555788a74c0 .event anyedge, v0x5555788a8770_0;
E_0x5555788a7520 .event anyedge, v0x5555788a7ee0_0;
E_0x5555788a7580 .event anyedge, v0x5555788a82a0_0, v0x5555788a8360_0;
S_0x5555788a7610 .scope generate, "genblk1" "genblk1" 2 2952, 2 2952 0, S_0x5555788389b0;
 .timescale -12 -12;
E_0x5555788a77a0 .event posedge, v0x5555788a7ee0_0;
E_0x5555788a7820 .event negedge, v0x5555788a7ee0_0;
E_0x5555788a7880 .event negedge, v0x5555788a7d60_0;
E_0x5555788a78e0 .event posedge, v0x5555788a7d60_0;
S_0x555578849820 .scope module, "SB_LEDDA_IP" "SB_LEDDA_IP" 2 2830;
 .timescale -12 -12;
    .port_info 0 /INPUT 1 "LEDDCS";
    .port_info 1 /INPUT 1 "LEDDCLK";
    .port_info 2 /INPUT 1 "LEDDDAT7";
    .port_info 3 /INPUT 1 "LEDDDAT6";
    .port_info 4 /INPUT 1 "LEDDDAT5";
    .port_info 5 /INPUT 1 "LEDDDAT4";
    .port_info 6 /INPUT 1 "LEDDDAT3";
    .port_info 7 /INPUT 1 "LEDDDAT2";
    .port_info 8 /INPUT 1 "LEDDDAT1";
    .port_info 9 /INPUT 1 "LEDDDAT0";
    .port_info 10 /INPUT 1 "LEDDADDR3";
    .port_info 11 /INPUT 1 "LEDDADDR2";
    .port_info 12 /INPUT 1 "LEDDADDR1";
    .port_info 13 /INPUT 1 "LEDDADDR0";
    .port_info 14 /INPUT 1 "LEDDDEN";
    .port_info 15 /INPUT 1 "LEDDEXE";
    .port_info 16 /INPUT 1 "LEDDRST";
    .port_info 17 /OUTPUT 1 "PWMOUT0";
    .port_info 18 /OUTPUT 1 "PWMOUT1";
    .port_info 19 /OUTPUT 1 "PWMOUT2";
    .port_info 20 /OUTPUT 1 "LEDDON";
o0x7f7e373a1418 .functor BUFZ 1, C4<z>; HiZ drive
v0x5555788a8af0_0 .net "LEDDADDR0", 0 0, o0x7f7e373a1418;  0 drivers
o0x7f7e373a1448 .functor BUFZ 1, C4<z>; HiZ drive
v0x5555788a8bd0_0 .net "LEDDADDR1", 0 0, o0x7f7e373a1448;  0 drivers
o0x7f7e373a1478 .functor BUFZ 1, C4<z>; HiZ drive
v0x5555788a8c90_0 .net "LEDDADDR2", 0 0, o0x7f7e373a1478;  0 drivers
o0x7f7e373a14a8 .functor BUFZ 1, C4<z>; HiZ drive
v0x5555788a8d30_0 .net "LEDDADDR3", 0 0, o0x7f7e373a14a8;  0 drivers
o0x7f7e373a14d8 .functor BUFZ 1, C4<z>; HiZ drive
v0x5555788a8df0_0 .net "LEDDCLK", 0 0, o0x7f7e373a14d8;  0 drivers
o0x7f7e373a1508 .functor BUFZ 1, C4<z>; HiZ drive
v0x5555788a8eb0_0 .net "LEDDCS", 0 0, o0x7f7e373a1508;  0 drivers
o0x7f7e373a1538 .functor BUFZ 1, C4<z>; HiZ drive
v0x5555788a8f70_0 .net "LEDDDAT0", 0 0, o0x7f7e373a1538;  0 drivers
o0x7f7e373a1568 .functor BUFZ 1, C4<z>; HiZ drive
v0x5555788a9030_0 .net "LEDDDAT1", 0 0, o0x7f7e373a1568;  0 drivers
o0x7f7e373a1598 .functor BUFZ 1, C4<z>; HiZ drive
v0x5555788a90f0_0 .net "LEDDDAT2", 0 0, o0x7f7e373a1598;  0 drivers
o0x7f7e373a15c8 .functor BUFZ 1, C4<z>; HiZ drive
v0x5555788a91b0_0 .net "LEDDDAT3", 0 0, o0x7f7e373a15c8;  0 drivers
o0x7f7e373a15f8 .functor BUFZ 1, C4<z>; HiZ drive
v0x5555788a9270_0 .net "LEDDDAT4", 0 0, o0x7f7e373a15f8;  0 drivers
o0x7f7e373a1628 .functor BUFZ 1, C4<z>; HiZ drive
v0x5555788a9330_0 .net "LEDDDAT5", 0 0, o0x7f7e373a1628;  0 drivers
o0x7f7e373a1658 .functor BUFZ 1, C4<z>; HiZ drive
v0x5555788a93f0_0 .net "LEDDDAT6", 0 0, o0x7f7e373a1658;  0 drivers
o0x7f7e373a1688 .functor BUFZ 1, C4<z>; HiZ drive
v0x5555788a94b0_0 .net "LEDDDAT7", 0 0, o0x7f7e373a1688;  0 drivers
o0x7f7e373a16b8 .functor BUFZ 1, C4<z>; HiZ drive
v0x5555788a9570_0 .net "LEDDDEN", 0 0, o0x7f7e373a16b8;  0 drivers
o0x7f7e373a16e8 .functor BUFZ 1, C4<z>; HiZ drive
v0x5555788a9630_0 .net "LEDDEXE", 0 0, o0x7f7e373a16e8;  0 drivers
o0x7f7e373a1718 .functor BUFZ 1, C4<z>; HiZ drive
v0x5555788a96f0_0 .net "LEDDON", 0 0, o0x7f7e373a1718;  0 drivers
o0x7f7e373a1748 .functor BUFZ 1, C4<z>; HiZ drive
v0x5555788a98c0_0 .net "LEDDRST", 0 0, o0x7f7e373a1748;  0 drivers
o0x7f7e373a1778 .functor BUFZ 1, C4<z>; HiZ drive
v0x5555788a9980_0 .net "PWMOUT0", 0 0, o0x7f7e373a1778;  0 drivers
o0x7f7e373a17a8 .functor BUFZ 1, C4<z>; HiZ drive
v0x5555788a9a40_0 .net "PWMOUT1", 0 0, o0x7f7e373a17a8;  0 drivers
o0x7f7e373a17d8 .functor BUFZ 1, C4<z>; HiZ drive
v0x5555788a9b00_0 .net "PWMOUT2", 0 0, o0x7f7e373a17d8;  0 drivers
S_0x5555788445e0 .scope module, "SB_LED_DRV_CUR" "SB_LED_DRV_CUR" 2 2709;
 .timescale -12 -12;
    .port_info 0 /INPUT 1 "EN";
    .port_info 1 /OUTPUT 1 "LEDPU";
o0x7f7e373a1bf8 .functor BUFZ 1, C4<z>; HiZ drive
v0x5555788a9f10_0 .net "EN", 0 0, o0x7f7e373a1bf8;  0 drivers
o0x7f7e373a1c28 .functor BUFZ 1, C4<z>; HiZ drive
v0x5555788a9ff0_0 .net "LEDPU", 0 0, o0x7f7e373a1c28;  0 drivers
S_0x555578833cc0 .scope module, "SB_LFOSC" "SB_LFOSC" 2 2684;
 .timescale -12 -12;
    .port_info 0 /INPUT 1 "CLKLFPU";
    .port_info 1 /INPUT 1 "CLKLFEN";
    .port_info 2 /OUTPUT 1 "CLKLF";
o0x7f7e373a1cb8 .functor BUFZ 1, C4<z>; HiZ drive
v0x5555788aa110_0 .net "CLKLF", 0 0, o0x7f7e373a1cb8;  0 drivers
o0x7f7e373a1ce8 .functor BUFZ 1, C4<z>; HiZ drive
v0x5555788aa1d0_0 .net "CLKLFEN", 0 0, o0x7f7e373a1ce8;  0 drivers
o0x7f7e373a1d18 .functor BUFZ 1, C4<z>; HiZ drive
v0x5555788aa290_0 .net "CLKLFPU", 0 0, o0x7f7e373a1d18;  0 drivers
S_0x5555788363b0 .scope module, "SB_LUT4" "SB_LUT4" 2 177;
 .timescale -12 -12;
    .port_info 0 /OUTPUT 1 "O";
    .port_info 1 /INPUT 1 "I0";
    .port_info 2 /INPUT 1 "I1";
    .port_info 3 /INPUT 1 "I2";
    .port_info 4 /INPUT 1 "I3";
P_0x5555787f5500 .param/l "LUT_INIT" 0 2 184, C4<0000000000000000>;
o0x7f7e373a1dd8 .functor BUFZ 1, C4<z>; HiZ drive
v0x5555788aa3b0_0 .net "I0", 0 0, o0x7f7e373a1dd8;  0 drivers
o0x7f7e373a1e08 .functor BUFZ 1, C4<z>; HiZ drive
v0x5555788aa470_0 .net "I1", 0 0, o0x7f7e373a1e08;  0 drivers
o0x7f7e373a1e38 .functor BUFZ 1, C4<z>; HiZ drive
v0x5555788aa530_0 .net "I2", 0 0, o0x7f7e373a1e38;  0 drivers
o0x7f7e373a1e68 .functor BUFZ 1, C4<z>; HiZ drive
v0x5555788aa600_0 .net "I3", 0 0, o0x7f7e373a1e68;  0 drivers
v0x5555788aa6c0_0 .net "O", 0 0, L_0x5555788e5310;  1 drivers
L_0x7f7e373503c0 .functor BUFT 1, C4<00000000>, C4<0>, C4<0>, C4<0>;
v0x5555788aa780_0 .net/2u *"_ivl_0", 7 0, L_0x7f7e373503c0;  1 drivers
v0x5555788aa860_0 .net *"_ivl_13", 1 0, L_0x5555788e4e20;  1 drivers
v0x5555788aa940_0 .net *"_ivl_15", 1 0, L_0x5555788e4f10;  1 drivers
v0x5555788aaa20_0 .net *"_ivl_19", 0 0, L_0x5555788e5130;  1 drivers
L_0x7f7e37350408 .functor BUFT 1, C4<00000000>, C4<0>, C4<0>, C4<0>;
v0x5555788aab00_0 .net/2u *"_ivl_2", 7 0, L_0x7f7e37350408;  1 drivers
v0x5555788aabe0_0 .net *"_ivl_21", 0 0, L_0x5555788e5270;  1 drivers
v0x5555788aacc0_0 .net *"_ivl_7", 3 0, L_0x5555788e4af0;  1 drivers
v0x5555788aada0_0 .net *"_ivl_9", 3 0, L_0x5555788e4be0;  1 drivers
v0x5555788aae80_0 .net "s1", 1 0, L_0x5555788e4ff0;  1 drivers
v0x5555788aaf60_0 .net "s2", 3 0, L_0x5555788e4c80;  1 drivers
v0x5555788ab040_0 .net "s3", 7 0, L_0x5555788e4950;  1 drivers
L_0x5555788e4950 .functor MUXZ 8, L_0x7f7e37350408, L_0x7f7e373503c0, o0x7f7e373a1e68, C4<>;
L_0x5555788e4af0 .part L_0x5555788e4950, 4, 4;
L_0x5555788e4be0 .part L_0x5555788e4950, 0, 4;
L_0x5555788e4c80 .functor MUXZ 4, L_0x5555788e4be0, L_0x5555788e4af0, o0x7f7e373a1e38, C4<>;
L_0x5555788e4e20 .part L_0x5555788e4c80, 2, 2;
L_0x5555788e4f10 .part L_0x5555788e4c80, 0, 2;
L_0x5555788e4ff0 .functor MUXZ 2, L_0x5555788e4f10, L_0x5555788e4e20, o0x7f7e373a1e08, C4<>;
L_0x5555788e5130 .part L_0x5555788e4ff0, 1, 1;
L_0x5555788e5270 .part L_0x5555788e4ff0, 0, 1;
L_0x5555788e5310 .functor MUXZ 1, L_0x5555788e5270, L_0x5555788e5130, o0x7f7e373a1dd8, C4<>;
S_0x555578835660 .scope module, "SB_MAC16" "SB_MAC16" 2 2996;
 .timescale -12 -12;
    .port_info 0 /INPUT 1 "CLK";
    .port_info 1 /INPUT 1 "CE";
    .port_info 2 /INPUT 16 "C";
    .port_info 3 /INPUT 16 "A";
    .port_info 4 /INPUT 16 "B";
    .port_info 5 /INPUT 16 "D";
    .port_info 6 /INPUT 1 "AHOLD";
    .port_info 7 /INPUT 1 "BHOLD";
    .port_info 8 /INPUT 1 "CHOLD";
    .port_info 9 /INPUT 1 "DHOLD";
    .port_info 10 /INPUT 1 "IRSTTOP";
    .port_info 11 /INPUT 1 "IRSTBOT";
    .port_info 12 /INPUT 1 "ORSTTOP";
    .port_info 13 /INPUT 1 "ORSTBOT";
    .port_info 14 /INPUT 1 "OLOADTOP";
    .port_info 15 /INPUT 1 "OLOADBOT";
    .port_info 16 /INPUT 1 "ADDSUBTOP";
    .port_info 17 /INPUT 1 "ADDSUBBOT";
    .port_info 18 /INPUT 1 "OHOLDTOP";
    .port_info 19 /INPUT 1 "OHOLDBOT";
    .port_info 20 /INPUT 1 "CI";
    .port_info 21 /INPUT 1 "ACCUMCI";
    .port_info 22 /INPUT 1 "SIGNEXTIN";
    .port_info 23 /OUTPUT 32 "O";
    .port_info 24 /OUTPUT 1 "CO";
    .port_info 25 /OUTPUT 1 "ACCUMCO";
    .port_info 26 /OUTPUT 1 "SIGNEXTOUT";
P_0x555578703260 .param/l "A_REG" 0 2 3011, C4<0>;
P_0x5555787032a0 .param/l "A_SIGNED" 0 2 3027, C4<0>;
P_0x5555787032e0 .param/l "BOTADDSUB_CARRYSELECT" 0 2 3025, C4<00>;
P_0x555578703320 .param/l "BOTADDSUB_LOWERINPUT" 0 2 3023, C4<00>;
P_0x555578703360 .param/l "BOTADDSUB_UPPERINPUT" 0 2 3024, C4<0>;
P_0x5555787033a0 .param/l "BOTOUTPUT_SELECT" 0 2 3022, C4<00>;
P_0x5555787033e0 .param/l "BOT_8x8_MULT_REG" 0 2 3015, C4<0>;
P_0x555578703420 .param/l "B_REG" 0 2 3012, C4<0>;
P_0x555578703460 .param/l "B_SIGNED" 0 2 3028, C4<0>;
P_0x5555787034a0 .param/l "C_REG" 0 2 3010, C4<0>;
P_0x5555787034e0 .param/l "D_REG" 0 2 3013, C4<0>;
P_0x555578703520 .param/l "MODE_8x8" 0 2 3026, C4<0>;
P_0x555578703560 .param/l "NEG_TRIGGER" 0 2 3009, C4<0>;
P_0x5555787035a0 .param/l "PIPELINE_16x16_MULT_REG1" 0 2 3016, C4<0>;
P_0x5555787035e0 .param/l "PIPELINE_16x16_MULT_REG2" 0 2 3017, C4<0>;
P_0x555578703620 .param/l "TOPADDSUB_CARRYSELECT" 0 2 3021, C4<00>;
P_0x555578703660 .param/l "TOPADDSUB_LOWERINPUT" 0 2 3019, C4<00>;
P_0x5555787036a0 .param/l "TOPADDSUB_UPPERINPUT" 0 2 3020, C4<0>;
P_0x5555787036e0 .param/l "TOPOUTPUT_SELECT" 0 2 3018, C4<00>;
P_0x555578703720 .param/l "TOP_8x8_MULT_REG" 0 2 3014, C4<0>;
o0x7f7e373a24c8 .functor BUFZ 1, C4<z>; HiZ drive
L_0x7f7e37350450 .functor BUFT 1, C4<0>, C4<0>, C4<0>, C4<0>;
L_0x5555788e5490 .functor XOR 1, o0x7f7e373a24c8, L_0x7f7e37350450, C4<0>, C4<0>;
o0x7f7e373a2408 .functor BUFZ 16, C4<zzzzzzzzzzzzzzzz>; HiZ drive
L_0x5555788e5580 .functor BUFZ 16, o0x7f7e373a2408, C4<0000000000000000>, C4<0000000000000000>, C4<0000000000000000>;
o0x7f7e373a21c8 .functor BUFZ 16, C4<zzzzzzzzzzzzzzzz>; HiZ drive
L_0x5555788e5620 .functor BUFZ 16, o0x7f7e373a21c8, C4<0000000000000000>, C4<0000000000000000>, C4<0000000000000000>;
o0x7f7e373a2348 .functor BUFZ 16, C4<zzzzzzzzzzzzzzzz>; HiZ drive
L_0x5555788e56f0 .functor BUFZ 16, o0x7f7e373a2348, C4<0000000000000000>, C4<0000000000000000>, C4<0000000000000000>;
o0x7f7e373a2528 .functor BUFZ 16, C4<zzzzzzzzzzzzzzzz>; HiZ drive
L_0x5555788e57f0 .functor BUFZ 16, o0x7f7e373a2528, C4<0000000000000000>, C4<0000000000000000>, C4<0000000000000000>;
L_0x5555788e66a0 .functor BUFZ 16, L_0x5555788e6230, C4<0000000000000000>, C4<0000000000000000>, C4<0000000000000000>;
L_0x5555788e6c70 .functor BUFZ 16, L_0x5555788e65b0, C4<0000000000000000>, C4<0000000000000000>, C4<0000000000000000>;
L_0x5555788e6d30 .functor BUFZ 16, L_0x5555788e69c0, C4<0000000000000000>, C4<0000000000000000>, C4<0000000000000000>;
L_0x5555788e6e40 .functor BUFZ 16, L_0x5555788e6ab0, C4<0000000000000000>, C4<0000000000000000>, C4<0000000000000000>;
L_0x5555788e7840 .functor BUFZ 32, L_0x5555788e8510, C4<00000000000000000000000000000000>, C4<00000000000000000000000000000000>, C4<00000000000000000000000000000000>;
L_0x5555788e8700 .functor BUFZ 16, v0x5555788b3130_0, C4<0000000000000000>, C4<0000000000000000>, C4<0000000000000000>;
L_0x5555788e8770 .functor BUFZ 16, L_0x5555788e5620, C4<0000000000000000>, C4<0000000000000000>, C4<0000000000000000>;
L_0x5555788e93d0 .functor XOR 17, L_0x5555788e8cb0, L_0x5555788e92e0, C4<00000000000000000>, C4<00000000000000000>;
o0x7f7e373a2288 .functor BUFZ 1, C4<z>; HiZ drive
L_0x5555788e9580 .functor XOR 1, L_0x5555788e8850, o0x7f7e373a2288, C4<0>, C4<0>;
L_0x5555788e87e0 .functor XOR 16, L_0x5555788e8a00, L_0x5555788e98a0, C4<0000000000000000>, C4<0000000000000000>;
L_0x5555788e9dc0 .functor BUFZ 16, L_0x5555788e9b30, C4<0000000000000000>, C4<0000000000000000>, C4<0000000000000000>;
L_0x5555788ea080 .functor BUFZ 16, v0x5555788b3210_0, C4<0000000000000000>, C4<0000000000000000>, C4<0000000000000000>;
L_0x5555788ea190 .functor BUFZ 16, L_0x5555788e56f0, C4<0000000000000000>, C4<0000000000000000>, C4<0000000000000000>;
L_0x5555788eae30 .functor XOR 17, L_0x5555788ea6b0, L_0x5555788eabb0, C4<00000000000000000>, C4<00000000000000000>;
L_0x5555788eaff0 .functor XOR 16, L_0x5555788ea330, L_0x5555788eb390, C4<0000000000000000>, C4<0000000000000000>;
L_0x5555788ebd50 .functor BUFZ 16, L_0x5555788eb8e0, C4<0000000000000000>, C4<0000000000000000>, C4<0000000000000000>;
v0x5555788ab390_0 .net "A", 15 0, o0x7f7e373a21c8;  0 drivers
o0x7f7e373a21f8 .functor BUFZ 1, C4<z>; HiZ drive
v0x5555788ab470_0 .net "ACCUMCI", 0 0, o0x7f7e373a21f8;  0 drivers
v0x5555788ab530_0 .net "ACCUMCO", 0 0, L_0x5555788e8850;  1 drivers
o0x7f7e373a2258 .functor BUFZ 1, C4<z>; HiZ drive
v0x5555788ab5d0_0 .net "ADDSUBBOT", 0 0, o0x7f7e373a2258;  0 drivers
v0x5555788ab690_0 .net "ADDSUBTOP", 0 0, o0x7f7e373a2288;  0 drivers
o0x7f7e373a22b8 .functor BUFZ 1, C4<z>; HiZ drive
v0x5555788ab750_0 .net "AHOLD", 0 0, o0x7f7e373a22b8;  0 drivers
v0x5555788ab810_0 .net "Ah", 15 0, L_0x5555788e5a10;  1 drivers
v0x5555788ab8f0_0 .net "Al", 15 0, L_0x5555788e5bf0;  1 drivers
v0x5555788ab9d0_0 .net "B", 15 0, o0x7f7e373a2348;  0 drivers
o0x7f7e373a2378 .functor BUFZ 1, C4<z>; HiZ drive
v0x5555788abb40_0 .net "BHOLD", 0 0, o0x7f7e373a2378;  0 drivers
v0x5555788abc00_0 .net "Bh", 15 0, L_0x5555788e5e80;  1 drivers
v0x5555788abce0_0 .net "Bl", 15 0, L_0x5555788e60a0;  1 drivers
v0x5555788abdc0_0 .net "C", 15 0, o0x7f7e373a2408;  0 drivers
o0x7f7e373a2438 .functor BUFZ 1, C4<z>; HiZ drive
v0x5555788abea0_0 .net "CE", 0 0, o0x7f7e373a2438;  0 drivers
o0x7f7e373a2468 .functor BUFZ 1, C4<z>; HiZ drive
v0x5555788abf60_0 .net "CHOLD", 0 0, o0x7f7e373a2468;  0 drivers
o0x7f7e373a2498 .functor BUFZ 1, C4<z>; HiZ drive
v0x5555788ac020_0 .net "CI", 0 0, o0x7f7e373a2498;  0 drivers
v0x5555788ac0e0_0 .net "CLK", 0 0, o0x7f7e373a24c8;  0 drivers
v0x5555788ac2b0_0 .net "CO", 0 0, L_0x5555788e9580;  1 drivers
v0x5555788ac370_0 .net "D", 15 0, o0x7f7e373a2528;  0 drivers
o0x7f7e373a2558 .functor BUFZ 1, C4<z>; HiZ drive
v0x5555788ac450_0 .net "DHOLD", 0 0, o0x7f7e373a2558;  0 drivers
L_0x7f7e373509a8 .functor BUFT 1, C4<0>, C4<0>, C4<0>, C4<0>;
v0x5555788ac510_0 .net "HCI", 0 0, L_0x7f7e373509a8;  1 drivers
o0x7f7e373a25b8 .functor BUFZ 1, C4<z>; HiZ drive
v0x5555788ac5d0_0 .net "IRSTBOT", 0 0, o0x7f7e373a25b8;  0 drivers
o0x7f7e373a25e8 .functor BUFZ 1, C4<z>; HiZ drive
v0x5555788ac690_0 .net "IRSTTOP", 0 0, o0x7f7e373a25e8;  0 drivers
L_0x7f7e37350ac8 .functor BUFT 1, C4<0>, C4<0>, C4<0>, C4<0>;
v0x5555788ac750_0 .net "LCI", 0 0, L_0x7f7e37350ac8;  1 drivers
v0x5555788ac810_0 .net "LCO", 0 0, L_0x5555788ea230;  1 drivers
v0x5555788ac8d0_0 .net "O", 31 0, L_0x5555788ebe10;  1 drivers
o0x7f7e373a26a8 .functor BUFZ 1, C4<z>; HiZ drive
v0x5555788ac9b0_0 .net "OHOLDBOT", 0 0, o0x7f7e373a26a8;  0 drivers
o0x7f7e373a26d8 .functor BUFZ 1, C4<z>; HiZ drive
v0x5555788aca70_0 .net "OHOLDTOP", 0 0, o0x7f7e373a26d8;  0 drivers
o0x7f7e373a2708 .functor BUFZ 1, C4<z>; HiZ drive
v0x5555788acb30_0 .net "OLOADBOT", 0 0, o0x7f7e373a2708;  0 drivers
o0x7f7e373a2738 .functor BUFZ 1, C4<z>; HiZ drive
v0x5555788acbf0_0 .net "OLOADTOP", 0 0, o0x7f7e373a2738;  0 drivers
o0x7f7e373a2768 .functor BUFZ 1, C4<z>; HiZ drive
v0x5555788accb0_0 .net "ORSTBOT", 0 0, o0x7f7e373a2768;  0 drivers
o0x7f7e373a2798 .functor BUFZ 1, C4<z>; HiZ drive
v0x5555788acd70_0 .net "ORSTTOP", 0 0, o0x7f7e373a2798;  0 drivers
v0x5555788ace30_0 .net "Oh", 15 0, L_0x5555788e9dc0;  1 drivers
v0x5555788ad120_0 .net "Ol", 15 0, L_0x5555788ebd50;  1 drivers
o0x7f7e373a2828 .functor BUFZ 1, C4<z>; HiZ drive
v0x5555788ad200_0 .net "SIGNEXTIN", 0 0, o0x7f7e373a2828;  0 drivers
v0x5555788ad2c0_0 .net "SIGNEXTOUT", 0 0, L_0x5555788e9e80;  1 drivers
v0x5555788ad380_0 .net "XW", 15 0, L_0x5555788e8a00;  1 drivers
v0x5555788ad460_0 .net "YZ", 15 0, L_0x5555788ea330;  1 drivers
v0x5555788ad540_0 .net/2u *"_ivl_0", 0 0, L_0x7f7e37350450;  1 drivers
v0x5555788ad620_0 .net *"_ivl_100", 31 0, L_0x5555788e7fb0;  1 drivers
L_0x7f7e37350840 .functor BUFT 1, C4<0000000000000000>, C4<0>, C4<0>, C4<0>;
v0x5555788ad700_0 .net *"_ivl_103", 15 0, L_0x7f7e37350840;  1 drivers
v0x5555788ad7e0_0 .net *"_ivl_104", 31 0, L_0x5555788e82d0;  1 drivers
v0x5555788ad8c0_0 .net *"_ivl_106", 15 0, L_0x5555788e81e0;  1 drivers
L_0x7f7e37350888 .functor BUFT 1, C4<0000000000000000>, C4<0>, C4<0>, C4<0>;
v0x5555788ad9a0_0 .net *"_ivl_108", 15 0, L_0x7f7e37350888;  1 drivers
L_0x7f7e37350498 .functor BUFT 1, C4<00000000>, C4<0>, C4<0>, C4<0>;
v0x5555788ada80_0 .net/2u *"_ivl_12", 7 0, L_0x7f7e37350498;  1 drivers
v0x5555788adb60_0 .net *"_ivl_121", 16 0, L_0x5555788e8aa0;  1 drivers
L_0x7f7e373508d0 .functor BUFT 1, C4<0>, C4<0>, C4<0>, C4<0>;
v0x5555788adc40_0 .net *"_ivl_124", 0 0, L_0x7f7e373508d0;  1 drivers
v0x5555788add20_0 .net *"_ivl_125", 16 0, L_0x5555788e8cb0;  1 drivers
L_0x7f7e37350918 .functor BUFT 1, C4<0>, C4<0>, C4<0>, C4<0>;
v0x5555788ade00_0 .net *"_ivl_128", 0 0, L_0x7f7e37350918;  1 drivers
v0x5555788adee0_0 .net *"_ivl_129", 15 0, L_0x5555788e8df0;  1 drivers
v0x5555788adfc0_0 .net *"_ivl_131", 16 0, L_0x5555788e92e0;  1 drivers
L_0x7f7e37350960 .functor BUFT 1, C4<0>, C4<0>, C4<0>, C4<0>;
v0x5555788ae0a0_0 .net *"_ivl_134", 0 0, L_0x7f7e37350960;  1 drivers
v0x5555788ae180_0 .net *"_ivl_135", 16 0, L_0x5555788e93d0;  1 drivers
v0x5555788ae260_0 .net *"_ivl_137", 16 0, L_0x5555788e94e0;  1 drivers
L_0x7f7e37350be8 .functor BUFT 1, C4<00000000000000000>, C4<0>, C4<0>, C4<0>;
v0x5555788ae340_0 .net *"_ivl_139", 16 0, L_0x7f7e37350be8;  1 drivers
v0x5555788ae420_0 .net *"_ivl_143", 16 0, L_0x5555788e91b0;  1 drivers
v0x5555788ae500_0 .net *"_ivl_147", 15 0, L_0x5555788e98a0;  1 drivers
v0x5555788ae5e0_0 .net *"_ivl_149", 15 0, L_0x5555788e87e0;  1 drivers
v0x5555788ae6c0_0 .net *"_ivl_15", 7 0, L_0x5555788e58f0;  1 drivers
v0x5555788ae7a0_0 .net *"_ivl_168", 16 0, L_0x5555788ea570;  1 drivers
L_0x7f7e373509f0 .functor BUFT 1, C4<0>, C4<0>, C4<0>, C4<0>;
v0x5555788ae880_0 .net *"_ivl_171", 0 0, L_0x7f7e373509f0;  1 drivers
v0x5555788ae960_0 .net *"_ivl_172", 16 0, L_0x5555788ea6b0;  1 drivers
L_0x7f7e37350a38 .functor BUFT 1, C4<0>, C4<0>, C4<0>, C4<0>;
v0x5555788aea40_0 .net *"_ivl_175", 0 0, L_0x7f7e37350a38;  1 drivers
v0x5555788aeb20_0 .net *"_ivl_176", 15 0, L_0x5555788ea970;  1 drivers
v0x5555788aec00_0 .net *"_ivl_178", 16 0, L_0x5555788eabb0;  1 drivers
L_0x7f7e373504e0 .functor BUFT 1, C4<00000000>, C4<0>, C4<0>, C4<0>;
v0x5555788aece0_0 .net/2u *"_ivl_18", 7 0, L_0x7f7e373504e0;  1 drivers
L_0x7f7e37350a80 .functor BUFT 1, C4<0>, C4<0>, C4<0>, C4<0>;
v0x5555788aedc0_0 .net *"_ivl_181", 0 0, L_0x7f7e37350a80;  1 drivers
v0x5555788aeea0_0 .net *"_ivl_182", 16 0, L_0x5555788eae30;  1 drivers
v0x5555788aef80_0 .net *"_ivl_184", 16 0, L_0x5555788ea0f0;  1 drivers
L_0x7f7e37350c30 .functor BUFT 1, C4<00000000000000000>, C4<0>, C4<0>, C4<0>;
v0x5555788af060_0 .net *"_ivl_186", 16 0, L_0x7f7e37350c30;  1 drivers
v0x5555788af140_0 .net *"_ivl_190", 16 0, L_0x5555788eb100;  1 drivers
v0x5555788af220_0 .net *"_ivl_192", 15 0, L_0x5555788eb390;  1 drivers
v0x5555788af300_0 .net *"_ivl_194", 15 0, L_0x5555788eaff0;  1 drivers
v0x5555788af3e0_0 .net *"_ivl_21", 7 0, L_0x5555788e5b50;  1 drivers
L_0x7f7e37350528 .functor BUFT 1, C4<00000000>, C4<0>, C4<0>, C4<0>;
v0x5555788af4c0_0 .net/2u *"_ivl_24", 7 0, L_0x7f7e37350528;  1 drivers
v0x5555788af5a0_0 .net *"_ivl_27", 7 0, L_0x5555788e5d90;  1 drivers
L_0x7f7e37350570 .functor BUFT 1, C4<00000000>, C4<0>, C4<0>, C4<0>;
v0x5555788af680_0 .net/2u *"_ivl_30", 7 0, L_0x7f7e37350570;  1 drivers
v0x5555788af760_0 .net *"_ivl_33", 7 0, L_0x5555788e6000;  1 drivers
L_0x7f7e373505b8 .functor BUFT 1, C4<00000000>, C4<0>, C4<0>, C4<0>;
v0x5555788af840_0 .net/2u *"_ivl_38", 7 0, L_0x7f7e373505b8;  1 drivers
v0x5555788af920_0 .net *"_ivl_41", 7 0, L_0x5555788e6370;  1 drivers
v0x5555788afa00_0 .net *"_ivl_42", 15 0, L_0x5555788e64c0;  1 drivers
L_0x7f7e37350600 .functor BUFT 1, C4<00000000>, C4<0>, C4<0>, C4<0>;
v0x5555788afae0_0 .net/2u *"_ivl_46", 7 0, L_0x7f7e37350600;  1 drivers
v0x5555788afbc0_0 .net *"_ivl_49", 7 0, L_0x5555788e6710;  1 drivers
v0x5555788afca0_0 .net *"_ivl_50", 15 0, L_0x5555788e6800;  1 drivers
L_0x7f7e37350648 .functor BUFT 1, C4<00000000>, C4<0>, C4<0>, C4<0>;
v0x5555788afd80_0 .net/2u *"_ivl_64", 7 0, L_0x7f7e37350648;  1 drivers
L_0x7f7e37350690 .functor BUFT 1, C4<00000000>, C4<0>, C4<0>, C4<0>;
v0x5555788afe60_0 .net/2u *"_ivl_68", 7 0, L_0x7f7e37350690;  1 drivers
v0x5555788aff40_0 .net *"_ivl_72", 31 0, L_0x5555788e7220;  1 drivers
L_0x7f7e373506d8 .functor BUFT 1, C4<0000000000000000>, C4<0>, C4<0>, C4<0>;
v0x5555788b0020_0 .net *"_ivl_75", 15 0, L_0x7f7e373506d8;  1 drivers
v0x5555788b0100_0 .net *"_ivl_76", 31 0, L_0x5555788e7360;  1 drivers
L_0x7f7e37350720 .functor BUFT 1, C4<00000000>, C4<0>, C4<0>, C4<0>;
v0x5555788b01e0_0 .net *"_ivl_79", 7 0, L_0x7f7e37350720;  1 drivers
v0x5555788b02c0_0 .net *"_ivl_80", 31 0, L_0x5555788e75a0;  1 drivers
v0x5555788b03a0_0 .net *"_ivl_82", 23 0, L_0x5555788e7180;  1 drivers
L_0x7f7e37350768 .functor BUFT 1, C4<00000000>, C4<0>, C4<0>, C4<0>;
v0x5555788b0480_0 .net *"_ivl_84", 7 0, L_0x7f7e37350768;  1 drivers
v0x5555788b0560_0 .net *"_ivl_86", 31 0, L_0x5555788e77a0;  1 drivers
v0x5555788b0640_0 .net *"_ivl_88", 31 0, L_0x5555788e7950;  1 drivers
L_0x7f7e373507b0 .functor BUFT 1, C4<00000000>, C4<0>, C4<0>, C4<0>;
v0x5555788b0720_0 .net *"_ivl_91", 7 0, L_0x7f7e373507b0;  1 drivers
v0x5555788b0800_0 .net *"_ivl_92", 31 0, L_0x5555788e7c50;  1 drivers
v0x5555788b08e0_0 .net *"_ivl_94", 23 0, L_0x5555788e7b60;  1 drivers
L_0x7f7e373507f8 .functor BUFT 1, C4<00000000>, C4<0>, C4<0>, C4<0>;
v0x5555788b09c0_0 .net *"_ivl_96", 7 0, L_0x7f7e373507f8;  1 drivers
v0x5555788b0aa0_0 .net *"_ivl_98", 31 0, L_0x5555788e7e70;  1 drivers
v0x5555788b0b80_0 .net "clock", 0 0, L_0x5555788e5490;  1 drivers
v0x5555788b0c40_0 .net "iA", 15 0, L_0x5555788e5620;  1 drivers
v0x5555788b0d20_0 .net "iB", 15 0, L_0x5555788e56f0;  1 drivers
v0x5555788b0e00_0 .net "iC", 15 0, L_0x5555788e5580;  1 drivers
v0x5555788b0ee0_0 .net "iD", 15 0, L_0x5555788e57f0;  1 drivers
v0x5555788b0fc0_0 .net "iF", 15 0, L_0x5555788e66a0;  1 drivers
v0x5555788b10a0_0 .net "iG", 15 0, L_0x5555788e6e40;  1 drivers
v0x5555788b1180_0 .net "iH", 31 0, L_0x5555788e7840;  1 drivers
v0x5555788b1260_0 .net "iJ", 15 0, L_0x5555788e6c70;  1 drivers
v0x5555788b1340_0 .net "iJ_e", 23 0, L_0x5555788e7040;  1 drivers
v0x5555788b1420_0 .net "iK", 15 0, L_0x5555788e6d30;  1 drivers
v0x5555788b1500_0 .net "iK_e", 23 0, L_0x5555788e6f00;  1 drivers
v0x5555788b15e0_0 .net "iL", 31 0, L_0x5555788e8510;  1 drivers
v0x5555788b16c0_0 .net "iP", 15 0, L_0x5555788e9b30;  1 drivers
v0x5555788b17a0_0 .net "iQ", 15 0, v0x5555788b3130_0;  1 drivers
v0x5555788b1880_0 .net "iR", 15 0, L_0x5555788eb8e0;  1 drivers
v0x5555788b1960_0 .net "iS", 15 0, v0x5555788b3210_0;  1 drivers
v0x5555788b1a40_0 .net "iW", 15 0, L_0x5555788e8700;  1 drivers
v0x5555788b1b20_0 .net "iX", 15 0, L_0x5555788e8770;  1 drivers
v0x5555788b1c00_0 .net "iY", 15 0, L_0x5555788ea080;  1 drivers
v0x5555788b1ce0_0 .net "iZ", 15 0, L_0x5555788ea190;  1 drivers
v0x5555788b1dc0_0 .net "p_Ah_Bh", 15 0, L_0x5555788e6230;  1 drivers
v0x5555788b1ea0_0 .net "p_Ah_Bl", 15 0, L_0x5555788e69c0;  1 drivers
v0x5555788b1f80_0 .net "p_Al_Bh", 15 0, L_0x5555788e65b0;  1 drivers
v0x5555788b2060_0 .net "p_Al_Bl", 15 0, L_0x5555788e6ab0;  1 drivers
v0x5555788b2140_0 .var "rA", 15 0;
v0x5555788b2220_0 .var "rB", 15 0;
v0x5555788b2300_0 .var "rC", 15 0;
v0x5555788b23e0_0 .var "rD", 15 0;
v0x5555788b2cd0_0 .var "rF", 15 0;
v0x5555788b2db0_0 .var "rG", 15 0;
v0x5555788b2e90_0 .var "rH", 31 0;
v0x5555788b2f70_0 .var "rJ", 15 0;
v0x5555788b3050_0 .var "rK", 15 0;
v0x5555788b3130_0 .var "rQ", 15 0;
v0x5555788b3210_0 .var "rS", 15 0;
E_0x5555788ab1c0 .event posedge, v0x5555788accb0_0, v0x5555788b0b80_0;
E_0x5555788ab240 .event posedge, v0x5555788acd70_0, v0x5555788b0b80_0;
E_0x5555788ab2a0 .event posedge, v0x5555788ac5d0_0, v0x5555788b0b80_0;
E_0x5555788ab300 .event posedge, v0x5555788ac690_0, v0x5555788b0b80_0;
L_0x5555788e58f0 .part L_0x5555788e5620, 8, 8;
L_0x5555788e5a10 .concat [ 8 8 0 0], L_0x5555788e58f0, L_0x7f7e37350498;
L_0x5555788e5b50 .part L_0x5555788e5620, 0, 8;
L_0x5555788e5bf0 .concat [ 8 8 0 0], L_0x5555788e5b50, L_0x7f7e373504e0;
L_0x5555788e5d90 .part L_0x5555788e56f0, 8, 8;
L_0x5555788e5e80 .concat [ 8 8 0 0], L_0x5555788e5d90, L_0x7f7e37350528;
L_0x5555788e6000 .part L_0x5555788e56f0, 0, 8;
L_0x5555788e60a0 .concat [ 8 8 0 0], L_0x5555788e6000, L_0x7f7e37350570;
L_0x5555788e6230 .arith/mult 16, L_0x5555788e5a10, L_0x5555788e5e80;
L_0x5555788e6370 .part L_0x5555788e5bf0, 0, 8;
L_0x5555788e64c0 .concat [ 8 8 0 0], L_0x5555788e6370, L_0x7f7e373505b8;
L_0x5555788e65b0 .arith/mult 16, L_0x5555788e64c0, L_0x5555788e5e80;
L_0x5555788e6710 .part L_0x5555788e60a0, 0, 8;
L_0x5555788e6800 .concat [ 8 8 0 0], L_0x5555788e6710, L_0x7f7e37350600;
L_0x5555788e69c0 .arith/mult 16, L_0x5555788e5a10, L_0x5555788e6800;
L_0x5555788e6ab0 .arith/mult 16, L_0x5555788e5bf0, L_0x5555788e60a0;
L_0x5555788e6f00 .concat [ 16 8 0 0], L_0x5555788e6d30, L_0x7f7e37350648;
L_0x5555788e7040 .concat [ 16 8 0 0], L_0x5555788e6c70, L_0x7f7e37350690;
L_0x5555788e7220 .concat [ 16 16 0 0], L_0x5555788e6e40, L_0x7f7e373506d8;
L_0x5555788e7360 .concat [ 24 8 0 0], L_0x5555788e6f00, L_0x7f7e37350720;
L_0x5555788e7180 .part L_0x5555788e7360, 0, 24;
L_0x5555788e75a0 .concat [ 8 24 0 0], L_0x7f7e37350768, L_0x5555788e7180;
L_0x5555788e77a0 .arith/sum 32, L_0x5555788e7220, L_0x5555788e75a0;
L_0x5555788e7950 .concat [ 24 8 0 0], L_0x5555788e7040, L_0x7f7e373507b0;
L_0x5555788e7b60 .part L_0x5555788e7950, 0, 24;
L_0x5555788e7c50 .concat [ 8 24 0 0], L_0x7f7e373507f8, L_0x5555788e7b60;
L_0x5555788e7e70 .arith/sum 32, L_0x5555788e77a0, L_0x5555788e7c50;
L_0x5555788e7fb0 .concat [ 16 16 0 0], L_0x5555788e66a0, L_0x7f7e37350840;
L_0x5555788e81e0 .part L_0x5555788e7fb0, 0, 16;
L_0x5555788e82d0 .concat [ 16 16 0 0], L_0x7f7e37350888, L_0x5555788e81e0;
L_0x5555788e8510 .arith/sum 32, L_0x5555788e7e70, L_0x5555788e82d0;
L_0x5555788e8850 .part L_0x5555788e91b0, 16, 1;
L_0x5555788e8a00 .part L_0x5555788e91b0, 0, 16;
L_0x5555788e8aa0 .concat [ 16 1 0 0], L_0x5555788e8770, L_0x7f7e373508d0;
L_0x5555788e8cb0 .concat [ 16 1 0 0], L_0x5555788e8700, L_0x7f7e37350918;
LS_0x5555788e8df0_0_0 .concat [ 1 1 1 1], o0x7f7e373a2288, o0x7f7e373a2288, o0x7f7e373a2288, o0x7f7e373a2288;
LS_0x5555788e8df0_0_4 .concat [ 1 1 1 1], o0x7f7e373a2288, o0x7f7e373a2288, o0x7f7e373a2288, o0x7f7e373a2288;
LS_0x5555788e8df0_0_8 .concat [ 1 1 1 1], o0x7f7e373a2288, o0x7f7e373a2288, o0x7f7e373a2288, o0x7f7e373a2288;
LS_0x5555788e8df0_0_12 .concat [ 1 1 1 1], o0x7f7e373a2288, o0x7f7e373a2288, o0x7f7e373a2288, o0x7f7e373a2288;
L_0x5555788e8df0 .concat [ 4 4 4 4], LS_0x5555788e8df0_0_0, LS_0x5555788e8df0_0_4, LS_0x5555788e8df0_0_8, LS_0x5555788e8df0_0_12;
L_0x5555788e92e0 .concat [ 16 1 0 0], L_0x5555788e8df0, L_0x7f7e37350960;
L_0x5555788e94e0 .arith/sum 17, L_0x5555788e8aa0, L_0x5555788e93d0;
L_0x5555788e91b0 .arith/sum 17, L_0x5555788e94e0, L_0x7f7e37350be8;
LS_0x5555788e98a0_0_0 .concat [ 1 1 1 1], o0x7f7e373a2288, o0x7f7e373a2288, o0x7f7e373a2288, o0x7f7e373a2288;
LS_0x5555788e98a0_0_4 .concat [ 1 1 1 1], o0x7f7e373a2288, o0x7f7e373a2288, o0x7f7e373a2288, o0x7f7e373a2288;
LS_0x5555788e98a0_0_8 .concat [ 1 1 1 1], o0x7f7e373a2288, o0x7f7e373a2288, o0x7f7e373a2288, o0x7f7e373a2288;
LS_0x5555788e98a0_0_12 .concat [ 1 1 1 1], o0x7f7e373a2288, o0x7f7e373a2288, o0x7f7e373a2288, o0x7f7e373a2288;
L_0x5555788e98a0 .concat [ 4 4 4 4], LS_0x5555788e98a0_0_0, LS_0x5555788e98a0_0_4, LS_0x5555788e98a0_0_8, LS_0x5555788e98a0_0_12;
L_0x5555788e9b30 .functor MUXZ 16, L_0x5555788e87e0, L_0x5555788e5580, o0x7f7e373a2738, C4<>;
L_0x5555788e9e80 .part L_0x5555788e8770, 15, 1;
L_0x5555788ea230 .part L_0x5555788eb100, 16, 1;
L_0x5555788ea330 .part L_0x5555788eb100, 0, 16;
L_0x5555788ea570 .concat [ 16 1 0 0], L_0x5555788ea190, L_0x7f7e373509f0;
L_0x5555788ea6b0 .concat [ 16 1 0 0], L_0x5555788ea080, L_0x7f7e37350a38;
LS_0x5555788ea970_0_0 .concat [ 1 1 1 1], o0x7f7e373a2258, o0x7f7e373a2258, o0x7f7e373a2258, o0x7f7e373a2258;
LS_0x5555788ea970_0_4 .concat [ 1 1 1 1], o0x7f7e373a2258, o0x7f7e373a2258, o0x7f7e373a2258, o0x7f7e373a2258;
LS_0x5555788ea970_0_8 .concat [ 1 1 1 1], o0x7f7e373a2258, o0x7f7e373a2258, o0x7f7e373a2258, o0x7f7e373a2258;
LS_0x5555788ea970_0_12 .concat [ 1 1 1 1], o0x7f7e373a2258, o0x7f7e373a2258, o0x7f7e373a2258, o0x7f7e373a2258;
L_0x5555788ea970 .concat [ 4 4 4 4], LS_0x5555788ea970_0_0, LS_0x5555788ea970_0_4, LS_0x5555788ea970_0_8, LS_0x5555788ea970_0_12;
L_0x5555788eabb0 .concat [ 16 1 0 0], L_0x5555788ea970, L_0x7f7e37350a80;
L_0x5555788ea0f0 .arith/sum 17, L_0x5555788ea570, L_0x5555788eae30;
L_0x5555788eb100 .arith/sum 17, L_0x5555788ea0f0, L_0x7f7e37350c30;
LS_0x5555788eb390_0_0 .concat [ 1 1 1 1], o0x7f7e373a2258, o0x7f7e373a2258, o0x7f7e373a2258, o0x7f7e373a2258;
LS_0x5555788eb390_0_4 .concat [ 1 1 1 1], o0x7f7e373a2258, o0x7f7e373a2258, o0x7f7e373a2258, o0x7f7e373a2258;
LS_0x5555788eb390_0_8 .concat [ 1 1 1 1], o0x7f7e373a2258, o0x7f7e373a2258, o0x7f7e373a2258, o0x7f7e373a2258;
LS_0x5555788eb390_0_12 .concat [ 1 1 1 1], o0x7f7e373a2258, o0x7f7e373a2258, o0x7f7e373a2258, o0x7f7e373a2258;
L_0x5555788eb390 .concat [ 4 4 4 4], LS_0x5555788eb390_0_0, LS_0x5555788eb390_0_4, LS_0x5555788eb390_0_8, LS_0x5555788eb390_0_12;
L_0x5555788eb8e0 .functor MUXZ 16, L_0x5555788eaff0, L_0x5555788e57f0, o0x7f7e373a2708, C4<>;
L_0x5555788ebe10 .concat [ 16 16 0 0], L_0x5555788ebd50, L_0x5555788e9dc0;
S_0x555578834990 .scope module, "SB_PLL40_2F_CORE" "SB_PLL40_2F_CORE" 2 2521;
 .timescale -12 -12;
    .port_info 0 /INPUT 1 "REFERENCECLK";
    .port_info 1 /OUTPUT 1 "PLLOUTCOREA";
    .port_info 2 /OUTPUT 1 "PLLOUTGLOBALA";
    .port_info 3 /OUTPUT 1 "PLLOUTCOREB";
    .port_info 4 /OUTPUT 1 "PLLOUTGLOBALB";
    .port_info 5 /INPUT 1 "EXTFEEDBACK";
    .port_info 6 /INPUT 8 "DYNAMICDELAY";
    .port_info 7 /OUTPUT 1 "LOCK";
    .port_info 8 /INPUT 1 "BYPASS";
    .port_info 9 /INPUT 1 "RESETB";
    .port_info 10 /INPUT 1 "LATCHINPUTVALUE";
    .port_info 11 /OUTPUT 1 "SDO";
    .port_info 12 /INPUT 1 "SDI";
    .port_info 13 /INPUT 1 "SCLK";
P_0x555578650e20 .param/str "DELAY_ADJUSTMENT_MODE_FEEDBACK" 0 2 2538, "FIXED";
P_0x555578650e60 .param/str "DELAY_ADJUSTMENT_MODE_RELATIVE" 0 2 2539, "FIXED";
P_0x555578650ea0 .param/l "DIVF" 0 2 2546, C4<0000000>;
P_0x555578650ee0 .param/l "DIVQ" 0 2 2547, C4<000>;
P_0x555578650f20 .param/l "DIVR" 0 2 2545, C4<0000>;
P_0x555578650f60 .param/l "ENABLE_ICEGATE_PORTA" 0 2 2549, C4<0>;
P_0x555578650fa0 .param/l "ENABLE_ICEGATE_PORTB" 0 2 2550, C4<0>;
P_0x555578650fe0 .param/l "EXTERNAL_DIVIDE_FACTOR" 0 2 2552, +C4<00000000000000000000000000000001>;
P_0x555578651020 .param/l "FDA_FEEDBACK" 0 2 2541, C4<0000>;
P_0x555578651060 .param/l "FDA_RELATIVE" 0 2 2542, C4<0000>;
P_0x5555786510a0 .param/str "FEEDBACK_PATH" 0 2 2537, "SIMPLE";
P_0x5555786510e0 .param/l "FILTER_RANGE" 0 2 2548, C4<000>;
P_0x555578651120 .param/str "PLLOUT_SELECT_PORTA" 0 2 2543, "GENCLK";
P_0x555578651160 .param/str "PLLOUT_SELECT_PORTB" 0 2 2544, "GENCLK";
P_0x5555786511a0 .param/l "SHIFTREG_DIV_MODE" 0 2 2540, C4<0>;
P_0x5555786511e0 .param/l "TEST_MODE" 0 2 2551, C4<0>;
o0x7f7e373a4058 .functor BUFZ 1, C4<z>; HiZ drive
v0x5555788b3730_0 .net "BYPASS", 0 0, o0x7f7e373a4058;  0 drivers
o0x7f7e373a4088 .functor BUFZ 8, C4<zzzzzzzz>; HiZ drive
v0x5555788b3810_0 .net "DYNAMICDELAY", 7 0, o0x7f7e373a4088;  0 drivers
o0x7f7e373a40b8 .functor BUFZ 1, C4<z>; HiZ drive
v0x5555788b38f0_0 .net "EXTFEEDBACK", 0 0, o0x7f7e373a40b8;  0 drivers
o0x7f7e373a40e8 .functor BUFZ 1, C4<z>; HiZ drive
v0x5555788b3990_0 .net "LATCHINPUTVALUE", 0 0, o0x7f7e373a40e8;  0 drivers
o0x7f7e373a4118 .functor BUFZ 1, C4<z>; HiZ drive
v0x5555788b3a50_0 .net "LOCK", 0 0, o0x7f7e373a4118;  0 drivers
o0x7f7e373a4148 .functor BUFZ 1, C4<z>; HiZ drive
v0x5555788b3b10_0 .net "PLLOUTCOREA", 0 0, o0x7f7e373a4148;  0 drivers
o0x7f7e373a4178 .functor BUFZ 1, C4<z>; HiZ drive
v0x5555788b3bd0_0 .net "PLLOUTCOREB", 0 0, o0x7f7e373a4178;  0 drivers
o0x7f7e373a41a8 .functor BUFZ 1, C4<z>; HiZ drive
v0x5555788b3c90_0 .net "PLLOUTGLOBALA", 0 0, o0x7f7e373a41a8;  0 drivers
o0x7f7e373a41d8 .functor BUFZ 1, C4<z>; HiZ drive
v0x5555788b3d50_0 .net "PLLOUTGLOBALB", 0 0, o0x7f7e373a41d8;  0 drivers
o0x7f7e373a4208 .functor BUFZ 1, C4<z>; HiZ drive
v0x5555788b3e10_0 .net "REFERENCECLK", 0 0, o0x7f7e373a4208;  0 drivers
o0x7f7e373a4238 .functor BUFZ 1, C4<z>; HiZ drive
v0x5555788b3ed0_0 .net "RESETB", 0 0, o0x7f7e373a4238;  0 drivers
o0x7f7e373a4268 .functor BUFZ 1, C4<z>; HiZ drive
v0x5555788b3f90_0 .net "SCLK", 0 0, o0x7f7e373a4268;  0 drivers
o0x7f7e373a4298 .functor BUFZ 1, C4<z>; HiZ drive
v0x5555788b4050_0 .net "SDI", 0 0, o0x7f7e373a4298;  0 drivers
o0x7f7e373a42c8 .functor BUFZ 1, C4<z>; HiZ drive
v0x5555788b4110_0 .net "SDO", 0 0, o0x7f7e373a42c8;  0 drivers
S_0x555578816de0 .scope module, "SB_PLL40_2F_PAD" "SB_PLL40_2F_PAD" 2 2556;
 .timescale -12 -12;
    .port_info 0 /INPUT 1 "PACKAGEPIN";
    .port_info 1 /OUTPUT 1 "PLLOUTCOREA";
    .port_info 2 /OUTPUT 1 "PLLOUTGLOBALA";
    .port_info 3 /OUTPUT 1 "PLLOUTCOREB";
    .port_info 4 /OUTPUT 1 "PLLOUTGLOBALB";
    .port_info 5 /INPUT 1 "EXTFEEDBACK";
    .port_info 6 /INPUT 8 "DYNAMICDELAY";
    .port_info 7 /OUTPUT 1 "LOCK";
    .port_info 8 /INPUT 1 "BYPASS";
    .port_info 9 /INPUT 1 "RESETB";
    .port_info 10 /INPUT 1 "LATCHINPUTVALUE";
    .port_info 11 /OUTPUT 1 "SDO";
    .port_info 12 /INPUT 1 "SDI";
    .port_info 13 /INPUT 1 "SCLK";
P_0x555578703ca0 .param/str "DELAY_ADJUSTMENT_MODE_FEEDBACK" 0 2 2573, "FIXED";
P_0x555578703ce0 .param/str "DELAY_ADJUSTMENT_MODE_RELATIVE" 0 2 2574, "FIXED";
P_0x555578703d20 .param/l "DIVF" 0 2 2581, C4<0000000>;
P_0x555578703d60 .param/l "DIVQ" 0 2 2582, C4<000>;
P_0x555578703da0 .param/l "DIVR" 0 2 2580, C4<0000>;
P_0x555578703de0 .param/l "ENABLE_ICEGATE_PORTA" 0 2 2584, C4<0>;
P_0x555578703e20 .param/l "ENABLE_ICEGATE_PORTB" 0 2 2585, C4<0>;
P_0x555578703e60 .param/l "EXTERNAL_DIVIDE_FACTOR" 0 2 2587, +C4<00000000000000000000000000000001>;
P_0x555578703ea0 .param/l "FDA_FEEDBACK" 0 2 2576, C4<0000>;
P_0x555578703ee0 .param/l "FDA_RELATIVE" 0 2 2577, C4<0000>;
P_0x555578703f20 .param/str "FEEDBACK_PATH" 0 2 2572, "SIMPLE";
P_0x555578703f60 .param/l "FILTER_RANGE" 0 2 2583, C4<000>;
P_0x555578703fa0 .param/str "PLLOUT_SELECT_PORTA" 0 2 2578, "GENCLK";
P_0x555578703fe0 .param/str "PLLOUT_SELECT_PORTB" 0 2 2579, "GENCLK";
P_0x555578704020 .param/l "SHIFTREG_DIV_MODE" 0 2 2575, C4<00>;
P_0x555578704060 .param/l "TEST_MODE" 0 2 2586, C4<0>;
o0x7f7e373a4598 .functor BUFZ 1, C4<z>; HiZ drive
v0x5555788b4410_0 .net "BYPASS", 0 0, o0x7f7e373a4598;  0 drivers
o0x7f7e373a45c8 .functor BUFZ 8, C4<zzzzzzzz>; HiZ drive
v0x5555788b44f0_0 .net "DYNAMICDELAY", 7 0, o0x7f7e373a45c8;  0 drivers
o0x7f7e373a45f8 .functor BUFZ 1, C4<z>; HiZ drive
v0x5555788b45d0_0 .net "EXTFEEDBACK", 0 0, o0x7f7e373a45f8;  0 drivers
o0x7f7e373a4628 .functor BUFZ 1, C4<z>; HiZ drive
v0x5555788b4670_0 .net "LATCHINPUTVALUE", 0 0, o0x7f7e373a4628;  0 drivers
o0x7f7e373a4658 .functor BUFZ 1, C4<z>; HiZ drive
v0x5555788b4730_0 .net "LOCK", 0 0, o0x7f7e373a4658;  0 drivers
o0x7f7e373a4688 .functor BUFZ 1, C4<z>; HiZ drive
v0x5555788b47f0_0 .net "PACKAGEPIN", 0 0, o0x7f7e373a4688;  0 drivers
o0x7f7e373a46b8 .functor BUFZ 1, C4<z>; HiZ drive
v0x5555788b48b0_0 .net "PLLOUTCOREA", 0 0, o0x7f7e373a46b8;  0 drivers
o0x7f7e373a46e8 .functor BUFZ 1, C4<z>; HiZ drive
v0x5555788b4970_0 .net "PLLOUTCOREB", 0 0, o0x7f7e373a46e8;  0 drivers
o0x7f7e373a4718 .functor BUFZ 1, C4<z>; HiZ drive
v0x5555788b4a30_0 .net "PLLOUTGLOBALA", 0 0, o0x7f7e373a4718;  0 drivers
o0x7f7e373a4748 .functor BUFZ 1, C4<z>; HiZ drive
v0x5555788b4b80_0 .net "PLLOUTGLOBALB", 0 0, o0x7f7e373a4748;  0 drivers
o0x7f7e373a4778 .functor BUFZ 1, C4<z>; HiZ drive
v0x5555788b4c40_0 .net "RESETB", 0 0, o0x7f7e373a4778;  0 drivers
o0x7f7e373a47a8 .functor BUFZ 1, C4<z>; HiZ drive
v0x5555788b4d00_0 .net "SCLK", 0 0, o0x7f7e373a47a8;  0 drivers
o0x7f7e373a47d8 .functor BUFZ 1, C4<z>; HiZ drive
v0x5555788b4dc0_0 .net "SDI", 0 0, o0x7f7e373a47d8;  0 drivers
o0x7f7e373a4808 .functor BUFZ 1, C4<z>; HiZ drive
v0x5555788b4e80_0 .net "SDO", 0 0, o0x7f7e373a4808;  0 drivers
S_0x555578812f30 .scope module, "SB_PLL40_2_PAD" "SB_PLL40_2_PAD" 2 2487;
 .timescale -12 -12;
    .port_info 0 /INPUT 1 "PACKAGEPIN";
    .port_info 1 /OUTPUT 1 "PLLOUTCOREA";
    .port_info 2 /OUTPUT 1 "PLLOUTGLOBALA";
    .port_info 3 /OUTPUT 1 "PLLOUTCOREB";
    .port_info 4 /OUTPUT 1 "PLLOUTGLOBALB";
    .port_info 5 /INPUT 1 "EXTFEEDBACK";
    .port_info 6 /INPUT 8 "DYNAMICDELAY";
    .port_info 7 /OUTPUT 1 "LOCK";
    .port_info 8 /INPUT 1 "BYPASS";
    .port_info 9 /INPUT 1 "RESETB";
    .port_info 10 /INPUT 1 "LATCHINPUTVALUE";
    .port_info 11 /OUTPUT 1 "SDO";
    .port_info 12 /INPUT 1 "SDI";
    .port_info 13 /INPUT 1 "SCLK";
P_0x55557870fa20 .param/str "DELAY_ADJUSTMENT_MODE_FEEDBACK" 0 2 2504, "FIXED";
P_0x55557870fa60 .param/str "DELAY_ADJUSTMENT_MODE_RELATIVE" 0 2 2505, "FIXED";
P_0x55557870faa0 .param/l "DIVF" 0 2 2511, C4<0000000>;
P_0x55557870fae0 .param/l "DIVQ" 0 2 2512, C4<000>;
P_0x55557870fb20 .param/l "DIVR" 0 2 2510, C4<0000>;
P_0x55557870fb60 .param/l "ENABLE_ICEGATE_PORTA" 0 2 2514, C4<0>;
P_0x55557870fba0 .param/l "ENABLE_ICEGATE_PORTB" 0 2 2515, C4<0>;
P_0x55557870fbe0 .param/l "EXTERNAL_DIVIDE_FACTOR" 0 2 2517, +C4<00000000000000000000000000000001>;
P_0x55557870fc20 .param/l "FDA_FEEDBACK" 0 2 2507, C4<0000>;
P_0x55557870fc60 .param/l "FDA_RELATIVE" 0 2 2508, C4<0000>;
P_0x55557870fca0 .param/str "FEEDBACK_PATH" 0 2 2503, "SIMPLE";
P_0x55557870fce0 .param/l "FILTER_RANGE" 0 2 2513, C4<000>;
P_0x55557870fd20 .param/str "PLLOUT_SELECT_PORTB" 0 2 2509, "GENCLK";
P_0x55557870fd60 .param/l "SHIFTREG_DIV_MODE" 0 2 2506, C4<0>;
P_0x55557870fda0 .param/l "TEST_MODE" 0 2 2516, C4<0>;
o0x7f7e373a4ad8 .functor BUFZ 1, C4<z>; HiZ drive
v0x5555788b5100_0 .net "BYPASS", 0 0, o0x7f7e373a4ad8;  0 drivers
o0x7f7e373a4b08 .functor BUFZ 8, C4<zzzzzzzz>; HiZ drive
v0x5555788b51e0_0 .net "DYNAMICDELAY", 7 0, o0x7f7e373a4b08;  0 drivers
o0x7f7e373a4b38 .functor BUFZ 1, C4<z>; HiZ drive
v0x5555788b52c0_0 .net "EXTFEEDBACK", 0 0, o0x7f7e373a4b38;  0 drivers
o0x7f7e373a4b68 .functor BUFZ 1, C4<z>; HiZ drive
v0x5555788b5360_0 .net "LATCHINPUTVALUE", 0 0, o0x7f7e373a4b68;  0 drivers
o0x7f7e373a4b98 .functor BUFZ 1, C4<z>; HiZ drive
v0x5555788b5420_0 .net "LOCK", 0 0, o0x7f7e373a4b98;  0 drivers
o0x7f7e373a4bc8 .functor BUFZ 1, C4<z>; HiZ drive
v0x5555788b54e0_0 .net "PACKAGEPIN", 0 0, o0x7f7e373a4bc8;  0 drivers
o0x7f7e373a4bf8 .functor BUFZ 1, C4<z>; HiZ drive
v0x5555788b55a0_0 .net "PLLOUTCOREA", 0 0, o0x7f7e373a4bf8;  0 drivers
o0x7f7e373a4c28 .functor BUFZ 1, C4<z>; HiZ drive
v0x5555788b5660_0 .net "PLLOUTCOREB", 0 0, o0x7f7e373a4c28;  0 drivers
o0x7f7e373a4c58 .functor BUFZ 1, C4<z>; HiZ drive
v0x5555788b5720_0 .net "PLLOUTGLOBALA", 0 0, o0x7f7e373a4c58;  0 drivers
o0x7f7e373a4c88 .functor BUFZ 1, C4<z>; HiZ drive
v0x5555788b5870_0 .net "PLLOUTGLOBALB", 0 0, o0x7f7e373a4c88;  0 drivers
o0x7f7e373a4cb8 .functor BUFZ 1, C4<z>; HiZ drive
v0x5555788b5930_0 .net "RESETB", 0 0, o0x7f7e373a4cb8;  0 drivers
o0x7f7e373a4ce8 .functor BUFZ 1, C4<z>; HiZ drive
v0x5555788b59f0_0 .net "SCLK", 0 0, o0x7f7e373a4ce8;  0 drivers
o0x7f7e373a4d18 .functor BUFZ 1, C4<z>; HiZ drive
v0x5555788b5ab0_0 .net "SDI", 0 0, o0x7f7e373a4d18;  0 drivers
o0x7f7e373a4d48 .functor BUFZ 1, C4<z>; HiZ drive
v0x5555788b5b70_0 .net "SDO", 0 0, o0x7f7e373a4d48;  0 drivers
S_0x55557880f250 .scope module, "SB_PLL40_CORE" "SB_PLL40_CORE" 2 2425;
 .timescale -12 -12;
    .port_info 0 /INPUT 1 "REFERENCECLK";
    .port_info 1 /OUTPUT 1 "PLLOUTCORE";
    .port_info 2 /OUTPUT 1 "PLLOUTGLOBAL";
    .port_info 3 /INPUT 1 "EXTFEEDBACK";
    .port_info 4 /INPUT 8 "DYNAMICDELAY";
    .port_info 5 /OUTPUT 1 "LOCK";
    .port_info 6 /INPUT 1 "BYPASS";
    .port_info 7 /INPUT 1 "RESETB";
    .port_info 8 /INPUT 1 "LATCHINPUTVALUE";
    .port_info 9 /OUTPUT 1 "SDO";
    .port_info 10 /INPUT 1 "SDI";
    .port_info 11 /INPUT 1 "SCLK";
P_0x55557871afb0 .param/str "DELAY_ADJUSTMENT_MODE_FEEDBACK" 0 2 2440, "FIXED";
P_0x55557871aff0 .param/str "DELAY_ADJUSTMENT_MODE_RELATIVE" 0 2 2441, "FIXED";
P_0x55557871b030 .param/l "DIVF" 0 2 2447, C4<0000000>;
P_0x55557871b070 .param/l "DIVQ" 0 2 2448, C4<000>;
P_0x55557871b0b0 .param/l "DIVR" 0 2 2446, C4<0000>;
P_0x55557871b0f0 .param/l "ENABLE_ICEGATE" 0 2 2450, C4<0>;
P_0x55557871b130 .param/l "EXTERNAL_DIVIDE_FACTOR" 0 2 2452, +C4<00000000000000000000000000000001>;
P_0x55557871b170 .param/l "FDA_FEEDBACK" 0 2 2443, C4<0000>;
P_0x55557871b1b0 .param/l "FDA_RELATIVE" 0 2 2444, C4<0000>;
P_0x55557871b1f0 .param/str "FEEDBACK_PATH" 0 2 2439, "SIMPLE";
P_0x55557871b230 .param/l "FILTER_RANGE" 0 2 2449, C4<000>;
P_0x55557871b270 .param/str "PLLOUT_SELECT" 0 2 2445, "GENCLK";
P_0x55557871b2b0 .param/l "SHIFTREG_DIV_MODE" 0 2 2442, C4<0>;
P_0x55557871b2f0 .param/l "TEST_MODE" 0 2 2451, C4<0>;
o0x7f7e373a5018 .functor BUFZ 1, C4<z>; HiZ drive
v0x5555788b5df0_0 .net "BYPASS", 0 0, o0x7f7e373a5018;  0 drivers
o0x7f7e373a5048 .functor BUFZ 8, C4<zzzzzzzz>; HiZ drive
v0x5555788b5ed0_0 .net "DYNAMICDELAY", 7 0, o0x7f7e373a5048;  0 drivers
o0x7f7e373a5078 .functor BUFZ 1, C4<z>; HiZ drive
v0x5555788b5fb0_0 .net "EXTFEEDBACK", 0 0, o0x7f7e373a5078;  0 drivers
o0x7f7e373a50a8 .functor BUFZ 1, C4<z>; HiZ drive
v0x5555788b6050_0 .net "LATCHINPUTVALUE", 0 0, o0x7f7e373a50a8;  0 drivers
o0x7f7e373a50d8 .functor BUFZ 1, C4<z>; HiZ drive
v0x5555788b6110_0 .net "LOCK", 0 0, o0x7f7e373a50d8;  0 drivers
o0x7f7e373a5108 .functor BUFZ 1, C4<z>; HiZ drive
v0x5555788b61d0_0 .net "PLLOUTCORE", 0 0, o0x7f7e373a5108;  0 drivers
o0x7f7e373a5138 .functor BUFZ 1, C4<z>; HiZ drive
v0x5555788b6290_0 .net "PLLOUTGLOBAL", 0 0, o0x7f7e373a5138;  0 drivers
o0x7f7e373a5168 .functor BUFZ 1, C4<z>; HiZ drive
v0x5555788b6350_0 .net "REFERENCECLK", 0 0, o0x7f7e373a5168;  0 drivers
o0x7f7e373a5198 .functor BUFZ 1, C4<z>; HiZ drive
v0x5555788b6410_0 .net "RESETB", 0 0, o0x7f7e373a5198;  0 drivers
o0x7f7e373a51c8 .functor BUFZ 1, C4<z>; HiZ drive
v0x5555788b6560_0 .net "SCLK", 0 0, o0x7f7e373a51c8;  0 drivers
o0x7f7e373a51f8 .functor BUFZ 1, C4<z>; HiZ drive
v0x5555788b6620_0 .net "SDI", 0 0, o0x7f7e373a51f8;  0 drivers
o0x7f7e373a5228 .functor BUFZ 1, C4<z>; HiZ drive
v0x5555788b66e0_0 .net "SDO", 0 0, o0x7f7e373a5228;  0 drivers
S_0x55557881b2d0 .scope module, "SB_PLL40_PAD" "SB_PLL40_PAD" 2 2456;
 .timescale -12 -12;
    .port_info 0 /INPUT 1 "PACKAGEPIN";
    .port_info 1 /OUTPUT 1 "PLLOUTCORE";
    .port_info 2 /OUTPUT 1 "PLLOUTGLOBAL";
    .port_info 3 /INPUT 1 "EXTFEEDBACK";
    .port_info 4 /INPUT 8 "DYNAMICDELAY";
    .port_info 5 /OUTPUT 1 "LOCK";
    .port_info 6 /INPUT 1 "BYPASS";
    .port_info 7 /INPUT 1 "RESETB";
    .port_info 8 /INPUT 1 "LATCHINPUTVALUE";
    .port_info 9 /OUTPUT 1 "SDO";
    .port_info 10 /INPUT 1 "SDI";
    .port_info 11 /INPUT 1 "SCLK";
P_0x555578676e90 .param/str "DELAY_ADJUSTMENT_MODE_FEEDBACK" 0 2 2471, "FIXED";
P_0x555578676ed0 .param/str "DELAY_ADJUSTMENT_MODE_RELATIVE" 0 2 2472, "FIXED";
P_0x555578676f10 .param/l "DIVF" 0 2 2478, C4<0000000>;
P_0x555578676f50 .param/l "DIVQ" 0 2 2479, C4<000>;
P_0x555578676f90 .param/l "DIVR" 0 2 2477, C4<0000>;
P_0x555578676fd0 .param/l "ENABLE_ICEGATE" 0 2 2481, C4<0>;
P_0x555578677010 .param/l "EXTERNAL_DIVIDE_FACTOR" 0 2 2483, +C4<00000000000000000000000000000001>;
P_0x555578677050 .param/l "FDA_FEEDBACK" 0 2 2474, C4<0000>;
P_0x555578677090 .param/l "FDA_RELATIVE" 0 2 2475, C4<0000>;
P_0x5555786770d0 .param/str "FEEDBACK_PATH" 0 2 2470, "SIMPLE";
P_0x555578677110 .param/l "FILTER_RANGE" 0 2 2480, C4<000>;
P_0x555578677150 .param/str "PLLOUT_SELECT" 0 2 2476, "GENCLK";
P_0x555578677190 .param/l "SHIFTREG_DIV_MODE" 0 2 2473, C4<0>;
P_0x5555786771d0 .param/l "TEST_MODE" 0 2 2482, C4<0>;
o0x7f7e373a5498 .functor BUFZ 1, C4<z>; HiZ drive
v0x5555788b6920_0 .net "BYPASS", 0 0, o0x7f7e373a5498;  0 drivers
o0x7f7e373a54c8 .functor BUFZ 8, C4<zzzzzzzz>; HiZ drive
v0x5555788b6a00_0 .net "DYNAMICDELAY", 7 0, o0x7f7e373a54c8;  0 drivers
o0x7f7e373a54f8 .functor BUFZ 1, C4<z>; HiZ drive
v0x5555788b6ae0_0 .net "EXTFEEDBACK", 0 0, o0x7f7e373a54f8;  0 drivers
o0x7f7e373a5528 .functor BUFZ 1, C4<z>; HiZ drive
v0x5555788b6b80_0 .net "LATCHINPUTVALUE", 0 0, o0x7f7e373a5528;  0 drivers
o0x7f7e373a5558 .functor BUFZ 1, C4<z>; HiZ drive
v0x5555788b6c40_0 .net "LOCK", 0 0, o0x7f7e373a5558;  0 drivers
o0x7f7e373a5588 .functor BUFZ 1, C4<z>; HiZ drive
v0x5555788b6d00_0 .net "PACKAGEPIN", 0 0, o0x7f7e373a5588;  0 drivers
o0x7f7e373a55b8 .functor BUFZ 1, C4<z>; HiZ drive
v0x5555788b6dc0_0 .net "PLLOUTCORE", 0 0, o0x7f7e373a55b8;  0 drivers
o0x7f7e373a55e8 .functor BUFZ 1, C4<z>; HiZ drive
v0x5555788b6e80_0 .net "PLLOUTGLOBAL", 0 0, o0x7f7e373a55e8;  0 drivers
o0x7f7e373a5618 .functor BUFZ 1, C4<z>; HiZ drive
v0x5555788b6f40_0 .net "RESETB", 0 0, o0x7f7e373a5618;  0 drivers
o0x7f7e373a5648 .functor BUFZ 1, C4<z>; HiZ drive
v0x5555788b7090_0 .net "SCLK", 0 0, o0x7f7e373a5648;  0 drivers
o0x7f7e373a5678 .functor BUFZ 1, C4<z>; HiZ drive
v0x5555788b7150_0 .net "SDI", 0 0, o0x7f7e373a5678;  0 drivers
o0x7f7e373a56a8 .functor BUFZ 1, C4<z>; HiZ drive
v0x5555788b7210_0 .net "SDO", 0 0, o0x7f7e373a56a8;  0 drivers
S_0x5555787f97e0 .scope module, "SB_RAM40_4KNR" "SB_RAM40_4KNR" 2 1726;
 .timescale -12 -12;
    .port_info 0 /OUTPUT 16 "RDATA";
    .port_info 1 /INPUT 1 "RCLKN";
    .port_info 2 /INPUT 1 "RCLKE";
    .port_info 3 /INPUT 1 "RE";
    .port_info 4 /INPUT 11 "RADDR";
    .port_info 5 /INPUT 1 "WCLK";
    .port_info 6 /INPUT 1 "WCLKE";
    .port_info 7 /INPUT 1 "WE";
    .port_info 8 /INPUT 11 "WADDR";
    .port_info 9 /INPUT 16 "MASK";
    .port_info 10 /INPUT 16 "WDATA";
P_0x55557875e280 .param/l "INIT_0" 0 2 1742, C4<0000000000000000000000000000000000000000000000000000000000000000000000000000000000000000000000000000000000000000000000000000000000000000000000000000000000000000000000000000000000000000000000000000000000000000000000000000000000000000000000000000000000000000>;
P_0x55557875e2c0 .param/l "INIT_1" 0 2 1743, C4<0000000000000000000000000000000000000000000000000000000000000000000000000000000000000000000000000000000000000000000000000000000000000000000000000000000000000000000000000000000000000000000000000000000000000000000000000000000000000000000000000000000000000000>;
P_0x55557875e300 .param/l "INIT_2" 0 2 1744, C4<0000000000000000000000000000000000000000000000000000000000000000000000000000000000000000000000000000000000000000000000000000000000000000000000000000000000000000000000000000000000000000000000000000000000000000000000000000000000000000000000000000000000000000>;
P_0x55557875e340 .param/l "INIT_3" 0 2 1745, C4<0000000000000000000000000000000000000000000000000000000000000000000000000000000000000000000000000000000000000000000000000000000000000000000000000000000000000000000000000000000000000000000000000000000000000000000000000000000000000000000000000000000000000000>;
P_0x55557875e380 .param/l "INIT_4" 0 2 1746, C4<0000000000000000000000000000000000000000000000000000000000000000000000000000000000000000000000000000000000000000000000000000000000000000000000000000000000000000000000000000000000000000000000000000000000000000000000000000000000000000000000000000000000000000>;
P_0x55557875e3c0 .param/l "INIT_5" 0 2 1747, C4<0000000000000000000000000000000000000000000000000000000000000000000000000000000000000000000000000000000000000000000000000000000000000000000000000000000000000000000000000000000000000000000000000000000000000000000000000000000000000000000000000000000000000000>;
P_0x55557875e400 .param/l "INIT_6" 0 2 1748, C4<0000000000000000000000000000000000000000000000000000000000000000000000000000000000000000000000000000000000000000000000000000000000000000000000000000000000000000000000000000000000000000000000000000000000000000000000000000000000000000000000000000000000000000>;
P_0x55557875e440 .param/l "INIT_7" 0 2 1749, C4<0000000000000000000000000000000000000000000000000000000000000000000000000000000000000000000000000000000000000000000000000000000000000000000000000000000000000000000000000000000000000000000000000000000000000000000000000000000000000000000000000000000000000000>;
P_0x55557875e480 .param/l "INIT_8" 0 2 1750, C4<0000000000000000000000000000000000000000000000000000000000000000000000000000000000000000000000000000000000000000000000000000000000000000000000000000000000000000000000000000000000000000000000000000000000000000000000000000000000000000000000000000000000000000>;
P_0x55557875e4c0 .param/l "INIT_9" 0 2 1751, C4<0000000000000000000000000000000000000000000000000000000000000000000000000000000000000000000000000000000000000000000000000000000000000000000000000000000000000000000000000000000000000000000000000000000000000000000000000000000000000000000000000000000000000000>;
P_0x55557875e500 .param/l "INIT_A" 0 2 1752, C4<0000000000000000000000000000000000000000000000000000000000000000000000000000000000000000000000000000000000000000000000000000000000000000000000000000000000000000000000000000000000000000000000000000000000000000000000000000000000000000000000000000000000000000>;
P_0x55557875e540 .param/l "INIT_B" 0 2 1753, C4<0000000000000000000000000000000000000000000000000000000000000000000000000000000000000000000000000000000000000000000000000000000000000000000000000000000000000000000000000000000000000000000000000000000000000000000000000000000000000000000000000000000000000000>;
P_0x55557875e580 .param/l "INIT_C" 0 2 1754, C4<0000000000000000000000000000000000000000000000000000000000000000000000000000000000000000000000000000000000000000000000000000000000000000000000000000000000000000000000000000000000000000000000000000000000000000000000000000000000000000000000000000000000000000>;
P_0x55557875e5c0 .param/l "INIT_D" 0 2 1755, C4<0000000000000000000000000000000000000000000000000000000000000000000000000000000000000000000000000000000000000000000000000000000000000000000000000000000000000000000000000000000000000000000000000000000000000000000000000000000000000000000000000000000000000000>;
P_0x55557875e600 .param/l "INIT_E" 0 2 1756, C4<0000000000000000000000000000000000000000000000000000000000000000000000000000000000000000000000000000000000000000000000000000000000000000000000000000000000000000000000000000000000000000000000000000000000000000000000000000000000000000000000000000000000000000>;
P_0x55557875e640 .param/l "INIT_F" 0 2 1757, C4<0000000000000000000000000000000000000000000000000000000000000000000000000000000000000000000000000000000000000000000000000000000000000000000000000000000000000000000000000000000000000000000000000000000000000000000000000000000000000000000000000000000000000000>;
P_0x55557875e680 .param/str "INIT_FILE" 0 2 1759, "\000";
P_0x55557875e6c0 .param/l "READ_MODE" 0 2 1740, +C4<00000000000000000000000000000000>;
P_0x55557875e700 .param/l "WRITE_MODE" 0 2 1739, +C4<00000000000000000000000000000000>;
o0x7f7e373a5e28 .functor BUFZ 1, C4<z>; HiZ drive
L_0x5555788ec190 .functor NOT 1, o0x7f7e373a5e28, C4<0>, C4<0>, C4<0>;
o0x7f7e373a5918 .functor BUFZ 16, C4<zzzzzzzzzzzzzzzz>; HiZ drive
v0x5555788bace0_0 .net "MASK", 15 0, o0x7f7e373a5918;  0 drivers
o0x7f7e373a5948 .functor BUFZ 11, C4<zzzzzzzzzzz>; HiZ drive
v0x5555788badc0_0 .net "RADDR", 10 0, o0x7f7e373a5948;  0 drivers
o0x7f7e373a59a8 .functor BUFZ 1, C4<z>; HiZ drive
v0x5555788bae90_0 .net "RCLKE", 0 0, o0x7f7e373a59a8;  0 drivers
v0x5555788baf90_0 .net "RCLKN", 0 0, o0x7f7e373a5e28;  0 drivers
v0x5555788bb030_0 .net "RDATA", 15 0, L_0x5555788ec0d0;  1 drivers
o0x7f7e373a5a38 .functor BUFZ 1, C4<z>; HiZ drive
v0x5555788bb0d0_0 .net "RE", 0 0, o0x7f7e373a5a38;  0 drivers
o0x7f7e373a5a98 .functor BUFZ 11, C4<zzzzzzzzzzz>; HiZ drive
v0x5555788bb1a0_0 .net "WADDR", 10 0, o0x7f7e373a5a98;  0 drivers
o0x7f7e373a5ac8 .functor BUFZ 1, C4<z>; HiZ drive
v0x5555788bb270_0 .net "WCLK", 0 0, o0x7f7e373a5ac8;  0 drivers
o0x7f7e373a5af8 .functor BUFZ 1, C4<z>; HiZ drive
v0x5555788bb340_0 .net "WCLKE", 0 0, o0x7f7e373a5af8;  0 drivers
o0x7f7e373a5b28 .functor BUFZ 16, C4<zzzzzzzzzzzzzzzz>; HiZ drive
v0x5555788bb410_0 .net "WDATA", 15 0, o0x7f7e373a5b28;  0 drivers
o0x7f7e373a5b88 .functor BUFZ 1, C4<z>; HiZ drive
v0x5555788bb4e0_0 .net "WE", 0 0, o0x7f7e373a5b88;  0 drivers
S_0x5555788b7450 .scope module, "RAM" "SB_RAM40_4K" 2 1781, 2 1487 0, S_0x5555787f97e0;
 .timescale -12 -12;
    .port_info 0 /OUTPUT 16 "RDATA";
    .port_info 1 /INPUT 1 "RCLK";
    .port_info 2 /INPUT 1 "RCLKE";
    .port_info 3 /INPUT 1 "RE";
    .port_info 4 /INPUT 11 "RADDR";
    .port_info 5 /INPUT 1 "WCLK";
    .port_info 6 /INPUT 1 "WCLKE";
    .port_info 7 /INPUT 1 "WE";
    .port_info 8 /INPUT 11 "WADDR";
    .port_info 9 /INPUT 16 "MASK";
    .port_info 10 /INPUT 16 "WDATA";
P_0x5555788b7600 .param/l "INIT_0" 0 2 1507, C4<0000000000000000000000000000000000000000000000000000000000000000000000000000000000000000000000000000000000000000000000000000000000000000000000000000000000000000000000000000000000000000000000000000000000000000000000000000000000000000000000000000000000000000>;
P_0x5555788b7640 .param/l "INIT_1" 0 2 1508, C4<0000000000000000000000000000000000000000000000000000000000000000000000000000000000000000000000000000000000000000000000000000000000000000000000000000000000000000000000000000000000000000000000000000000000000000000000000000000000000000000000000000000000000000>;
P_0x5555788b7680 .param/l "INIT_2" 0 2 1509, C4<0000000000000000000000000000000000000000000000000000000000000000000000000000000000000000000000000000000000000000000000000000000000000000000000000000000000000000000000000000000000000000000000000000000000000000000000000000000000000000000000000000000000000000>;
P_0x5555788b76c0 .param/l "INIT_3" 0 2 1510, C4<0000000000000000000000000000000000000000000000000000000000000000000000000000000000000000000000000000000000000000000000000000000000000000000000000000000000000000000000000000000000000000000000000000000000000000000000000000000000000000000000000000000000000000>;
P_0x5555788b7700 .param/l "INIT_4" 0 2 1511, C4<0000000000000000000000000000000000000000000000000000000000000000000000000000000000000000000000000000000000000000000000000000000000000000000000000000000000000000000000000000000000000000000000000000000000000000000000000000000000000000000000000000000000000000>;
P_0x5555788b7740 .param/l "INIT_5" 0 2 1512, C4<0000000000000000000000000000000000000000000000000000000000000000000000000000000000000000000000000000000000000000000000000000000000000000000000000000000000000000000000000000000000000000000000000000000000000000000000000000000000000000000000000000000000000000>;
P_0x5555788b7780 .param/l "INIT_6" 0 2 1513, C4<0000000000000000000000000000000000000000000000000000000000000000000000000000000000000000000000000000000000000000000000000000000000000000000000000000000000000000000000000000000000000000000000000000000000000000000000000000000000000000000000000000000000000000>;
P_0x5555788b77c0 .param/l "INIT_7" 0 2 1514, C4<0000000000000000000000000000000000000000000000000000000000000000000000000000000000000000000000000000000000000000000000000000000000000000000000000000000000000000000000000000000000000000000000000000000000000000000000000000000000000000000000000000000000000000>;
P_0x5555788b7800 .param/l "INIT_8" 0 2 1515, C4<0000000000000000000000000000000000000000000000000000000000000000000000000000000000000000000000000000000000000000000000000000000000000000000000000000000000000000000000000000000000000000000000000000000000000000000000000000000000000000000000000000000000000000>;
P_0x5555788b7840 .param/l "INIT_9" 0 2 1516, C4<0000000000000000000000000000000000000000000000000000000000000000000000000000000000000000000000000000000000000000000000000000000000000000000000000000000000000000000000000000000000000000000000000000000000000000000000000000000000000000000000000000000000000000>;
P_0x5555788b7880 .param/l "INIT_A" 0 2 1517, C4<0000000000000000000000000000000000000000000000000000000000000000000000000000000000000000000000000000000000000000000000000000000000000000000000000000000000000000000000000000000000000000000000000000000000000000000000000000000000000000000000000000000000000000>;
P_0x5555788b78c0 .param/l "INIT_B" 0 2 1518, C4<0000000000000000000000000000000000000000000000000000000000000000000000000000000000000000000000000000000000000000000000000000000000000000000000000000000000000000000000000000000000000000000000000000000000000000000000000000000000000000000000000000000000000000>;
P_0x5555788b7900 .param/l "INIT_C" 0 2 1519, C4<0000000000000000000000000000000000000000000000000000000000000000000000000000000000000000000000000000000000000000000000000000000000000000000000000000000000000000000000000000000000000000000000000000000000000000000000000000000000000000000000000000000000000000>;
P_0x5555788b7940 .param/l "INIT_D" 0 2 1520, C4<0000000000000000000000000000000000000000000000000000000000000000000000000000000000000000000000000000000000000000000000000000000000000000000000000000000000000000000000000000000000000000000000000000000000000000000000000000000000000000000000000000000000000000>;
P_0x5555788b7980 .param/l "INIT_E" 0 2 1521, C4<0000000000000000000000000000000000000000000000000000000000000000000000000000000000000000000000000000000000000000000000000000000000000000000000000000000000000000000000000000000000000000000000000000000000000000000000000000000000000000000000000000000000000000>;
P_0x5555788b79c0 .param/l "INIT_F" 0 2 1522, C4<0000000000000000000000000000000000000000000000000000000000000000000000000000000000000000000000000000000000000000000000000000000000000000000000000000000000000000000000000000000000000000000000000000000000000000000000000000000000000000000000000000000000000000>;
P_0x5555788b7a00 .param/str "INIT_FILE" 0 2 1524, "\000";
P_0x5555788b7a40 .param/l "READ_MODE" 0 2 1505, +C4<00000000000000000000000000000000>;
P_0x5555788b7a80 .param/l "WRITE_MODE" 0 2 1504, +C4<00000000000000000000000000000000>;
v0x5555788b9bd0_0 .net "MASK", 15 0, o0x7f7e373a5918;  alias, 0 drivers
v0x5555788b9c90_0 .net "RADDR", 10 0, o0x7f7e373a5948;  alias, 0 drivers
v0x5555788b9d70_0 .net "RCLK", 0 0, L_0x5555788ec190;  1 drivers
v0x5555788b9e40_0 .net "RCLKE", 0 0, o0x7f7e373a59a8;  alias, 0 drivers
v0x5555788b9f00_0 .net "RDATA", 15 0, L_0x5555788ec0d0;  alias, 1 drivers
v0x5555788ba030_0 .var "RDATA_I", 15 0;
v0x5555788ba110_0 .net "RE", 0 0, o0x7f7e373a5a38;  alias, 0 drivers
L_0x7f7e37350b10 .functor BUFT 1, C4<0000000000000000>, C4<0>, C4<0>, C4<0>;
v0x5555788ba1d0_0 .net "RMASK_I", 15 0, L_0x7f7e37350b10;  1 drivers
v0x5555788ba2b0_0 .net "WADDR", 10 0, o0x7f7e373a5a98;  alias, 0 drivers
v0x5555788ba390_0 .net "WCLK", 0 0, o0x7f7e373a5ac8;  alias, 0 drivers
v0x5555788ba450_0 .net "WCLKE", 0 0, o0x7f7e373a5af8;  alias, 0 drivers
v0x5555788ba510_0 .net "WDATA", 15 0, o0x7f7e373a5b28;  alias, 0 drivers
v0x5555788ba5f0_0 .net "WDATA_I", 15 0, L_0x5555788ec010;  1 drivers
v0x5555788ba6d0_0 .net "WE", 0 0, o0x7f7e373a5b88;  alias, 0 drivers
v0x5555788ba790_0 .net "WMASK_I", 15 0, L_0x5555788ebf50;  1 drivers
v0x5555788ba870_0 .var/i "i", 31 0;
v0x5555788ba950 .array "memory", 255 0, 15 0;
E_0x5555788b9300 .event posedge, v0x5555788b9d70_0;
E_0x5555788b9380 .event posedge, v0x5555788ba390_0;
S_0x5555788b93e0 .scope generate, "genblk1" "genblk1" 2 1534, 2 1534 0, S_0x5555788b7450;
 .timescale -12 -12;
L_0x5555788ebf50 .functor BUFZ 16, o0x7f7e373a5918, C4<0000000000000000>, C4<0000000000000000>, C4<0000000000000000>;
S_0x5555788b95e0 .scope generate, "genblk2" "genblk2" 2 1555, 2 1555 0, S_0x5555788b7450;
 .timescale -12 -12;
S_0x5555788b97e0 .scope generate, "genblk3" "genblk3" 2 1576, 2 1576 0, S_0x5555788b7450;
 .timescale -12 -12;
L_0x5555788ec010 .functor BUFZ 16, o0x7f7e373a5b28, C4<0000000000000000>, C4<0000000000000000>, C4<0000000000000000>;
S_0x5555788b99f0 .scope generate, "genblk4" "genblk4" 2 1595, 2 1595 0, S_0x5555788b7450;
 .timescale -12 -12;
L_0x5555788ec0d0 .functor BUFZ 16, v0x5555788ba030_0, C4<0000000000000000>, C4<0000000000000000>, C4<0000000000000000>;
S_0x55557883c680 .scope module, "SB_RAM40_4KNRNW" "SB_RAM40_4KNRNW" 2 1998;
 .timescale -12 -12;
    .port_info 0 /OUTPUT 16 "RDATA";
    .port_info 1 /INPUT 1 "RCLKN";
    .port_info 2 /INPUT 1 "RCLKE";
    .port_info 3 /INPUT 1 "RE";
    .port_info 4 /INPUT 11 "RADDR";
    .port_info 5 /INPUT 1 "WCLKN";
    .port_info 6 /INPUT 1 "WCLKE";
    .port_info 7 /INPUT 1 "WE";
    .port_info 8 /INPUT 11 "WADDR";
    .port_info 9 /INPUT 16 "MASK";
    .port_info 10 /INPUT 16 "WDATA";
P_0x55557875ce60 .param/l "INIT_0" 0 2 2014, C4<0000000000000000000000000000000000000000000000000000000000000000000000000000000000000000000000000000000000000000000000000000000000000000000000000000000000000000000000000000000000000000000000000000000000000000000000000000000000000000000000000000000000000000>;
P_0x55557875cea0 .param/l "INIT_1" 0 2 2015, C4<0000000000000000000000000000000000000000000000000000000000000000000000000000000000000000000000000000000000000000000000000000000000000000000000000000000000000000000000000000000000000000000000000000000000000000000000000000000000000000000000000000000000000000>;
P_0x55557875cee0 .param/l "INIT_2" 0 2 2016, C4<0000000000000000000000000000000000000000000000000000000000000000000000000000000000000000000000000000000000000000000000000000000000000000000000000000000000000000000000000000000000000000000000000000000000000000000000000000000000000000000000000000000000000000>;
P_0x55557875cf20 .param/l "INIT_3" 0 2 2017, C4<0000000000000000000000000000000000000000000000000000000000000000000000000000000000000000000000000000000000000000000000000000000000000000000000000000000000000000000000000000000000000000000000000000000000000000000000000000000000000000000000000000000000000000>;
P_0x55557875cf60 .param/l "INIT_4" 0 2 2018, C4<0000000000000000000000000000000000000000000000000000000000000000000000000000000000000000000000000000000000000000000000000000000000000000000000000000000000000000000000000000000000000000000000000000000000000000000000000000000000000000000000000000000000000000>;
P_0x55557875cfa0 .param/l "INIT_5" 0 2 2019, C4<0000000000000000000000000000000000000000000000000000000000000000000000000000000000000000000000000000000000000000000000000000000000000000000000000000000000000000000000000000000000000000000000000000000000000000000000000000000000000000000000000000000000000000>;
P_0x55557875cfe0 .param/l "INIT_6" 0 2 2020, C4<0000000000000000000000000000000000000000000000000000000000000000000000000000000000000000000000000000000000000000000000000000000000000000000000000000000000000000000000000000000000000000000000000000000000000000000000000000000000000000000000000000000000000000>;
P_0x55557875d020 .param/l "INIT_7" 0 2 2021, C4<0000000000000000000000000000000000000000000000000000000000000000000000000000000000000000000000000000000000000000000000000000000000000000000000000000000000000000000000000000000000000000000000000000000000000000000000000000000000000000000000000000000000000000>;
P_0x55557875d060 .param/l "INIT_8" 0 2 2022, C4<0000000000000000000000000000000000000000000000000000000000000000000000000000000000000000000000000000000000000000000000000000000000000000000000000000000000000000000000000000000000000000000000000000000000000000000000000000000000000000000000000000000000000000>;
P_0x55557875d0a0 .param/l "INIT_9" 0 2 2023, C4<0000000000000000000000000000000000000000000000000000000000000000000000000000000000000000000000000000000000000000000000000000000000000000000000000000000000000000000000000000000000000000000000000000000000000000000000000000000000000000000000000000000000000000>;
P_0x55557875d0e0 .param/l "INIT_A" 0 2 2024, C4<0000000000000000000000000000000000000000000000000000000000000000000000000000000000000000000000000000000000000000000000000000000000000000000000000000000000000000000000000000000000000000000000000000000000000000000000000000000000000000000000000000000000000000>;
P_0x55557875d120 .param/l "INIT_B" 0 2 2025, C4<0000000000000000000000000000000000000000000000000000000000000000000000000000000000000000000000000000000000000000000000000000000000000000000000000000000000000000000000000000000000000000000000000000000000000000000000000000000000000000000000000000000000000000>;
P_0x55557875d160 .param/l "INIT_C" 0 2 2026, C4<0000000000000000000000000000000000000000000000000000000000000000000000000000000000000000000000000000000000000000000000000000000000000000000000000000000000000000000000000000000000000000000000000000000000000000000000000000000000000000000000000000000000000000>;
P_0x55557875d1a0 .param/l "INIT_D" 0 2 2027, C4<0000000000000000000000000000000000000000000000000000000000000000000000000000000000000000000000000000000000000000000000000000000000000000000000000000000000000000000000000000000000000000000000000000000000000000000000000000000000000000000000000000000000000000>;
P_0x55557875d1e0 .param/l "INIT_E" 0 2 2028, C4<0000000000000000000000000000000000000000000000000000000000000000000000000000000000000000000000000000000000000000000000000000000000000000000000000000000000000000000000000000000000000000000000000000000000000000000000000000000000000000000000000000000000000000>;
P_0x55557875d220 .param/l "INIT_F" 0 2 2029, C4<0000000000000000000000000000000000000000000000000000000000000000000000000000000000000000000000000000000000000000000000000000000000000000000000000000000000000000000000000000000000000000000000000000000000000000000000000000000000000000000000000000000000000000>;
P_0x55557875d260 .param/str "INIT_FILE" 0 2 2031, "\000";
P_0x55557875d2a0 .param/l "READ_MODE" 0 2 2012, +C4<00000000000000000000000000000000>;
P_0x55557875d2e0 .param/l "WRITE_MODE" 0 2 2011, +C4<00000000000000000000000000000000>;
o0x7f7e373a6578 .functor BUFZ 1, C4<z>; HiZ drive
L_0x5555788ec4a0 .functor NOT 1, o0x7f7e373a6578, C4<0>, C4<0>, C4<0>;
o0x7f7e373a65a8 .functor BUFZ 1, C4<z>; HiZ drive
L_0x5555788ec540 .functor NOT 1, o0x7f7e373a65a8, C4<0>, C4<0>, C4<0>;
o0x7f7e373a6068 .functor BUFZ 16, C4<zzzzzzzzzzzzzzzz>; HiZ drive
v0x5555788bf020_0 .net "MASK", 15 0, o0x7f7e373a6068;  0 drivers
o0x7f7e373a6098 .functor BUFZ 11, C4<zzzzzzzzzzz>; HiZ drive
v0x5555788bf100_0 .net "RADDR", 10 0, o0x7f7e373a6098;  0 drivers
o0x7f7e373a60f8 .functor BUFZ 1, C4<z>; HiZ drive
v0x5555788bf1d0_0 .net "RCLKE", 0 0, o0x7f7e373a60f8;  0 drivers
v0x5555788bf2d0_0 .net "RCLKN", 0 0, o0x7f7e373a6578;  0 drivers
v0x5555788bf370_0 .net "RDATA", 15 0, L_0x5555788ec3e0;  1 drivers
o0x7f7e373a6188 .functor BUFZ 1, C4<z>; HiZ drive
v0x5555788bf410_0 .net "RE", 0 0, o0x7f7e373a6188;  0 drivers
o0x7f7e373a61e8 .functor BUFZ 11, C4<zzzzzzzzzzz>; HiZ drive
v0x5555788bf4e0_0 .net "WADDR", 10 0, o0x7f7e373a61e8;  0 drivers
o0x7f7e373a6248 .functor BUFZ 1, C4<z>; HiZ drive
v0x5555788bf5b0_0 .net "WCLKE", 0 0, o0x7f7e373a6248;  0 drivers
v0x5555788bf680_0 .net "WCLKN", 0 0, o0x7f7e373a65a8;  0 drivers
o0x7f7e373a6278 .functor BUFZ 16, C4<zzzzzzzzzzzzzzzz>; HiZ drive
v0x5555788bf720_0 .net "WDATA", 15 0, o0x7f7e373a6278;  0 drivers
o0x7f7e373a62d8 .functor BUFZ 1, C4<z>; HiZ drive
v0x5555788bf7f0_0 .net "WE", 0 0, o0x7f7e373a62d8;  0 drivers
S_0x5555788bb650 .scope module, "RAM" "SB_RAM40_4K" 2 2053, 2 1487 0, S_0x55557883c680;
 .timescale -12 -12;
    .port_info 0 /OUTPUT 16 "RDATA";
    .port_info 1 /INPUT 1 "RCLK";
    .port_info 2 /INPUT 1 "RCLKE";
    .port_info 3 /INPUT 1 "RE";
    .port_info 4 /INPUT 11 "RADDR";
    .port_info 5 /INPUT 1 "WCLK";
    .port_info 6 /INPUT 1 "WCLKE";
    .port_info 7 /INPUT 1 "WE";
    .port_info 8 /INPUT 11 "WADDR";
    .port_info 9 /INPUT 16 "MASK";
    .port_info 10 /INPUT 16 "WDATA";
P_0x5555788bb800 .param/l "INIT_0" 0 2 1507, C4<0000000000000000000000000000000000000000000000000000000000000000000000000000000000000000000000000000000000000000000000000000000000000000000000000000000000000000000000000000000000000000000000000000000000000000000000000000000000000000000000000000000000000000>;
P_0x5555788bb840 .param/l "INIT_1" 0 2 1508, C4<0000000000000000000000000000000000000000000000000000000000000000000000000000000000000000000000000000000000000000000000000000000000000000000000000000000000000000000000000000000000000000000000000000000000000000000000000000000000000000000000000000000000000000>;
P_0x5555788bb880 .param/l "INIT_2" 0 2 1509, C4<0000000000000000000000000000000000000000000000000000000000000000000000000000000000000000000000000000000000000000000000000000000000000000000000000000000000000000000000000000000000000000000000000000000000000000000000000000000000000000000000000000000000000000>;
P_0x5555788bb8c0 .param/l "INIT_3" 0 2 1510, C4<0000000000000000000000000000000000000000000000000000000000000000000000000000000000000000000000000000000000000000000000000000000000000000000000000000000000000000000000000000000000000000000000000000000000000000000000000000000000000000000000000000000000000000>;
P_0x5555788bb900 .param/l "INIT_4" 0 2 1511, C4<0000000000000000000000000000000000000000000000000000000000000000000000000000000000000000000000000000000000000000000000000000000000000000000000000000000000000000000000000000000000000000000000000000000000000000000000000000000000000000000000000000000000000000>;
P_0x5555788bb940 .param/l "INIT_5" 0 2 1512, C4<0000000000000000000000000000000000000000000000000000000000000000000000000000000000000000000000000000000000000000000000000000000000000000000000000000000000000000000000000000000000000000000000000000000000000000000000000000000000000000000000000000000000000000>;
P_0x5555788bb980 .param/l "INIT_6" 0 2 1513, C4<0000000000000000000000000000000000000000000000000000000000000000000000000000000000000000000000000000000000000000000000000000000000000000000000000000000000000000000000000000000000000000000000000000000000000000000000000000000000000000000000000000000000000000>;
P_0x5555788bb9c0 .param/l "INIT_7" 0 2 1514, C4<0000000000000000000000000000000000000000000000000000000000000000000000000000000000000000000000000000000000000000000000000000000000000000000000000000000000000000000000000000000000000000000000000000000000000000000000000000000000000000000000000000000000000000>;
P_0x5555788bba00 .param/l "INIT_8" 0 2 1515, C4<0000000000000000000000000000000000000000000000000000000000000000000000000000000000000000000000000000000000000000000000000000000000000000000000000000000000000000000000000000000000000000000000000000000000000000000000000000000000000000000000000000000000000000>;
P_0x5555788bba40 .param/l "INIT_9" 0 2 1516, C4<0000000000000000000000000000000000000000000000000000000000000000000000000000000000000000000000000000000000000000000000000000000000000000000000000000000000000000000000000000000000000000000000000000000000000000000000000000000000000000000000000000000000000000>;
P_0x5555788bba80 .param/l "INIT_A" 0 2 1517, C4<0000000000000000000000000000000000000000000000000000000000000000000000000000000000000000000000000000000000000000000000000000000000000000000000000000000000000000000000000000000000000000000000000000000000000000000000000000000000000000000000000000000000000000>;
P_0x5555788bbac0 .param/l "INIT_B" 0 2 1518, C4<0000000000000000000000000000000000000000000000000000000000000000000000000000000000000000000000000000000000000000000000000000000000000000000000000000000000000000000000000000000000000000000000000000000000000000000000000000000000000000000000000000000000000000>;
P_0x5555788bbb00 .param/l "INIT_C" 0 2 1519, C4<0000000000000000000000000000000000000000000000000000000000000000000000000000000000000000000000000000000000000000000000000000000000000000000000000000000000000000000000000000000000000000000000000000000000000000000000000000000000000000000000000000000000000000>;
P_0x5555788bbb40 .param/l "INIT_D" 0 2 1520, C4<0000000000000000000000000000000000000000000000000000000000000000000000000000000000000000000000000000000000000000000000000000000000000000000000000000000000000000000000000000000000000000000000000000000000000000000000000000000000000000000000000000000000000000>;
P_0x5555788bbb80 .param/l "INIT_E" 0 2 1521, C4<0000000000000000000000000000000000000000000000000000000000000000000000000000000000000000000000000000000000000000000000000000000000000000000000000000000000000000000000000000000000000000000000000000000000000000000000000000000000000000000000000000000000000000>;
P_0x5555788bbbc0 .param/l "INIT_F" 0 2 1522, C4<0000000000000000000000000000000000000000000000000000000000000000000000000000000000000000000000000000000000000000000000000000000000000000000000000000000000000000000000000000000000000000000000000000000000000000000000000000000000000000000000000000000000000000>;
P_0x5555788bbc00 .param/str "INIT_FILE" 0 2 1524, "\000";
P_0x5555788bbc40 .param/l "READ_MODE" 0 2 1505, +C4<00000000000000000000000000000000>;
P_0x5555788bbc80 .param/l "WRITE_MODE" 0 2 1504, +C4<00000000000000000000000000000000>;
v0x5555788bdf10_0 .net "MASK", 15 0, o0x7f7e373a6068;  alias, 0 drivers
v0x5555788bdfd0_0 .net "RADDR", 10 0, o0x7f7e373a6098;  alias, 0 drivers
v0x5555788be0b0_0 .net "RCLK", 0 0, L_0x5555788ec4a0;  1 drivers
v0x5555788be180_0 .net "RCLKE", 0 0, o0x7f7e373a60f8;  alias, 0 drivers
v0x5555788be240_0 .net "RDATA", 15 0, L_0x5555788ec3e0;  alias, 1 drivers
v0x5555788be370_0 .var "RDATA_I", 15 0;
v0x5555788be450_0 .net "RE", 0 0, o0x7f7e373a6188;  alias, 0 drivers
L_0x7f7e37350b58 .functor BUFT 1, C4<0000000000000000>, C4<0>, C4<0>, C4<0>;
v0x5555788be510_0 .net "RMASK_I", 15 0, L_0x7f7e37350b58;  1 drivers
v0x5555788be5f0_0 .net "WADDR", 10 0, o0x7f7e373a61e8;  alias, 0 drivers
v0x5555788be6d0_0 .net "WCLK", 0 0, L_0x5555788ec540;  1 drivers
v0x5555788be790_0 .net "WCLKE", 0 0, o0x7f7e373a6248;  alias, 0 drivers
v0x5555788be850_0 .net "WDATA", 15 0, o0x7f7e373a6278;  alias, 0 drivers
v0x5555788be930_0 .net "WDATA_I", 15 0, L_0x5555788ec2f0;  1 drivers
v0x5555788bea10_0 .net "WE", 0 0, o0x7f7e373a62d8;  alias, 0 drivers
v0x5555788bead0_0 .net "WMASK_I", 15 0, L_0x5555788ec200;  1 drivers
v0x5555788bebb0_0 .var/i "i", 31 0;
v0x5555788bec90 .array "memory", 255 0, 15 0;
E_0x5555788bd640 .event posedge, v0x5555788be0b0_0;
E_0x5555788bd6c0 .event posedge, v0x5555788be6d0_0;
S_0x5555788bd720 .scope generate, "genblk1" "genblk1" 2 1534, 2 1534 0, S_0x5555788bb650;
 .timescale -12 -12;
L_0x5555788ec200 .functor BUFZ 16, o0x7f7e373a6068, C4<0000000000000000>, C4<0000000000000000>, C4<0000000000000000>;
S_0x5555788bd920 .scope generate, "genblk2" "genblk2" 2 1555, 2 1555 0, S_0x5555788bb650;
 .timescale -12 -12;
S_0x5555788bdb20 .scope generate, "genblk3" "genblk3" 2 1576, 2 1576 0, S_0x5555788bb650;
 .timescale -12 -12;
L_0x5555788ec2f0 .functor BUFZ 16, o0x7f7e373a6278, C4<0000000000000000>, C4<0000000000000000>, C4<0000000000000000>;
S_0x5555788bdd30 .scope generate, "genblk4" "genblk4" 2 1595, 2 1595 0, S_0x5555788bb650;
 .timescale -12 -12;
L_0x5555788ec3e0 .functor BUFZ 16, v0x5555788be370_0, C4<0000000000000000>, C4<0000000000000000>, C4<0000000000000000>;
S_0x5555786d2ee0 .scope module, "SB_RAM40_4KNW" "SB_RAM40_4KNW" 2 1862;
 .timescale -12 -12;
    .port_info 0 /OUTPUT 16 "RDATA";
    .port_info 1 /INPUT 1 "RCLK";
    .port_info 2 /INPUT 1 "RCLKE";
    .port_info 3 /INPUT 1 "RE";
    .port_info 4 /INPUT 11 "RADDR";
    .port_info 5 /INPUT 1 "WCLKN";
    .port_info 6 /INPUT 1 "WCLKE";
    .port_info 7 /INPUT 1 "WE";
    .port_info 8 /INPUT 11 "WADDR";
    .port_info 9 /INPUT 16 "MASK";
    .port_info 10 /INPUT 16 "WDATA";
P_0x5555786cf6e0 .param/l "INIT_0" 0 2 1878, C4<0000000000000000000000000000000000000000000000000000000000000000000000000000000000000000000000000000000000000000000000000000000000000000000000000000000000000000000000000000000000000000000000000000000000000000000000000000000000000000000000000000000000000000>;
P_0x5555786cf720 .param/l "INIT_1" 0 2 1879, C4<0000000000000000000000000000000000000000000000000000000000000000000000000000000000000000000000000000000000000000000000000000000000000000000000000000000000000000000000000000000000000000000000000000000000000000000000000000000000000000000000000000000000000000>;
P_0x5555786cf760 .param/l "INIT_2" 0 2 1880, C4<0000000000000000000000000000000000000000000000000000000000000000000000000000000000000000000000000000000000000000000000000000000000000000000000000000000000000000000000000000000000000000000000000000000000000000000000000000000000000000000000000000000000000000>;
P_0x5555786cf7a0 .param/l "INIT_3" 0 2 1881, C4<0000000000000000000000000000000000000000000000000000000000000000000000000000000000000000000000000000000000000000000000000000000000000000000000000000000000000000000000000000000000000000000000000000000000000000000000000000000000000000000000000000000000000000>;
P_0x5555786cf7e0 .param/l "INIT_4" 0 2 1882, C4<0000000000000000000000000000000000000000000000000000000000000000000000000000000000000000000000000000000000000000000000000000000000000000000000000000000000000000000000000000000000000000000000000000000000000000000000000000000000000000000000000000000000000000>;
P_0x5555786cf820 .param/l "INIT_5" 0 2 1883, C4<0000000000000000000000000000000000000000000000000000000000000000000000000000000000000000000000000000000000000000000000000000000000000000000000000000000000000000000000000000000000000000000000000000000000000000000000000000000000000000000000000000000000000000>;
P_0x5555786cf860 .param/l "INIT_6" 0 2 1884, C4<0000000000000000000000000000000000000000000000000000000000000000000000000000000000000000000000000000000000000000000000000000000000000000000000000000000000000000000000000000000000000000000000000000000000000000000000000000000000000000000000000000000000000000>;
P_0x5555786cf8a0 .param/l "INIT_7" 0 2 1885, C4<0000000000000000000000000000000000000000000000000000000000000000000000000000000000000000000000000000000000000000000000000000000000000000000000000000000000000000000000000000000000000000000000000000000000000000000000000000000000000000000000000000000000000000>;
P_0x5555786cf8e0 .param/l "INIT_8" 0 2 1886, C4<0000000000000000000000000000000000000000000000000000000000000000000000000000000000000000000000000000000000000000000000000000000000000000000000000000000000000000000000000000000000000000000000000000000000000000000000000000000000000000000000000000000000000000>;
P_0x5555786cf920 .param/l "INIT_9" 0 2 1887, C4<0000000000000000000000000000000000000000000000000000000000000000000000000000000000000000000000000000000000000000000000000000000000000000000000000000000000000000000000000000000000000000000000000000000000000000000000000000000000000000000000000000000000000000>;
P_0x5555786cf960 .param/l "INIT_A" 0 2 1888, C4<0000000000000000000000000000000000000000000000000000000000000000000000000000000000000000000000000000000000000000000000000000000000000000000000000000000000000000000000000000000000000000000000000000000000000000000000000000000000000000000000000000000000000000>;
P_0x5555786cf9a0 .param/l "INIT_B" 0 2 1889, C4<0000000000000000000000000000000000000000000000000000000000000000000000000000000000000000000000000000000000000000000000000000000000000000000000000000000000000000000000000000000000000000000000000000000000000000000000000000000000000000000000000000000000000000>;
P_0x5555786cf9e0 .param/l "INIT_C" 0 2 1890, C4<0000000000000000000000000000000000000000000000000000000000000000000000000000000000000000000000000000000000000000000000000000000000000000000000000000000000000000000000000000000000000000000000000000000000000000000000000000000000000000000000000000000000000000>;
P_0x5555786cfa20 .param/l "INIT_D" 0 2 1891, C4<0000000000000000000000000000000000000000000000000000000000000000000000000000000000000000000000000000000000000000000000000000000000000000000000000000000000000000000000000000000000000000000000000000000000000000000000000000000000000000000000000000000000000000>;
P_0x5555786cfa60 .param/l "INIT_E" 0 2 1892, C4<0000000000000000000000000000000000000000000000000000000000000000000000000000000000000000000000000000000000000000000000000000000000000000000000000000000000000000000000000000000000000000000000000000000000000000000000000000000000000000000000000000000000000000>;
P_0x5555786cfaa0 .param/l "INIT_F" 0 2 1893, C4<0000000000000000000000000000000000000000000000000000000000000000000000000000000000000000000000000000000000000000000000000000000000000000000000000000000000000000000000000000000000000000000000000000000000000000000000000000000000000000000000000000000000000000>;
P_0x5555786cfae0 .param/str "INIT_FILE" 0 2 1895, "\000";
P_0x5555786cfb20 .param/l "READ_MODE" 0 2 1876, +C4<00000000000000000000000000000000>;
P_0x5555786cfb60 .param/l "WRITE_MODE" 0 2 1875, +C4<00000000000000000000000000000000>;
o0x7f7e373a6cf8 .functor BUFZ 1, C4<z>; HiZ drive
L_0x5555788ec8b0 .functor NOT 1, o0x7f7e373a6cf8, C4<0>, C4<0>, C4<0>;
o0x7f7e373a67e8 .functor BUFZ 16, C4<zzzzzzzzzzzzzzzz>; HiZ drive
v0x5555788c3370_0 .net "MASK", 15 0, o0x7f7e373a67e8;  0 drivers
o0x7f7e373a6818 .functor BUFZ 11, C4<zzzzzzzzzzz>; HiZ drive
v0x5555788c3450_0 .net "RADDR", 10 0, o0x7f7e373a6818;  0 drivers
o0x7f7e373a6848 .functor BUFZ 1, C4<z>; HiZ drive
v0x5555788c3520_0 .net "RCLK", 0 0, o0x7f7e373a6848;  0 drivers
o0x7f7e373a6878 .functor BUFZ 1, C4<z>; HiZ drive
v0x5555788c3620_0 .net "RCLKE", 0 0, o0x7f7e373a6878;  0 drivers
v0x5555788c36f0_0 .net "RDATA", 15 0, L_0x5555788ec7f0;  1 drivers
o0x7f7e373a6908 .functor BUFZ 1, C4<z>; HiZ drive
v0x5555788c3790_0 .net "RE", 0 0, o0x7f7e373a6908;  0 drivers
o0x7f7e373a6968 .functor BUFZ 11, C4<zzzzzzzzzzz>; HiZ drive
v0x5555788c3860_0 .net "WADDR", 10 0, o0x7f7e373a6968;  0 drivers
o0x7f7e373a69c8 .functor BUFZ 1, C4<z>; HiZ drive
v0x5555788c3930_0 .net "WCLKE", 0 0, o0x7f7e373a69c8;  0 drivers
v0x5555788c3a00_0 .net "WCLKN", 0 0, o0x7f7e373a6cf8;  0 drivers
o0x7f7e373a69f8 .functor BUFZ 16, C4<zzzzzzzzzzzzzzzz>; HiZ drive
v0x5555788c3aa0_0 .net "WDATA", 15 0, o0x7f7e373a69f8;  0 drivers
o0x7f7e373a6a58 .functor BUFZ 1, C4<z>; HiZ drive
v0x5555788c3b70_0 .net "WE", 0 0, o0x7f7e373a6a58;  0 drivers
S_0x5555788bf9a0 .scope module, "RAM" "SB_RAM40_4K" 2 1917, 2 1487 0, S_0x5555786d2ee0;
 .timescale -12 -12;
    .port_info 0 /OUTPUT 16 "RDATA";
    .port_info 1 /INPUT 1 "RCLK";
    .port_info 2 /INPUT 1 "RCLKE";
    .port_info 3 /INPUT 1 "RE";
    .port_info 4 /INPUT 11 "RADDR";
    .port_info 5 /INPUT 1 "WCLK";
    .port_info 6 /INPUT 1 "WCLKE";
    .port_info 7 /INPUT 1 "WE";
    .port_info 8 /INPUT 11 "WADDR";
    .port_info 9 /INPUT 16 "MASK";
    .port_info 10 /INPUT 16 "WDATA";
P_0x5555788bfb50 .param/l "INIT_0" 0 2 1507, C4<0000000000000000000000000000000000000000000000000000000000000000000000000000000000000000000000000000000000000000000000000000000000000000000000000000000000000000000000000000000000000000000000000000000000000000000000000000000000000000000000000000000000000000>;
P_0x5555788bfb90 .param/l "INIT_1" 0 2 1508, C4<0000000000000000000000000000000000000000000000000000000000000000000000000000000000000000000000000000000000000000000000000000000000000000000000000000000000000000000000000000000000000000000000000000000000000000000000000000000000000000000000000000000000000000>;
P_0x5555788bfbd0 .param/l "INIT_2" 0 2 1509, C4<0000000000000000000000000000000000000000000000000000000000000000000000000000000000000000000000000000000000000000000000000000000000000000000000000000000000000000000000000000000000000000000000000000000000000000000000000000000000000000000000000000000000000000>;
P_0x5555788bfc10 .param/l "INIT_3" 0 2 1510, C4<0000000000000000000000000000000000000000000000000000000000000000000000000000000000000000000000000000000000000000000000000000000000000000000000000000000000000000000000000000000000000000000000000000000000000000000000000000000000000000000000000000000000000000>;
P_0x5555788bfc50 .param/l "INIT_4" 0 2 1511, C4<0000000000000000000000000000000000000000000000000000000000000000000000000000000000000000000000000000000000000000000000000000000000000000000000000000000000000000000000000000000000000000000000000000000000000000000000000000000000000000000000000000000000000000>;
P_0x5555788bfc90 .param/l "INIT_5" 0 2 1512, C4<0000000000000000000000000000000000000000000000000000000000000000000000000000000000000000000000000000000000000000000000000000000000000000000000000000000000000000000000000000000000000000000000000000000000000000000000000000000000000000000000000000000000000000>;
P_0x5555788bfcd0 .param/l "INIT_6" 0 2 1513, C4<0000000000000000000000000000000000000000000000000000000000000000000000000000000000000000000000000000000000000000000000000000000000000000000000000000000000000000000000000000000000000000000000000000000000000000000000000000000000000000000000000000000000000000>;
P_0x5555788bfd10 .param/l "INIT_7" 0 2 1514, C4<0000000000000000000000000000000000000000000000000000000000000000000000000000000000000000000000000000000000000000000000000000000000000000000000000000000000000000000000000000000000000000000000000000000000000000000000000000000000000000000000000000000000000000>;
P_0x5555788bfd50 .param/l "INIT_8" 0 2 1515, C4<0000000000000000000000000000000000000000000000000000000000000000000000000000000000000000000000000000000000000000000000000000000000000000000000000000000000000000000000000000000000000000000000000000000000000000000000000000000000000000000000000000000000000000>;
P_0x5555788bfd90 .param/l "INIT_9" 0 2 1516, C4<0000000000000000000000000000000000000000000000000000000000000000000000000000000000000000000000000000000000000000000000000000000000000000000000000000000000000000000000000000000000000000000000000000000000000000000000000000000000000000000000000000000000000000>;
P_0x5555788bfdd0 .param/l "INIT_A" 0 2 1517, C4<0000000000000000000000000000000000000000000000000000000000000000000000000000000000000000000000000000000000000000000000000000000000000000000000000000000000000000000000000000000000000000000000000000000000000000000000000000000000000000000000000000000000000000>;
P_0x5555788bfe10 .param/l "INIT_B" 0 2 1518, C4<0000000000000000000000000000000000000000000000000000000000000000000000000000000000000000000000000000000000000000000000000000000000000000000000000000000000000000000000000000000000000000000000000000000000000000000000000000000000000000000000000000000000000000>;
P_0x5555788bfe50 .param/l "INIT_C" 0 2 1519, C4<0000000000000000000000000000000000000000000000000000000000000000000000000000000000000000000000000000000000000000000000000000000000000000000000000000000000000000000000000000000000000000000000000000000000000000000000000000000000000000000000000000000000000000>;
P_0x5555788bfe90 .param/l "INIT_D" 0 2 1520, C4<0000000000000000000000000000000000000000000000000000000000000000000000000000000000000000000000000000000000000000000000000000000000000000000000000000000000000000000000000000000000000000000000000000000000000000000000000000000000000000000000000000000000000000>;
P_0x5555788bfed0 .param/l "INIT_E" 0 2 1521, C4<0000000000000000000000000000000000000000000000000000000000000000000000000000000000000000000000000000000000000000000000000000000000000000000000000000000000000000000000000000000000000000000000000000000000000000000000000000000000000000000000000000000000000000>;
P_0x5555788bff10 .param/l "INIT_F" 0 2 1522, C4<0000000000000000000000000000000000000000000000000000000000000000000000000000000000000000000000000000000000000000000000000000000000000000000000000000000000000000000000000000000000000000000000000000000000000000000000000000000000000000000000000000000000000000>;
P_0x5555788bff50 .param/str "INIT_FILE" 0 2 1524, "\000";
P_0x5555788bff90 .param/l "READ_MODE" 0 2 1505, +C4<00000000000000000000000000000000>;
P_0x5555788bffd0 .param/l "WRITE_MODE" 0 2 1504, +C4<00000000000000000000000000000000>;
v0x5555788c2260_0 .net "MASK", 15 0, o0x7f7e373a67e8;  alias, 0 drivers
v0x5555788c2320_0 .net "RADDR", 10 0, o0x7f7e373a6818;  alias, 0 drivers
v0x5555788c2400_0 .net "RCLK", 0 0, o0x7f7e373a6848;  alias, 0 drivers
v0x5555788c24d0_0 .net "RCLKE", 0 0, o0x7f7e373a6878;  alias, 0 drivers
v0x5555788c2590_0 .net "RDATA", 15 0, L_0x5555788ec7f0;  alias, 1 drivers
v0x5555788c26c0_0 .var "RDATA_I", 15 0;
v0x5555788c27a0_0 .net "RE", 0 0, o0x7f7e373a6908;  alias, 0 drivers
L_0x7f7e37350ba0 .functor BUFT 1, C4<0000000000000000>, C4<0>, C4<0>, C4<0>;
v0x5555788c2860_0 .net "RMASK_I", 15 0, L_0x7f7e37350ba0;  1 drivers
v0x5555788c2940_0 .net "WADDR", 10 0, o0x7f7e373a6968;  alias, 0 drivers
v0x5555788c2a20_0 .net "WCLK", 0 0, L_0x5555788ec8b0;  1 drivers
v0x5555788c2ae0_0 .net "WCLKE", 0 0, o0x7f7e373a69c8;  alias, 0 drivers
v0x5555788c2ba0_0 .net "WDATA", 15 0, o0x7f7e373a69f8;  alias, 0 drivers
v0x5555788c2c80_0 .net "WDATA_I", 15 0, L_0x5555788ec700;  1 drivers
v0x5555788c2d60_0 .net "WE", 0 0, o0x7f7e373a6a58;  alias, 0 drivers
v0x5555788c2e20_0 .net "WMASK_I", 15 0, L_0x5555788ec610;  1 drivers
v0x5555788c2f00_0 .var/i "i", 31 0;
v0x5555788c2fe0 .array "memory", 255 0, 15 0;
E_0x5555788c1990 .event posedge, v0x5555788c2400_0;
E_0x5555788c1a10 .event posedge, v0x5555788c2a20_0;
S_0x5555788c1a70 .scope generate, "genblk1" "genblk1" 2 1534, 2 1534 0, S_0x5555788bf9a0;
 .timescale -12 -12;
L_0x5555788ec610 .functor BUFZ 16, o0x7f7e373a67e8, C4<0000000000000000>, C4<0000000000000000>, C4<0000000000000000>;
S_0x5555788c1c70 .scope generate, "genblk2" "genblk2" 2 1555, 2 1555 0, S_0x5555788bf9a0;
 .timescale -12 -12;
S_0x5555788c1e70 .scope generate, "genblk3" "genblk3" 2 1576, 2 1576 0, S_0x5555788bf9a0;
 .timescale -12 -12;
L_0x5555788ec700 .functor BUFZ 16, o0x7f7e373a69f8, C4<0000000000000000>, C4<0000000000000000>, C4<0000000000000000>;
S_0x5555788c2080 .scope generate, "genblk4" "genblk4" 2 1595, 2 1595 0, S_0x5555788bf9a0;
 .timescale -12 -12;
L_0x5555788ec7f0 .functor BUFZ 16, v0x5555788c26c0_0, C4<0000000000000000>, C4<0000000000000000>, C4<0000000000000000>;
S_0x5555786eff80 .scope module, "SB_RGBA_DRV" "SB_RGBA_DRV" 2 2692;
 .timescale -12 -12;
    .port_info 0 /INPUT 1 "CURREN";
    .port_info 1 /INPUT 1 "RGBLEDEN";
    .port_info 2 /INPUT 1 "RGB0PWM";
    .port_info 3 /INPUT 1 "RGB1PWM";
    .port_info 4 /INPUT 1 "RGB2PWM";
    .port_info 5 /OUTPUT 1 "RGB0";
    .port_info 6 /OUTPUT 1 "RGB1";
    .port_info 7 /OUTPUT 1 "RGB2";
P_0x5555786ffb40 .param/str "CURRENT_MODE" 0 2 2702, "0b0";
P_0x5555786ffb80 .param/str "RGB0_CURRENT" 0 2 2703, "0b000000";
P_0x5555786ffbc0 .param/str "RGB1_CURRENT" 0 2 2704, "0b000000";
P_0x5555786ffc00 .param/str "RGB2_CURRENT" 0 2 2705, "0b000000";
o0x7f7e373a6f38 .functor BUFZ 1, C4<z>; HiZ drive
v0x5555788c3ce0_0 .net "CURREN", 0 0, o0x7f7e373a6f38;  0 drivers
o0x7f7e373a6f68 .functor BUFZ 1, C4<z>; HiZ drive
v0x5555788c3dc0_0 .net "RGB0", 0 0, o0x7f7e373a6f68;  0 drivers
o0x7f7e373a6f98 .functor BUFZ 1, C4<z>; HiZ drive
v0x5555788c3e80_0 .net "RGB0PWM", 0 0, o0x7f7e373a6f98;  0 drivers
o0x7f7e373a6fc8 .functor BUFZ 1, C4<z>; HiZ drive
v0x5555788c3f50_0 .net "RGB1", 0 0, o0x7f7e373a6fc8;  0 drivers
o0x7f7e373a6ff8 .functor BUFZ 1, C4<z>; HiZ drive
v0x5555788c4010_0 .net "RGB1PWM", 0 0, o0x7f7e373a6ff8;  0 drivers
o0x7f7e373a7028 .functor BUFZ 1, C4<z>; HiZ drive
v0x5555788c40d0_0 .net "RGB2", 0 0, o0x7f7e373a7028;  0 drivers
o0x7f7e373a7058 .functor BUFZ 1, C4<z>; HiZ drive
v0x5555788c4190_0 .net "RGB2PWM", 0 0, o0x7f7e373a7058;  0 drivers
o0x7f7e373a7088 .functor BUFZ 1, C4<z>; HiZ drive
v0x5555788c4250_0 .net "RGBLEDEN", 0 0, o0x7f7e373a7088;  0 drivers
S_0x5555786ffea0 .scope module, "SB_RGB_DRV" "SB_RGB_DRV" 2 2716;
 .timescale -12 -12;
    .port_info 0 /INPUT 1 "RGBLEDEN";
    .port_info 1 /INPUT 1 "RGB0PWM";
    .port_info 2 /INPUT 1 "RGB1PWM";
    .port_info 3 /INPUT 1 "RGB2PWM";
    .port_info 4 /INPUT 1 "RGBPU";
    .port_info 5 /OUTPUT 1 "RGB0";
    .port_info 6 /OUTPUT 1 "RGB1";
    .port_info 7 /OUTPUT 1 "RGB2";
P_0x5555786f2410 .param/str "CURRENT_MODE" 0 2 2726, "0b0";
P_0x5555786f2450 .param/str "RGB0_CURRENT" 0 2 2727, "0b000000";
P_0x5555786f2490 .param/str "RGB1_CURRENT" 0 2 2728, "0b000000";
P_0x5555786f24d0 .param/str "RGB2_CURRENT" 0 2 2729, "0b000000";
o0x7f7e373a7238 .functor BUFZ 1, C4<z>; HiZ drive
v0x5555788c4460_0 .net "RGB0", 0 0, o0x7f7e373a7238;  0 drivers
o0x7f7e373a7268 .functor BUFZ 1, C4<z>; HiZ drive
v0x5555788c4540_0 .net "RGB0PWM", 0 0, o0x7f7e373a7268;  0 drivers
o0x7f7e373a7298 .functor BUFZ 1, C4<z>; HiZ drive
v0x5555788c4600_0 .net "RGB1", 0 0, o0x7f7e373a7298;  0 drivers
o0x7f7e373a72c8 .functor BUFZ 1, C4<z>; HiZ drive
v0x5555788c46a0_0 .net "RGB1PWM", 0 0, o0x7f7e373a72c8;  0 drivers
o0x7f7e373a72f8 .functor BUFZ 1, C4<z>; HiZ drive
v0x5555788c4760_0 .net "RGB2", 0 0, o0x7f7e373a72f8;  0 drivers
o0x7f7e373a7328 .functor BUFZ 1, C4<z>; HiZ drive
v0x5555788c4820_0 .net "RGB2PWM", 0 0, o0x7f7e373a7328;  0 drivers
o0x7f7e373a7358 .functor BUFZ 1, C4<z>; HiZ drive
v0x5555788c48e0_0 .net "RGBLEDEN", 0 0, o0x7f7e373a7358;  0 drivers
o0x7f7e373a7388 .functor BUFZ 1, C4<z>; HiZ drive
v0x5555788c49a0_0 .net "RGBPU", 0 0, o0x7f7e373a7388;  0 drivers
S_0x5555786f2770 .scope module, "SB_SPI" "SB_SPI" 2 2776;
 .timescale -12 -12;
    .port_info 0 /INPUT 1 "SBCLKI";
    .port_info 1 /INPUT 1 "SBRWI";
    .port_info 2 /INPUT 1 "SBSTBI";
    .port_info 3 /INPUT 1 "SBADRI7";
    .port_info 4 /INPUT 1 "SBADRI6";
    .port_info 5 /INPUT 1 "SBADRI5";
    .port_info 6 /INPUT 1 "SBADRI4";
    .port_info 7 /INPUT 1 "SBADRI3";
    .port_info 8 /INPUT 1 "SBADRI2";
    .port_info 9 /INPUT 1 "SBADRI1";
    .port_info 10 /INPUT 1 "SBADRI0";
    .port_info 11 /INPUT 1 "SBDATI7";
    .port_info 12 /INPUT 1 "SBDATI6";
    .port_info 13 /INPUT 1 "SBDATI5";
    .port_info 14 /INPUT 1 "SBDATI4";
    .port_info 15 /INPUT 1 "SBDATI3";
    .port_info 16 /INPUT 1 "SBDATI2";
    .port_info 17 /INPUT 1 "SBDATI1";
    .port_info 18 /INPUT 1 "SBDATI0";
    .port_info 19 /INPUT 1 "MI";
    .port_info 20 /INPUT 1 "SI";
    .port_info 21 /INPUT 1 "SCKI";
    .port_info 22 /INPUT 1 "SCSNI";
    .port_info 23 /OUTPUT 1 "SBDATO7";
    .port_info 24 /OUTPUT 1 "SBDATO6";
    .port_info 25 /OUTPUT 1 "SBDATO5";
    .port_info 26 /OUTPUT 1 "SBDATO4";
    .port_info 27 /OUTPUT 1 "SBDATO3";
    .port_info 28 /OUTPUT 1 "SBDATO2";
    .port_info 29 /OUTPUT 1 "SBDATO1";
    .port_info 30 /OUTPUT 1 "SBDATO0";
    .port_info 31 /OUTPUT 1 "SBACKO";
    .port_info 32 /OUTPUT 1 "SPIIRQ";
    .port_info 33 /OUTPUT 1 "SPIWKUP";
    .port_info 34 /OUTPUT 1 "SO";
    .port_info 35 /OUTPUT 1 "SOE";
    .port_info 36 /OUTPUT 1 "MO";
    .port_info 37 /OUTPUT 1 "MOE";
    .port_info 38 /OUTPUT 1 "SCKO";
    .port_info 39 /OUTPUT 1 "SCKOE";
    .port_info 40 /OUTPUT 1 "MCSNO3";
    .port_info 41 /OUTPUT 1 "MCSNO2";
    .port_info 42 /OUTPUT 1 "MCSNO1";
    .port_info 43 /OUTPUT 1 "MCSNO0";
    .port_info 44 /OUTPUT 1 "MCSNOE3";
    .port_info 45 /OUTPUT 1 "MCSNOE2";
    .port_info 46 /OUTPUT 1 "MCSNOE1";
    .port_info 47 /OUTPUT 1 "MCSNOE0";
P_0x5555786b7c10 .param/str "BUS_ADDR74" 0 2 2826, "0b0000";
o0x7f7e373a7538 .functor BUFZ 1, C4<z>; HiZ drive
v0x5555788c4bb0_0 .net "MCSNO0", 0 0, o0x7f7e373a7538;  0 drivers
o0x7f7e373a7568 .functor BUFZ 1, C4<z>; HiZ drive
v0x5555788c4c90_0 .net "MCSNO1", 0 0, o0x7f7e373a7568;  0 drivers
o0x7f7e373a7598 .functor BUFZ 1, C4<z>; HiZ drive
v0x5555788c4d50_0 .net "MCSNO2", 0 0, o0x7f7e373a7598;  0 drivers
o0x7f7e373a75c8 .functor BUFZ 1, C4<z>; HiZ drive
v0x5555788c4df0_0 .net "MCSNO3", 0 0, o0x7f7e373a75c8;  0 drivers
o0x7f7e373a75f8 .functor BUFZ 1, C4<z>; HiZ drive
v0x5555788c4eb0_0 .net "MCSNOE0", 0 0, o0x7f7e373a75f8;  0 drivers
o0x7f7e373a7628 .functor BUFZ 1, C4<z>; HiZ drive
v0x5555788c4f70_0 .net "MCSNOE1", 0 0, o0x7f7e373a7628;  0 drivers
o0x7f7e373a7658 .functor BUFZ 1, C4<z>; HiZ drive
v0x5555788c5030_0 .net "MCSNOE2", 0 0, o0x7f7e373a7658;  0 drivers
o0x7f7e373a7688 .functor BUFZ 1, C4<z>; HiZ drive
v0x5555788c50f0_0 .net "MCSNOE3", 0 0, o0x7f7e373a7688;  0 drivers
o0x7f7e373a76b8 .functor BUFZ 1, C4<z>; HiZ drive
v0x5555788c51b0_0 .net "MI", 0 0, o0x7f7e373a76b8;  0 drivers
o0x7f7e373a76e8 .functor BUFZ 1, C4<z>; HiZ drive
v0x5555788c5300_0 .net "MO", 0 0, o0x7f7e373a76e8;  0 drivers
o0x7f7e373a7718 .functor BUFZ 1, C4<z>; HiZ drive
v0x5555788c53c0_0 .net "MOE", 0 0, o0x7f7e373a7718;  0 drivers
o0x7f7e373a7748 .functor BUFZ 1, C4<z>; HiZ drive
v0x5555788c5480_0 .net "SBACKO", 0 0, o0x7f7e373a7748;  0 drivers
o0x7f7e373a7778 .functor BUFZ 1, C4<z>; HiZ drive
v0x5555788c5540_0 .net "SBADRI0", 0 0, o0x7f7e373a7778;  0 drivers
o0x7f7e373a77a8 .functor BUFZ 1, C4<z>; HiZ drive
v0x5555788c5600_0 .net "SBADRI1", 0 0, o0x7f7e373a77a8;  0 drivers
o0x7f7e373a77d8 .functor BUFZ 1, C4<z>; HiZ drive
v0x5555788c56c0_0 .net "SBADRI2", 0 0, o0x7f7e373a77d8;  0 drivers
o0x7f7e373a7808 .functor BUFZ 1, C4<z>; HiZ drive
v0x5555788c5780_0 .net "SBADRI3", 0 0, o0x7f7e373a7808;  0 drivers
o0x7f7e373a7838 .functor BUFZ 1, C4<z>; HiZ drive
v0x5555788c5840_0 .net "SBADRI4", 0 0, o0x7f7e373a7838;  0 drivers
o0x7f7e373a7868 .functor BUFZ 1, C4<z>; HiZ drive
v0x5555788c5a10_0 .net "SBADRI5", 0 0, o0x7f7e373a7868;  0 drivers
o0x7f7e373a7898 .functor BUFZ 1, C4<z>; HiZ drive
v0x5555788c5ad0_0 .net "SBADRI6", 0 0, o0x7f7e373a7898;  0 drivers
o0x7f7e373a78c8 .functor BUFZ 1, C4<z>; HiZ drive
v0x5555788c5b90_0 .net "SBADRI7", 0 0, o0x7f7e373a78c8;  0 drivers
o0x7f7e373a78f8 .functor BUFZ 1, C4<z>; HiZ drive
v0x5555788c5c50_0 .net "SBCLKI", 0 0, o0x7f7e373a78f8;  0 drivers
o0x7f7e373a7928 .functor BUFZ 1, C4<z>; HiZ drive
v0x5555788c5d10_0 .net "SBDATI0", 0 0, o0x7f7e373a7928;  0 drivers
o0x7f7e373a7958 .functor BUFZ 1, C4<z>; HiZ drive
v0x5555788c5dd0_0 .net "SBDATI1", 0 0, o0x7f7e373a7958;  0 drivers
o0x7f7e373a7988 .functor BUFZ 1, C4<z>; HiZ drive
v0x5555788c5e90_0 .net "SBDATI2", 0 0, o0x7f7e373a7988;  0 drivers
o0x7f7e373a79b8 .functor BUFZ 1, C4<z>; HiZ drive
v0x5555788c5f50_0 .net "SBDATI3", 0 0, o0x7f7e373a79b8;  0 drivers
o0x7f7e373a79e8 .functor BUFZ 1, C4<z>; HiZ drive
v0x5555788c6010_0 .net "SBDATI4", 0 0, o0x7f7e373a79e8;  0 drivers
o0x7f7e373a7a18 .functor BUFZ 1, C4<z>; HiZ drive
v0x5555788c60d0_0 .net "SBDATI5", 0 0, o0x7f7e373a7a18;  0 drivers
o0x7f7e373a7a48 .functor BUFZ 1, C4<z>; HiZ drive
v0x5555788c6190_0 .net "SBDATI6", 0 0, o0x7f7e373a7a48;  0 drivers
o0x7f7e373a7a78 .functor BUFZ 1, C4<z>; HiZ drive
v0x5555788c6250_0 .net "SBDATI7", 0 0, o0x7f7e373a7a78;  0 drivers
o0x7f7e373a7aa8 .functor BUFZ 1, C4<z>; HiZ drive
v0x5555788c6310_0 .net "SBDATO0", 0 0, o0x7f7e373a7aa8;  0 drivers
o0x7f7e373a7ad8 .functor BUFZ 1, C4<z>; HiZ drive
v0x5555788c63d0_0 .net "SBDATO1", 0 0, o0x7f7e373a7ad8;  0 drivers
o0x7f7e373a7b08 .functor BUFZ 1, C4<z>; HiZ drive
v0x5555788c6490_0 .net "SBDATO2", 0 0, o0x7f7e373a7b08;  0 drivers
o0x7f7e373a7b38 .functor BUFZ 1, C4<z>; HiZ drive
v0x5555788c6550_0 .net "SBDATO3", 0 0, o0x7f7e373a7b38;  0 drivers
o0x7f7e373a7b68 .functor BUFZ 1, C4<z>; HiZ drive
v0x5555788c6610_0 .net "SBDATO4", 0 0, o0x7f7e373a7b68;  0 drivers
o0x7f7e373a7b98 .functor BUFZ 1, C4<z>; HiZ drive
v0x5555788c66d0_0 .net "SBDATO5", 0 0, o0x7f7e373a7b98;  0 drivers
o0x7f7e373a7bc8 .functor BUFZ 1, C4<z>; HiZ drive
v0x5555788c6790_0 .net "SBDATO6", 0 0, o0x7f7e373a7bc8;  0 drivers
o0x7f7e373a7bf8 .functor BUFZ 1, C4<z>; HiZ drive
v0x5555788c6850_0 .net "SBDATO7", 0 0, o0x7f7e373a7bf8;  0 drivers
o0x7f7e373a7c28 .functor BUFZ 1, C4<z>; HiZ drive
v0x5555788c6910_0 .net "SBRWI", 0 0, o0x7f7e373a7c28;  0 drivers
o0x7f7e373a7c58 .functor BUFZ 1, C4<z>; HiZ drive
v0x5555788c69d0_0 .net "SBSTBI", 0 0, o0x7f7e373a7c58;  0 drivers
o0x7f7e373a7c88 .functor BUFZ 1, C4<z>; HiZ drive
v0x5555788c6a90_0 .net "SCKI", 0 0, o0x7f7e373a7c88;  0 drivers
o0x7f7e373a7cb8 .functor BUFZ 1, C4<z>; HiZ drive
v0x5555788c6b50_0 .net "SCKO", 0 0, o0x7f7e373a7cb8;  0 drivers
o0x7f7e373a7ce8 .functor BUFZ 1, C4<z>; HiZ drive
v0x5555788c6c10_0 .net "SCKOE", 0 0, o0x7f7e373a7ce8;  0 drivers
o0x7f7e373a7d18 .functor BUFZ 1, C4<z>; HiZ drive
v0x5555788c6cd0_0 .net "SCSNI", 0 0, o0x7f7e373a7d18;  0 drivers
o0x7f7e373a7d48 .functor BUFZ 1, C4<z>; HiZ drive
v0x5555788c6d90_0 .net "SI", 0 0, o0x7f7e373a7d48;  0 drivers
o0x7f7e373a7d78 .functor BUFZ 1, C4<z>; HiZ drive
v0x5555788c6e50_0 .net "SO", 0 0, o0x7f7e373a7d78;  0 drivers
o0x7f7e373a7da8 .functor BUFZ 1, C4<z>; HiZ drive
v0x5555788c6f10_0 .net "SOE", 0 0, o0x7f7e373a7da8;  0 drivers
o0x7f7e373a7dd8 .functor BUFZ 1, C4<z>; HiZ drive
v0x5555788c6fd0_0 .net "SPIIRQ", 0 0, o0x7f7e373a7dd8;  0 drivers
o0x7f7e373a7e08 .functor BUFZ 1, C4<z>; HiZ drive
v0x5555788c7090_0 .net "SPIWKUP", 0 0, o0x7f7e373a7e08;  0 drivers
S_0x5555786eaca0 .scope module, "SB_SPRAM256KA" "SB_SPRAM256KA" 2 2600;
 .timescale -12 -12;
    .port_info 0 /INPUT 14 "ADDRESS";
    .port_info 1 /INPUT 16 "DATAIN";
    .port_info 2 /INPUT 4 "MASKWREN";
    .port_info 3 /INPUT 1 "WREN";
    .port_info 4 /INPUT 1 "CHIPSELECT";
    .port_info 5 /INPUT 1 "CLOCK";
    .port_info 6 /INPUT 1 "STANDBY";
    .port_info 7 /INPUT 1 "SLEEP";
    .port_info 8 /INPUT 1 "POWEROFF";
    .port_info 9 /OUTPUT 16 "DATAOUT";
o0x7f7e373a8888 .functor BUFZ 1, C4<z>; HiZ drive
L_0x5555788eca50 .functor OR 1, o0x7f7e373a8888, L_0x5555788ec950, C4<0>, C4<0>;
o0x7f7e373a8738 .functor BUFZ 14, C4<zzzzzzzzzzzzzz>; HiZ drive
v0x5555788c79c0_0 .net "ADDRESS", 13 0, o0x7f7e373a8738;  0 drivers
o0x7f7e373a8768 .functor BUFZ 1, C4<z>; HiZ drive
v0x5555788c7ac0_0 .net "CHIPSELECT", 0 0, o0x7f7e373a8768;  0 drivers
o0x7f7e373a8798 .functor BUFZ 1, C4<z>; HiZ drive
v0x5555788c7b80_0 .net "CLOCK", 0 0, o0x7f7e373a8798;  0 drivers
o0x7f7e373a87c8 .functor BUFZ 16, C4<zzzzzzzzzzzzzzzz>; HiZ drive
v0x5555788c7c20_0 .net "DATAIN", 15 0, o0x7f7e373a87c8;  0 drivers
v0x5555788c7d00_0 .var "DATAOUT", 15 0;
o0x7f7e373a8828 .functor BUFZ 4, C4<zzzz>; HiZ drive
v0x5555788c7de0_0 .net "MASKWREN", 3 0, o0x7f7e373a8828;  0 drivers
o0x7f7e373a8858 .functor BUFZ 1, C4<z>; HiZ drive
v0x5555788c7ec0_0 .net "POWEROFF", 0 0, o0x7f7e373a8858;  0 drivers
v0x5555788c7f80_0 .net "SLEEP", 0 0, o0x7f7e373a8888;  0 drivers
o0x7f7e373a88b8 .functor BUFZ 1, C4<z>; HiZ drive
v0x5555788c8040_0 .net "STANDBY", 0 0, o0x7f7e373a88b8;  0 drivers
o0x7f7e373a88e8 .functor BUFZ 1, C4<z>; HiZ drive
v0x5555788c8100_0 .net "WREN", 0 0, o0x7f7e373a88e8;  0 drivers
v0x5555788c81c0_0 .net *"_ivl_1", 0 0, L_0x5555788ec950;  1 drivers
v0x5555788c8280_0 .var/i "i", 31 0;
v0x5555788c8360 .array "mem", 16383 0, 15 0;
v0x5555788c8420_0 .net "off", 0 0, L_0x5555788eca50;  1 drivers
E_0x5555788c78e0 .event posedge, v0x5555788c8420_0, v0x5555788c7b80_0;
E_0x5555788c7960 .event negedge, v0x5555788c7ec0_0;
L_0x5555788ec950 .reduce/nor o0x7f7e373a8858;
S_0x5555786f83d0 .scope module, "SB_WARMBOOT" "SB_WARMBOOT" 2 2593;
 .timescale -12 -12;
    .port_info 0 /INPUT 1 "BOOT";
    .port_info 1 /INPUT 1 "S1";
    .port_info 2 /INPUT 1 "S0";
o0x7f7e373a8b88 .functor BUFZ 1, C4<z>; HiZ drive
v0x5555788c8620_0 .net "BOOT", 0 0, o0x7f7e373a8b88;  0 drivers
o0x7f7e373a8bb8 .functor BUFZ 1, C4<z>; HiZ drive
v0x5555788c8700_0 .net "S0", 0 0, o0x7f7e373a8bb8;  0 drivers
o0x7f7e373a8be8 .functor BUFZ 1, C4<z>; HiZ drive
v0x5555788c87c0_0 .net "S1", 0 0, o0x7f7e373a8be8;  0 drivers
S_0x5555786f85d0 .scope module, "led_and_gate_tb" "led_and_gate_tb" 3 3;
 .timescale -9 -9;
v0x5555788c8c70_0 .net "LED0", 0 0, v0x5555788c8980_0;  1 drivers
v0x5555788c8d40_0 .var "SW1", 0 0;
v0x5555788c8e10_0 .var "SW2", 0 0;
S_0x5555786eab10 .scope module, "uut" "led_and_gate" 3 7, 4 3 0, S_0x5555786f85d0;
 .timescale -12 -12;
    .port_info 0 /INPUT 1 "SW1";
    .port_info 1 /INPUT 1 "SW2";
    .port_info 2 /OUTPUT 1 "LED0";
v0x5555788c8980_0 .var "LED0", 0 0;
v0x5555788c8a60_0 .net "SW1", 0 0, v0x5555788c8d40_0;  1 drivers
v0x5555788c8b20_0 .net "SW2", 0 0, v0x5555788c8e10_0;  1 drivers
E_0x5555788c8900 .event anyedge, v0x5555788c8b20_0, v0x5555788c8a60_0;
    .scope S_0x5555786ff840;
T_2 ;
    %pushi/vec4 0, 0, 1;
    %store/vec4 v0x555578657aa0_0, 0, 1;
    %pushi/vec4 0, 0, 1;
    %store/vec4 v0x555578657b60_0, 0, 1;
    %end;
    .thread T_2;
    .scope S_0x5555786ff840;
T_3 ;
    %wait E_0x55557883e3b0;
    %load/vec4 v0x5555787f5460_0;
    %flag_set/vec4 8;
    %jmp/0xz  T_3.0, 8;
    %load/vec4 v0x555578667f80_0;
    %flag_set/vec4 8;
    %jmp/0 T_3.2, 8;
    %pushi/vec4 0, 0, 1;
    %jmp/1 T_3.3, 8;
T_3.2 ; End of true expr.
    %load/vec4 v0x555578661520_0;
    %jmp/0 T_3.3, 8;
 ; End of false expr.
    %blend;
T_3.3;
    %assign/vec4 v0x555578657aa0_0, 0;
T_3.0 ;
    %jmp T_3;
    .thread T_3;
    .scope S_0x5555786ff840;
T_4 ;
    %wait E_0x555578855390;
    %load/vec4 v0x555578667f80_0;
    %flag_set/vec4 8;
    %jmp/0xz  T_4.0, 8;
    %pushi/vec4 0, 0, 1;
    %assign/vec4 v0x555578657b60_0, 0;
    %jmp T_4.1;
T_4.0 ;
    %load/vec4 v0x5555787f5460_0;
    %flag_set/vec4 8;
    %jmp/0xz  T_4.2, 8;
    %load/vec4 v0x555578661520_0;
    %assign/vec4 v0x555578657b60_0, 0;
T_4.2 ;
T_4.1 ;
    %jmp T_4;
    .thread T_4;
    .scope S_0x555578656580;
T_5 ;
    %pushi/vec4 0, 0, 32;
    %store/vec4 v0x5555788917d0_0, 0, 32;
T_5.0 ; Top of for-loop 
    %load/vec4 v0x5555788917d0_0;
    %cmpi/s 16, 0, 32;
    %jmp/0xz T_5.1, 5;
    %pushi/vec4 0, 0, 256;
    %load/vec4 v0x5555788917d0_0;
    %muli 16, 0, 32;
    %part/s 16;
    %pushi/vec4 0, 0, 32;
    %load/vec4 v0x5555788917d0_0;
    %add;
    %ix/vec4/s 4;
    %store/vec4a v0x5555788918b0, 4, 0;
    %pushi/vec4 0, 0, 256;
    %load/vec4 v0x5555788917d0_0;
    %muli 16, 0, 32;
    %part/s 16;
    %pushi/vec4 16, 0, 32;
    %load/vec4 v0x5555788917d0_0;
    %add;
    %ix/vec4/s 4;
    %store/vec4a v0x5555788918b0, 4, 0;
    %pushi/vec4 0, 0, 256;
    %load/vec4 v0x5555788917d0_0;
    %muli 16, 0, 32;
    %part/s 16;
    %pushi/vec4 32, 0, 32;
    %load/vec4 v0x5555788917d0_0;
    %add;
    %ix/vec4/s 4;
    %store/vec4a v0x5555788918b0, 4, 0;
    %pushi/vec4 0, 0, 256;
    %load/vec4 v0x5555788917d0_0;
    %muli 16, 0, 32;
    %part/s 16;
    %pushi/vec4 48, 0, 32;
    %load/vec4 v0x5555788917d0_0;
    %add;
    %ix/vec4/s 4;
    %store/vec4a v0x5555788918b0, 4, 0;
    %pushi/vec4 0, 0, 256;
    %load/vec4 v0x5555788917d0_0;
    %muli 16, 0, 32;
    %part/s 16;
    %pushi/vec4 64, 0, 32;
    %load/vec4 v0x5555788917d0_0;
    %add;
    %ix/vec4/s 4;
    %store/vec4a v0x5555788918b0, 4, 0;
    %pushi/vec4 0, 0, 256;
    %load/vec4 v0x5555788917d0_0;
    %muli 16, 0, 32;
    %part/s 16;
    %pushi/vec4 80, 0, 32;
    %load/vec4 v0x5555788917d0_0;
    %add;
    %ix/vec4/s 4;
    %store/vec4a v0x5555788918b0, 4, 0;
    %pushi/vec4 0, 0, 256;
    %load/vec4 v0x5555788917d0_0;
    %muli 16, 0, 32;
    %part/s 16;
    %pushi/vec4 96, 0, 32;
    %load/vec4 v0x5555788917d0_0;
    %add;
    %ix/vec4/s 4;
    %store/vec4a v0x5555788918b0, 4, 0;
    %pushi/vec4 0, 0, 256;
    %load/vec4 v0x5555788917d0_0;
    %muli 16, 0, 32;
    %part/s 16;
    %pushi/vec4 112, 0, 32;
    %load/vec4 v0x5555788917d0_0;
    %add;
    %ix/vec4/s 4;
    %store/vec4a v0x5555788918b0, 4, 0;
    %pushi/vec4 0, 0, 256;
    %load/vec4 v0x5555788917d0_0;
    %muli 16, 0, 32;
    %part/s 16;
    %pushi/vec4 128, 0, 32;
    %load/vec4 v0x5555788917d0_0;
    %add;
    %ix/vec4/s 4;
    %store/vec4a v0x5555788918b0, 4, 0;
    %pushi/vec4 0, 0, 256;
    %load/vec4 v0x5555788917d0_0;
    %muli 16, 0, 32;
    %part/s 16;
    %pushi/vec4 144, 0, 32;
    %load/vec4 v0x5555788917d0_0;
    %add;
    %ix/vec4/s 4;
    %store/vec4a v0x5555788918b0, 4, 0;
    %pushi/vec4 0, 0, 256;
    %load/vec4 v0x5555788917d0_0;
    %muli 16, 0, 32;
    %part/s 16;
    %pushi/vec4 160, 0, 32;
    %load/vec4 v0x5555788917d0_0;
    %add;
    %ix/vec4/s 4;
    %store/vec4a v0x5555788918b0, 4, 0;
    %pushi/vec4 0, 0, 256;
    %load/vec4 v0x5555788917d0_0;
    %muli 16, 0, 32;
    %part/s 16;
    %pushi/vec4 176, 0, 32;
    %load/vec4 v0x5555788917d0_0;
    %add;
    %ix/vec4/s 4;
    %store/vec4a v0x5555788918b0, 4, 0;
    %pushi/vec4 0, 0, 256;
    %load/vec4 v0x5555788917d0_0;
    %muli 16, 0, 32;
    %part/s 16;
    %pushi/vec4 192, 0, 32;
    %load/vec4 v0x5555788917d0_0;
    %add;
    %ix/vec4/s 4;
    %store/vec4a v0x5555788918b0, 4, 0;
    %pushi/vec4 0, 0, 256;
    %load/vec4 v0x5555788917d0_0;
    %muli 16, 0, 32;
    %part/s 16;
    %pushi/vec4 208, 0, 32;
    %load/vec4 v0x5555788917d0_0;
    %add;
    %ix/vec4/s 4;
    %store/vec4a v0x5555788918b0, 4, 0;
    %pushi/vec4 0, 0, 256;
    %load/vec4 v0x5555788917d0_0;
    %muli 16, 0, 32;
    %part/s 16;
    %pushi/vec4 224, 0, 32;
    %load/vec4 v0x5555788917d0_0;
    %add;
    %ix/vec4/s 4;
    %store/vec4a v0x5555788918b0, 4, 0;
    %pushi/vec4 0, 0, 256;
    %load/vec4 v0x5555788917d0_0;
    %muli 16, 0, 32;
    %part/s 16;
    %pushi/vec4 240, 0, 32;
    %load/vec4 v0x5555788917d0_0;
    %add;
    %ix/vec4/s 4;
    %store/vec4a v0x5555788918b0, 4, 0;
T_5.2 ; for-loop step statement
    %load/vec4 v0x5555788917d0_0;
    %addi 1, 0, 32;
    %store/vec4 v0x5555788917d0_0, 0, 32;
    %jmp T_5.0;
T_5.1 ; for-loop exit label
    %end;
    .thread T_5;
    .scope S_0x555578656580;
T_6 ;
    %wait E_0x555578837230;
    %load/vec4 v0x555578891630_0;
    %flag_set/vec4 9;
    %flag_get/vec4 9;
    %jmp/0 T_6.2, 9;
    %load/vec4 v0x5555788913b0_0;
    %and;
T_6.2;
    %flag_set/vec4 8;
    %jmp/0xz  T_6.0, 8;
    %load/vec4 v0x5555788916f0_0;
    %parti/s 1, 0, 2;
    %nor/r;
    %flag_set/vec4 8;
    %jmp/0xz  T_6.3, 8;
    %load/vec4 v0x555578891550_0;
    %parti/s 1, 0, 2;
    %load/vec4 v0x555578891210_0;
    %parti/s 8, 0, 2;
    %pad/u 10;
    %ix/vec4 3;
    %ix/load 4, 0, 0; Constant delay
    %assign/vec4/a/d v0x5555788918b0, 0, 4;
T_6.3 ;
    %load/vec4 v0x5555788916f0_0;
    %parti/s 1, 1, 2;
    %nor/r;
    %flag_set/vec4 8;
    %jmp/0xz  T_6.5, 8;
    %load/vec4 v0x555578891550_0;
    %parti/s 1, 1, 2;
    %load/vec4 v0x555578891210_0;
    %parti/s 8, 0, 2;
    %pad/u 10;
    %ix/vec4 3;
    %ix/load 4, 1, 0; part off
    %ix/load 5, 0, 0; Constant delay
    %assign/vec4/a/d v0x5555788918b0, 4, 5;
T_6.5 ;
    %load/vec4 v0x5555788916f0_0;
    %parti/s 1, 2, 3;
    %nor/r;
    %flag_set/vec4 8;
    %jmp/0xz  T_6.7, 8;
    %load/vec4 v0x555578891550_0;
    %parti/s 1, 2, 3;
    %load/vec4 v0x555578891210_0;
    %parti/s 8, 0, 2;
    %pad/u 10;
    %ix/vec4 3;
    %ix/load 4, 2, 0; part off
    %ix/load 5, 0, 0; Constant delay
    %assign/vec4/a/d v0x5555788918b0, 4, 5;
T_6.7 ;
    %load/vec4 v0x5555788916f0_0;
    %parti/s 1, 3, 3;
    %nor/r;
    %flag_set/vec4 8;
    %jmp/0xz  T_6.9, 8;
    %load/vec4 v0x555578891550_0;
    %parti/s 1, 3, 3;
    %load/vec4 v0x555578891210_0;
    %parti/s 8, 0, 2;
    %pad/u 10;
    %ix/vec4 3;
    %ix/load 4, 3, 0; part off
    %ix/load 5, 0, 0; Constant delay
    %assign/vec4/a/d v0x5555788918b0, 4, 5;
T_6.9 ;
    %load/vec4 v0x5555788916f0_0;
    %parti/s 1, 4, 4;
    %nor/r;
    %flag_set/vec4 8;
    %jmp/0xz  T_6.11, 8;
    %load/vec4 v0x555578891550_0;
    %parti/s 1, 4, 4;
    %load/vec4 v0x555578891210_0;
    %parti/s 8, 0, 2;
    %pad/u 10;
    %ix/vec4 3;
    %ix/load 4, 4, 0; part off
    %ix/load 5, 0, 0; Constant delay
    %assign/vec4/a/d v0x5555788918b0, 4, 5;
T_6.11 ;
    %load/vec4 v0x5555788916f0_0;
    %parti/s 1, 5, 4;
    %nor/r;
    %flag_set/vec4 8;
    %jmp/0xz  T_6.13, 8;
    %load/vec4 v0x555578891550_0;
    %parti/s 1, 5, 4;
    %load/vec4 v0x555578891210_0;
    %parti/s 8, 0, 2;
    %pad/u 10;
    %ix/vec4 3;
    %ix/load 4, 5, 0; part off
    %ix/load 5, 0, 0; Constant delay
    %assign/vec4/a/d v0x5555788918b0, 4, 5;
T_6.13 ;
    %load/vec4 v0x5555788916f0_0;
    %parti/s 1, 6, 4;
    %nor/r;
    %flag_set/vec4 8;
    %jmp/0xz  T_6.15, 8;
    %load/vec4 v0x555578891550_0;
    %parti/s 1, 6, 4;
    %load/vec4 v0x555578891210_0;
    %parti/s 8, 0, 2;
    %pad/u 10;
    %ix/vec4 3;
    %ix/load 4, 6, 0; part off
    %ix/load 5, 0, 0; Constant delay
    %assign/vec4/a/d v0x5555788918b0, 4, 5;
T_6.15 ;
    %load/vec4 v0x5555788916f0_0;
    %parti/s 1, 7, 4;
    %nor/r;
    %flag_set/vec4 8;
    %jmp/0xz  T_6.17, 8;
    %load/vec4 v0x555578891550_0;
    %parti/s 1, 7, 4;
    %load/vec4 v0x555578891210_0;
    %parti/s 8, 0, 2;
    %pad/u 10;
    %ix/vec4 3;
    %ix/load 4, 7, 0; part off
    %ix/load 5, 0, 0; Constant delay
    %assign/vec4/a/d v0x5555788918b0, 4, 5;
T_6.17 ;
    %load/vec4 v0x5555788916f0_0;
    %parti/s 1, 8, 5;
    %nor/r;
    %flag_set/vec4 8;
    %jmp/0xz  T_6.19, 8;
    %load/vec4 v0x555578891550_0;
    %parti/s 1, 8, 5;
    %load/vec4 v0x555578891210_0;
    %parti/s 8, 0, 2;
    %pad/u 10;
    %ix/vec4 3;
    %ix/load 4, 8, 0; part off
    %ix/load 5, 0, 0; Constant delay
    %assign/vec4/a/d v0x5555788918b0, 4, 5;
T_6.19 ;
    %load/vec4 v0x5555788916f0_0;
    %parti/s 1, 9, 5;
    %nor/r;
    %flag_set/vec4 8;
    %jmp/0xz  T_6.21, 8;
    %load/vec4 v0x555578891550_0;
    %parti/s 1, 9, 5;
    %load/vec4 v0x555578891210_0;
    %parti/s 8, 0, 2;
    %pad/u 10;
    %ix/vec4 3;
    %ix/load 4, 9, 0; part off
    %ix/load 5, 0, 0; Constant delay
    %assign/vec4/a/d v0x5555788918b0, 4, 5;
T_6.21 ;
    %load/vec4 v0x5555788916f0_0;
    %parti/s 1, 10, 5;
    %nor/r;
    %flag_set/vec4 8;
    %jmp/0xz  T_6.23, 8;
    %load/vec4 v0x555578891550_0;
    %parti/s 1, 10, 5;
    %load/vec4 v0x555578891210_0;
    %parti/s 8, 0, 2;
    %pad/u 10;
    %ix/vec4 3;
    %ix/load 4, 10, 0; part off
    %ix/load 5, 0, 0; Constant delay
    %assign/vec4/a/d v0x5555788918b0, 4, 5;
T_6.23 ;
    %load/vec4 v0x5555788916f0_0;
    %parti/s 1, 11, 5;
    %nor/r;
    %flag_set/vec4 8;
    %jmp/0xz  T_6.25, 8;
    %load/vec4 v0x555578891550_0;
    %parti/s 1, 11, 5;
    %load/vec4 v0x555578891210_0;
    %parti/s 8, 0, 2;
    %pad/u 10;
    %ix/vec4 3;
    %ix/load 4, 11, 0; part off
    %ix/load 5, 0, 0; Constant delay
    %assign/vec4/a/d v0x5555788918b0, 4, 5;
T_6.25 ;
    %load/vec4 v0x5555788916f0_0;
    %parti/s 1, 12, 5;
    %nor/r;
    %flag_set/vec4 8;
    %jmp/0xz  T_6.27, 8;
    %load/vec4 v0x555578891550_0;
    %parti/s 1, 12, 5;
    %load/vec4 v0x555578891210_0;
    %parti/s 8, 0, 2;
    %pad/u 10;
    %ix/vec4 3;
    %ix/load 4, 12, 0; part off
    %ix/load 5, 0, 0; Constant delay
    %assign/vec4/a/d v0x5555788918b0, 4, 5;
T_6.27 ;
    %load/vec4 v0x5555788916f0_0;
    %parti/s 1, 13, 5;
    %nor/r;
    %flag_set/vec4 8;
    %jmp/0xz  T_6.29, 8;
    %load/vec4 v0x555578891550_0;
    %parti/s 1, 13, 5;
    %load/vec4 v0x555578891210_0;
    %parti/s 8, 0, 2;
    %pad/u 10;
    %ix/vec4 3;
    %ix/load 4, 13, 0; part off
    %ix/load 5, 0, 0; Constant delay
    %assign/vec4/a/d v0x5555788918b0, 4, 5;
T_6.29 ;
    %load/vec4 v0x5555788916f0_0;
    %parti/s 1, 14, 5;
    %nor/r;
    %flag_set/vec4 8;
    %jmp/0xz  T_6.31, 8;
    %load/vec4 v0x555578891550_0;
    %parti/s 1, 14, 5;
    %load/vec4 v0x555578891210_0;
    %parti/s 8, 0, 2;
    %pad/u 10;
    %ix/vec4 3;
    %ix/load 4, 14, 0; part off
    %ix/load 5, 0, 0; Constant delay
    %assign/vec4/a/d v0x5555788918b0, 4, 5;
T_6.31 ;
    %load/vec4 v0x5555788916f0_0;
    %parti/s 1, 15, 5;
    %nor/r;
    %flag_set/vec4 8;
    %jmp/0xz  T_6.33, 8;
    %load/vec4 v0x555578891550_0;
    %parti/s 1, 15, 5;
    %load/vec4 v0x555578891210_0;
    %parti/s 8, 0, 2;
    %pad/u 10;
    %ix/vec4 3;
    %ix/load 4, 15, 0; part off
    %ix/load 5, 0, 0; Constant delay
    %assign/vec4/a/d v0x5555788918b0, 4, 5;
T_6.33 ;
T_6.0 ;
    %jmp T_6;
    .thread T_6;
    .scope S_0x555578656580;
T_7 ;
    %wait E_0x55557883e740;
    %load/vec4 v0x555578891070_0;
    %flag_set/vec4 9;
    %flag_get/vec4 9;
    %jmp/0 T_7.2, 9;
    %load/vec4 v0x555578890da0_0;
    %and;
T_7.2;
    %flag_set/vec4 8;
    %jmp/0xz  T_7.0, 8;
    %load/vec4 v0x555578890c20_0;
    %parti/s 8, 0, 2;
    %pad/u 10;
    %ix/vec4 4;
    %load/vec4a v0x5555788918b0, 4;
    %load/vec4 v0x555578891130_0;
    %inv;
    %and;
    %assign/vec4 v0x555578890f90_0, 0;
T_7.0 ;
    %jmp T_7;
    .thread T_7;
    .scope S_0x555578852e40;
T_8 ;
    %pushi/vec4 0, 0, 1;
    %store/vec4 v0x55557889ab30_0, 0, 1;
    %end;
    .thread T_8;
    .scope S_0x555578852e40;
T_9 ;
    %wait E_0x5555788375f0;
    %load/vec4 v0x55557889aa70_0;
    %assign/vec4 v0x55557889ab30_0, 0;
    %jmp T_9;
    .thread T_9;
    .scope S_0x5555788670d0;
T_10 ;
    %pushi/vec4 0, 0, 1;
    %store/vec4 v0x55557889aee0_0, 0, 1;
    %end;
    .thread T_10;
    .scope S_0x5555788670d0;
T_11 ;
    %wait E_0x555578854510;
    %load/vec4 v0x55557889ae10_0;
    %flag_set/vec4 8;
    %jmp/0xz  T_11.0, 8;
    %load/vec4 v0x55557889ad50_0;
    %assign/vec4 v0x55557889aee0_0, 0;
T_11.0 ;
    %jmp T_11;
    .thread T_11;
    .scope S_0x555578866ce0;
T_12 ;
    %pushi/vec4 0, 0, 1;
    %store/vec4 v0x55557889b2d0_0, 0, 1;
    %end;
    .thread T_12;
    .scope S_0x555578866ce0;
T_13 ;
    %wait E_0x555578854b80;
    %load/vec4 v0x55557889b390_0;
    %flag_set/vec4 8;
    %jmp/0xz  T_13.0, 8;
    %pushi/vec4 0, 0, 1;
    %assign/vec4 v0x55557889b2d0_0, 0;
    %jmp T_13.1;
T_13.0 ;
    %load/vec4 v0x55557889b230_0;
    %flag_set/vec4 8;
    %jmp/0xz  T_13.2, 8;
    %load/vec4 v0x55557889b170_0;
    %assign/vec4 v0x55557889b2d0_0, 0;
T_13.2 ;
T_13.1 ;
    %jmp T_13;
    .thread T_13;
    .scope S_0x555578855570;
T_14 ;
    %pushi/vec4 0, 0, 1;
    %store/vec4 v0x55557889b7c0_0, 0, 1;
    %end;
    .thread T_14;
    .scope S_0x555578855570;
T_15 ;
    %wait E_0x555578854fd0;
    %load/vec4 v0x55557889b880_0;
    %flag_set/vec4 8;
    %jmp/0xz  T_15.0, 8;
    %pushi/vec4 1, 0, 1;
    %assign/vec4 v0x55557889b7c0_0, 0;
    %jmp T_15.1;
T_15.0 ;
    %load/vec4 v0x55557889b720_0;
    %flag_set/vec4 8;
    %jmp/0xz  T_15.2, 8;
    %load/vec4 v0x55557889b660_0;
    %assign/vec4 v0x55557889b7c0_0, 0;
T_15.2 ;
T_15.1 ;
    %jmp T_15;
    .thread T_15;
    .scope S_0x555578855180;
T_16 ;
    %pushi/vec4 0, 0, 1;
    %store/vec4 v0x55557889bcf0_0, 0, 1;
    %end;
    .thread T_16;
    .scope S_0x555578855180;
T_17 ;
    %wait E_0x55557889ba30;
    %load/vec4 v0x55557889bc50_0;
    %flag_set/vec4 8;
    %jmp/0xz  T_17.0, 8;
    %load/vec4 v0x55557889bdb0_0;
    %flag_set/vec4 8;
    %jmp/0xz  T_17.2, 8;
    %pushi/vec4 0, 0, 1;
    %assign/vec4 v0x55557889bcf0_0, 0;
    %jmp T_17.3;
T_17.2 ;
    %load/vec4 v0x55557889bb90_0;
    %assign/vec4 v0x55557889bcf0_0, 0;
T_17.3 ;
T_17.0 ;
    %jmp T_17;
    .thread T_17;
    .scope S_0x5555788549b0;
T_18 ;
    %pushi/vec4 0, 0, 1;
    %store/vec4 v0x55557889c220_0, 0, 1;
    %end;
    .thread T_18;
    .scope S_0x5555788549b0;
T_19 ;
    %wait E_0x55557889bf60;
    %load/vec4 v0x55557889c180_0;
    %flag_set/vec4 8;
    %jmp/0xz  T_19.0, 8;
    %load/vec4 v0x55557889c2e0_0;
    %flag_set/vec4 8;
    %jmp/0xz  T_19.2, 8;
    %pushi/vec4 1, 0, 1;
    %assign/vec4 v0x55557889c220_0, 0;
    %jmp T_19.3;
T_19.2 ;
    %load/vec4 v0x55557889c0c0_0;
    %assign/vec4 v0x55557889c220_0, 0;
T_19.3 ;
T_19.0 ;
    %jmp T_19;
    .thread T_19;
    .scope S_0x55557884f7c0;
T_20 ;
    %pushi/vec4 0, 0, 1;
    %store/vec4 v0x55557889c6b0_0, 0, 1;
    %end;
    .thread T_20;
    .scope S_0x55557884f7c0;
T_21 ;
    %wait E_0x55557889c490;
    %load/vec4 v0x55557889c5f0_0;
    %assign/vec4 v0x55557889c6b0_0, 0;
    %jmp T_21;
    .thread T_21;
    .scope S_0x555578849db0;
T_22 ;
    %pushi/vec4 0, 0, 1;
    %store/vec4 v0x55557889caa0_0, 0, 1;
    %end;
    .thread T_22;
    .scope S_0x555578849db0;
T_23 ;
    %wait E_0x55557889c7d0;
    %load/vec4 v0x55557889c9d0_0;
    %flag_set/vec4 8;
    %jmp/0xz  T_23.0, 8;
    %load/vec4 v0x55557889c910_0;
    %assign/vec4 v0x55557889caa0_0, 0;
T_23.0 ;
    %jmp T_23;
    .thread T_23;
    .scope S_0x5555788319f0;
T_24 ;
    %pushi/vec4 0, 0, 1;
    %store/vec4 v0x55557889ced0_0, 0, 1;
    %end;
    .thread T_24;
    .scope S_0x5555788319f0;
T_25 ;
    %wait E_0x55557889cc10;
    %load/vec4 v0x55557889cf90_0;
    %flag_set/vec4 8;
    %jmp/0xz  T_25.0, 8;
    %pushi/vec4 0, 0, 1;
    %assign/vec4 v0x55557889ced0_0, 0;
    %jmp T_25.1;
T_25.0 ;
    %load/vec4 v0x55557889ce30_0;
    %flag_set/vec4 8;
    %jmp/0xz  T_25.2, 8;
    %load/vec4 v0x55557889cd70_0;
    %assign/vec4 v0x55557889ced0_0, 0;
T_25.2 ;
T_25.1 ;
    %jmp T_25;
    .thread T_25;
    .scope S_0x555578831600;
T_26 ;
    %pushi/vec4 0, 0, 1;
    %store/vec4 v0x55557889d400_0, 0, 1;
    %end;
    .thread T_26;
    .scope S_0x555578831600;
T_27 ;
    %wait E_0x55557889d140;
    %load/vec4 v0x55557889d4c0_0;
    %flag_set/vec4 8;
    %jmp/0xz  T_27.0, 8;
    %pushi/vec4 1, 0, 1;
    %assign/vec4 v0x55557889d400_0, 0;
    %jmp T_27.1;
T_27.0 ;
    %load/vec4 v0x55557889d360_0;
    %flag_set/vec4 8;
    %jmp/0xz  T_27.2, 8;
    %load/vec4 v0x55557889d2a0_0;
    %assign/vec4 v0x55557889d400_0, 0;
T_27.2 ;
T_27.1 ;
    %jmp T_27;
    .thread T_27;
    .scope S_0x55557882e700;
T_28 ;
    %pushi/vec4 0, 0, 1;
    %store/vec4 v0x55557889d930_0, 0, 1;
    %end;
    .thread T_28;
    .scope S_0x55557882e700;
T_29 ;
    %wait E_0x55557889d670;
    %load/vec4 v0x55557889d890_0;
    %flag_set/vec4 8;
    %jmp/0xz  T_29.0, 8;
    %load/vec4 v0x55557889d9f0_0;
    %flag_set/vec4 8;
    %jmp/0xz  T_29.2, 8;
    %pushi/vec4 0, 0, 1;
    %assign/vec4 v0x55557889d930_0, 0;
    %jmp T_29.3;
T_29.2 ;
    %load/vec4 v0x55557889d7d0_0;
    %assign/vec4 v0x55557889d930_0, 0;
T_29.3 ;
T_29.0 ;
    %jmp T_29;
    .thread T_29;
    .scope S_0x55557882e310;
T_30 ;
    %pushi/vec4 0, 0, 1;
    %store/vec4 v0x55557889de60_0, 0, 1;
    %end;
    .thread T_30;
    .scope S_0x55557882e310;
T_31 ;
    %wait E_0x55557889dba0;
    %load/vec4 v0x55557889ddc0_0;
    %flag_set/vec4 8;
    %jmp/0xz  T_31.0, 8;
    %load/vec4 v0x55557889df20_0;
    %flag_set/vec4 8;
    %jmp/0xz  T_31.2, 8;
    %pushi/vec4 1, 0, 1;
    %assign/vec4 v0x55557889de60_0, 0;
    %jmp T_31.3;
T_31.2 ;
    %load/vec4 v0x55557889dd00_0;
    %assign/vec4 v0x55557889de60_0, 0;
T_31.3 ;
T_31.0 ;
    %jmp T_31;
    .thread T_31;
    .scope S_0x555578828690;
T_32 ;
    %pushi/vec4 0, 0, 1;
    %store/vec4 v0x55557889e2f0_0, 0, 1;
    %end;
    .thread T_32;
    .scope S_0x555578828690;
T_33 ;
    %wait E_0x55557889e0d0;
    %load/vec4 v0x55557889e390_0;
    %flag_set/vec4 8;
    %jmp/0xz  T_33.0, 8;
    %pushi/vec4 0, 0, 1;
    %assign/vec4 v0x55557889e2f0_0, 0;
    %jmp T_33.1;
T_33.0 ;
    %load/vec4 v0x55557889e230_0;
    %assign/vec4 v0x55557889e2f0_0, 0;
T_33.1 ;
    %jmp T_33;
    .thread T_33;
    .scope S_0x55557882b330;
T_34 ;
    %pushi/vec4 0, 0, 1;
    %store/vec4 v0x55557889e720_0, 0, 1;
    %end;
    .thread T_34;
    .scope S_0x55557882b330;
T_35 ;
    %wait E_0x55557889e500;
    %load/vec4 v0x55557889e7c0_0;
    %flag_set/vec4 8;
    %jmp/0xz  T_35.0, 8;
    %pushi/vec4 1, 0, 1;
    %assign/vec4 v0x55557889e720_0, 0;
    %jmp T_35.1;
T_35.0 ;
    %load/vec4 v0x55557889e660_0;
    %assign/vec4 v0x55557889e720_0, 0;
T_35.1 ;
    %jmp T_35;
    .thread T_35;
    .scope S_0x55557882af40;
T_36 ;
    %pushi/vec4 0, 0, 1;
    %store/vec4 v0x55557889eb50_0, 0, 1;
    %end;
    .thread T_36;
    .scope S_0x55557882af40;
T_37 ;
    %wait E_0x55557889e930;
    %load/vec4 v0x55557889ebf0_0;
    %flag_set/vec4 8;
    %jmp/0xz  T_37.0, 8;
    %pushi/vec4 0, 0, 1;
    %assign/vec4 v0x55557889eb50_0, 0;
    %jmp T_37.1;
T_37.0 ;
    %load/vec4 v0x55557889ea90_0;
    %assign/vec4 v0x55557889eb50_0, 0;
T_37.1 ;
    %jmp T_37;
    .thread T_37;
    .scope S_0x5555788282d0;
T_38 ;
    %pushi/vec4 0, 0, 1;
    %store/vec4 v0x55557889ef80_0, 0, 1;
    %end;
    .thread T_38;
    .scope S_0x5555788282d0;
T_39 ;
    %wait E_0x55557889ed60;
    %load/vec4 v0x55557889f020_0;
    %flag_set/vec4 8;
    %jmp/0xz  T_39.0, 8;
    %pushi/vec4 1, 0, 1;
    %assign/vec4 v0x55557889ef80_0, 0;
    %jmp T_39.1;
T_39.0 ;
    %load/vec4 v0x55557889eec0_0;
    %assign/vec4 v0x55557889ef80_0, 0;
T_39.1 ;
    %jmp T_39;
    .thread T_39;
    .scope S_0x555578813ec0;
T_40 ;
    %pushi/vec4 0, 0, 1;
    %store/vec4 v0x55557889f3b0_0, 0, 1;
    %end;
    .thread T_40;
    .scope S_0x555578813ec0;
T_41 ;
    %wait E_0x55557889f190;
    %load/vec4 v0x55557889f450_0;
    %flag_set/vec4 8;
    %jmp/0xz  T_41.0, 8;
    %pushi/vec4 0, 0, 1;
    %assign/vec4 v0x55557889f3b0_0, 0;
    %jmp T_41.1;
T_41.0 ;
    %load/vec4 v0x55557889f2f0_0;
    %assign/vec4 v0x55557889f3b0_0, 0;
T_41.1 ;
    %jmp T_41;
    .thread T_41;
    .scope S_0x555578813b80;
T_42 ;
    %pushi/vec4 0, 0, 1;
    %store/vec4 v0x55557889f7e0_0, 0, 1;
    %end;
    .thread T_42;
    .scope S_0x555578813b80;
T_43 ;
    %wait E_0x55557889f5c0;
    %load/vec4 v0x55557889f880_0;
    %flag_set/vec4 8;
    %jmp/0xz  T_43.0, 8;
    %pushi/vec4 1, 0, 1;
    %assign/vec4 v0x55557889f7e0_0, 0;
    %jmp T_43.1;
T_43.0 ;
    %load/vec4 v0x55557889f720_0;
    %assign/vec4 v0x55557889f7e0_0, 0;
T_43.1 ;
    %jmp T_43;
    .thread T_43;
    .scope S_0x55557880fa70;
T_44 ;
    %pushi/vec4 0, 0, 1;
    %store/vec4 v0x55557889fc10_0, 0, 1;
    %end;
    .thread T_44;
    .scope S_0x55557880fa70;
T_45 ;
    %wait E_0x55557889f9f0;
    %load/vec4 v0x55557889fcb0_0;
    %flag_set/vec4 8;
    %jmp/0xz  T_45.0, 8;
    %pushi/vec4 0, 0, 1;
    %assign/vec4 v0x55557889fc10_0, 0;
    %jmp T_45.1;
T_45.0 ;
    %load/vec4 v0x55557889fb50_0;
    %assign/vec4 v0x55557889fc10_0, 0;
T_45.1 ;
    %jmp T_45;
    .thread T_45;
    .scope S_0x55557880f6b0;
T_46 ;
    %pushi/vec4 0, 0, 1;
    %store/vec4 v0x5555788a0040_0, 0, 1;
    %end;
    .thread T_46;
    .scope S_0x55557880f6b0;
T_47 ;
    %wait E_0x55557889fe20;
    %load/vec4 v0x5555788a00e0_0;
    %flag_set/vec4 8;
    %jmp/0xz  T_47.0, 8;
    %pushi/vec4 1, 0, 1;
    %assign/vec4 v0x5555788a0040_0, 0;
    %jmp T_47.1;
T_47.0 ;
    %load/vec4 v0x55557889ff80_0;
    %assign/vec4 v0x5555788a0040_0, 0;
T_47.1 ;
    %jmp T_47;
    .thread T_47;
    .scope S_0x5555788a0cf0;
T_48 ;
    %wait E_0x5555788a1010;
    %load/vec4 v0x5555788a19f0_0;
    %assign/vec4 v0x5555788a1ab0_0, 0;
    %jmp T_48;
    .thread T_48;
    .scope S_0x5555788a0cf0;
T_49 ;
    %wait E_0x5555788a1010;
    %load/vec4 v0x5555788a19f0_0;
    %flag_set/vec4 8;
    %jmp/0xz  T_49.0, 8;
    %load/vec4 v0x5555788a1790_0;
    %assign/vec4 v0x5555788a1ec0_0, 0;
T_49.0 ;
    %jmp T_49;
    .thread T_49;
    .scope S_0x5555788a0cf0;
T_50 ;
    %wait E_0x5555788a0fb0;
    %load/vec4 v0x5555788a1ab0_0;
    %flag_set/vec4 8;
    %jmp/0xz  T_50.0, 8;
    %load/vec4 v0x5555788a1790_0;
    %assign/vec4 v0x5555788a1f80_0, 0;
T_50.0 ;
    %jmp T_50;
    .thread T_50;
    .scope S_0x5555788a0cf0;
T_51 ;
    %wait E_0x5555788a0ed0;
    %load/vec4 v0x5555788a19f0_0;
    %assign/vec4 v0x5555788a1b70_0, 0;
    %jmp T_51;
    .thread T_51;
    .scope S_0x5555788a0cf0;
T_52 ;
    %wait E_0x5555788a0ed0;
    %load/vec4 v0x5555788a19f0_0;
    %flag_set/vec4 8;
    %jmp/0xz  T_52.0, 8;
    %load/vec4 v0x5555788a12c0_0;
    %assign/vec4 v0x5555788a2100_0, 0;
T_52.0 ;
    %jmp T_52;
    .thread T_52;
    .scope S_0x5555788a0cf0;
T_53 ;
    %wait E_0x5555788a0f50;
    %load/vec4 v0x5555788a1b70_0;
    %flag_set/vec4 8;
    %jmp/0xz  T_53.0, 8;
    %load/vec4 v0x5555788a1380_0;
    %assign/vec4 v0x5555788a21c0_0, 0;
T_53.0 ;
    %jmp T_53;
    .thread T_53;
    .scope S_0x5555788a0cf0;
T_54 ;
    %wait E_0x5555788a0ed0;
    %load/vec4 v0x5555788a19f0_0;
    %flag_set/vec4 8;
    %jmp/0xz  T_54.0, 8;
    %load/vec4 v0x5555788a16d0_0;
    %assign/vec4 v0x5555788a2400_0, 0;
T_54.0 ;
    %jmp T_54;
    .thread T_54;
    .scope S_0x5555788a0630;
T_55 ;
    %wait E_0x5555788a0c60;
    %load/vec4 v0x5555788a1ec0_0;
    %store/vec4 v0x5555788a1c30_0, 0, 1;
    %load/vec4 v0x5555788a1f80_0;
    %store/vec4 v0x5555788a1cf0_0, 0, 1;
    %jmp T_55;
    .thread T_55, $push;
    .scope S_0x5555788a0630;
T_56 ;
    %wait E_0x5555788a0c00;
    %load/vec4 v0x5555788a1610_0;
    %assign/vec4 v0x5555788a2280_0, 0;
    %jmp T_56;
    .thread T_56, $push;
    .scope S_0x5555788a0630;
T_57 ;
    %wait E_0x5555788a0ba0;
    %load/vec4 v0x5555788a2280_0;
    %assign/vec4 v0x5555788a2340_0, 0;
    %jmp T_57;
    .thread T_57, $push;
    .scope S_0x5555788a0630;
T_58 ;
    %wait E_0x5555788a0b40;
    %load/vec4 v0x5555788a2340_0;
    %pushi/vec4 0, 0, 1;
    %xor;
    %flag_set/vec4 8;
    %jmp/1 T_58.2, 8;
    %pushi/vec4 0, 0, 1;
    %flag_set/vec4 9;
    %flag_or 8, 9;
T_58.2;
    %jmp/0 T_58.0, 8;
    %load/vec4 v0x5555788a2100_0;
    %jmp/1 T_58.1, 8;
T_58.0 ; End of true expr.
    %load/vec4 v0x5555788a21c0_0;
    %jmp/0 T_58.1, 8;
 ; End of false expr.
    %blend;
T_58.1;
    %store/vec4 v0x5555788a2040_0, 0, 1;
    %jmp T_58;
    .thread T_58, $push;
    .scope S_0x5555788a5eb0;
T_59 ;
    %wait E_0x5555788a6180;
    %load/vec4 v0x5555788a6210_0;
    %flag_set/vec4 8;
    %jmp/0xz  T_59.0, 8;
    %load/vec4 v0x5555788a6900_0;
    %assign/vec4 v0x5555788a6cc0_0, 0;
T_59.0 ;
    %jmp T_59;
    .thread T_59;
    .scope S_0x5555788a5eb0;
T_60 ;
    %wait E_0x5555788a6120;
    %load/vec4 v0x5555788a6210_0;
    %flag_set/vec4 8;
    %jmp/0xz  T_60.0, 8;
    %load/vec4 v0x5555788a6900_0;
    %assign/vec4 v0x5555788a6d80_0, 0;
T_60.0 ;
    %jmp T_60;
    .thread T_60;
    .scope S_0x5555788a5eb0;
T_61 ;
    %wait E_0x5555788a6040;
    %load/vec4 v0x5555788a6210_0;
    %flag_set/vec4 8;
    %jmp/0xz  T_61.0, 8;
    %load/vec4 v0x5555788a6430_0;
    %assign/vec4 v0x5555788a6f00_0, 0;
T_61.0 ;
    %jmp T_61;
    .thread T_61;
    .scope S_0x5555788a5eb0;
T_62 ;
    %wait E_0x5555788a60c0;
    %load/vec4 v0x5555788a6210_0;
    %flag_set/vec4 8;
    %jmp/0xz  T_62.0, 8;
    %load/vec4 v0x5555788a64f0_0;
    %assign/vec4 v0x5555788a6fc0_0, 0;
T_62.0 ;
    %jmp T_62;
    .thread T_62;
    .scope S_0x5555788a5eb0;
T_63 ;
    %wait E_0x5555788a6040;
    %load/vec4 v0x5555788a6210_0;
    %flag_set/vec4 8;
    %jmp/0xz  T_63.0, 8;
    %load/vec4 v0x5555788a6840_0;
    %assign/vec4 v0x5555788a7200_0, 0;
T_63.0 ;
    %jmp T_63;
    .thread T_63;
    .scope S_0x55557884f230;
T_64 ;
    %wait E_0x5555788a5e20;
    %load/vec4 v0x5555788a6cc0_0;
    %store/vec4 v0x5555788a6b40_0, 0, 1;
    %load/vec4 v0x5555788a6d80_0;
    %store/vec4 v0x5555788a6c00_0, 0, 1;
    %jmp T_64;
    .thread T_64, $push;
    .scope S_0x55557884f230;
T_65 ;
    %wait E_0x5555788a5dc0;
    %load/vec4 v0x5555788a6780_0;
    %assign/vec4 v0x5555788a7080_0, 0;
    %jmp T_65;
    .thread T_65, $push;
    .scope S_0x55557884f230;
T_66 ;
    %wait E_0x5555788a5d60;
    %load/vec4 v0x5555788a7080_0;
    %assign/vec4 v0x5555788a7140_0, 0;
    %jmp T_66;
    .thread T_66, $push;
    .scope S_0x55557884f230;
T_67 ;
    %wait E_0x5555788a5ce0;
    %load/vec4 v0x5555788a7140_0;
    %pushi/vec4 0, 0, 1;
    %xor;
    %flag_set/vec4 8;
    %jmp/1 T_67.2, 8;
    %pushi/vec4 0, 0, 1;
    %flag_set/vec4 9;
    %flag_or 8, 9;
T_67.2;
    %jmp/0 T_67.0, 8;
    %load/vec4 v0x5555788a6f00_0;
    %jmp/1 T_67.1, 8;
T_67.0 ; End of true expr.
    %load/vec4 v0x5555788a6fc0_0;
    %jmp/0 T_67.1, 8;
 ; End of false expr.
    %blend;
T_67.1;
    %store/vec4 v0x5555788a6e40_0, 0, 1;
    %jmp T_67;
    .thread T_67, $push;
    .scope S_0x5555788a7610;
T_68 ;
    %wait E_0x5555788a78e0;
    %load/vec4 v0x5555788a7970_0;
    %flag_set/vec4 8;
    %jmp/0xz  T_68.0, 8;
    %load/vec4 v0x5555788a8060_0;
    %assign/vec4 v0x5555788a82a0_0, 0;
T_68.0 ;
    %jmp T_68;
    .thread T_68;
    .scope S_0x5555788a7610;
T_69 ;
    %wait E_0x5555788a7880;
    %load/vec4 v0x5555788a7970_0;
    %flag_set/vec4 8;
    %jmp/0xz  T_69.0, 8;
    %load/vec4 v0x5555788a8060_0;
    %assign/vec4 v0x5555788a8360_0, 0;
T_69.0 ;
    %jmp T_69;
    .thread T_69;
    .scope S_0x5555788a7610;
T_70 ;
    %wait E_0x5555788a77a0;
    %load/vec4 v0x5555788a7970_0;
    %flag_set/vec4 8;
    %jmp/0xz  T_70.0, 8;
    %load/vec4 v0x5555788a7b90_0;
    %assign/vec4 v0x5555788a84e0_0, 0;
T_70.0 ;
    %jmp T_70;
    .thread T_70;
    .scope S_0x5555788a7610;
T_71 ;
    %wait E_0x5555788a7820;
    %load/vec4 v0x5555788a7970_0;
    %flag_set/vec4 8;
    %jmp/0xz  T_71.0, 8;
    %load/vec4 v0x5555788a7c50_0;
    %assign/vec4 v0x5555788a85a0_0, 0;
T_71.0 ;
    %jmp T_71;
    .thread T_71;
    .scope S_0x5555788a7610;
T_72 ;
    %wait E_0x5555788a77a0;
    %load/vec4 v0x5555788a7970_0;
    %flag_set/vec4 8;
    %jmp/0xz  T_72.0, 8;
    %load/vec4 v0x5555788a7fa0_0;
    %assign/vec4 v0x5555788a88f0_0, 0;
T_72.0 ;
    %jmp T_72;
    .thread T_72;
    .scope S_0x5555788389b0;
T_73 ;
    %wait E_0x5555788a7580;
    %load/vec4 v0x5555788a82a0_0;
    %store/vec4 v0x5555788a8120_0, 0, 1;
    %load/vec4 v0x5555788a8360_0;
    %store/vec4 v0x5555788a81e0_0, 0, 1;
    %jmp T_73;
    .thread T_73, $push;
    .scope S_0x5555788389b0;
T_74 ;
    %wait E_0x5555788a7520;
    %load/vec4 v0x5555788a7ee0_0;
    %assign/vec4 v0x5555788a8770_0, 0;
    %jmp T_74;
    .thread T_74, $push;
    .scope S_0x5555788389b0;
T_75 ;
    %wait E_0x5555788a74c0;
    %load/vec4 v0x5555788a8770_0;
    %assign/vec4 v0x5555788a8830_0, 0;
    %jmp T_75;
    .thread T_75, $push;
    .scope S_0x5555788389b0;
T_76 ;
    %wait E_0x5555788a7440;
    %load/vec4 v0x5555788a8830_0;
    %pushi/vec4 0, 0, 1;
    %xor;
    %flag_set/vec4 8;
    %jmp/1 T_76.2, 8;
    %pushi/vec4 0, 0, 1;
    %flag_set/vec4 9;
    %flag_or 8, 9;
T_76.2;
    %jmp/0 T_76.0, 8;
    %load/vec4 v0x5555788a84e0_0;
    %jmp/1 T_76.1, 8;
T_76.0 ; End of true expr.
    %load/vec4 v0x5555788a85a0_0;
    %jmp/0 T_76.1, 8;
 ; End of false expr.
    %blend;
T_76.1;
    %store/vec4 v0x5555788a8420_0, 0, 1;
    %jmp T_76;
    .thread T_76, $push;
    .scope S_0x555578835660;
T_77 ;
    %wait E_0x5555788ab300;
    %load/vec4 v0x5555788ac690_0;
    %flag_set/vec4 8;
    %jmp/0xz  T_77.0, 8;
    %pushi/vec4 0, 0, 16;
    %assign/vec4 v0x5555788b2300_0, 0;
    %pushi/vec4 0, 0, 16;
    %assign/vec4 v0x5555788b2140_0, 0;
    %jmp T_77.1;
T_77.0 ;
    %load/vec4 v0x5555788abea0_0;
    %flag_set/vec4 8;
    %jmp/0xz  T_77.2, 8;
    %load/vec4 v0x5555788abf60_0;
    %nor/r;
    %flag_set/vec4 8;
    %jmp/0xz  T_77.4, 8;
    %load/vec4 v0x5555788abdc0_0;
    %assign/vec4 v0x5555788b2300_0, 0;
T_77.4 ;
    %load/vec4 v0x5555788ab750_0;
    %nor/r;
    %flag_set/vec4 8;
    %jmp/0xz  T_77.6, 8;
    %load/vec4 v0x5555788ab390_0;
    %assign/vec4 v0x5555788b2140_0, 0;
T_77.6 ;
T_77.2 ;
T_77.1 ;
    %jmp T_77;
    .thread T_77;
    .scope S_0x555578835660;
T_78 ;
    %wait E_0x5555788ab2a0;
    %load/vec4 v0x5555788ac5d0_0;
    %flag_set/vec4 8;
    %jmp/0xz  T_78.0, 8;
    %pushi/vec4 0, 0, 16;
    %assign/vec4 v0x5555788b2220_0, 0;
    %pushi/vec4 0, 0, 16;
    %assign/vec4 v0x5555788b23e0_0, 0;
    %jmp T_78.1;
T_78.0 ;
    %load/vec4 v0x5555788abea0_0;
    %flag_set/vec4 8;
    %jmp/0xz  T_78.2, 8;
    %load/vec4 v0x5555788abb40_0;
    %nor/r;
    %flag_set/vec4 8;
    %jmp/0xz  T_78.4, 8;
    %load/vec4 v0x5555788ab9d0_0;
    %assign/vec4 v0x5555788b2220_0, 0;
T_78.4 ;
    %load/vec4 v0x5555788ac450_0;
    %nor/r;
    %flag_set/vec4 8;
    %jmp/0xz  T_78.6, 8;
    %load/vec4 v0x5555788ac370_0;
    %assign/vec4 v0x5555788b23e0_0, 0;
T_78.6 ;
T_78.2 ;
T_78.1 ;
    %jmp T_78;
    .thread T_78;
    .scope S_0x555578835660;
T_79 ;
    %wait E_0x5555788ab300;
    %load/vec4 v0x5555788ac690_0;
    %flag_set/vec4 8;
    %jmp/0xz  T_79.0, 8;
    %pushi/vec4 0, 0, 16;
    %assign/vec4 v0x5555788b2cd0_0, 0;
    %pushi/vec4 0, 0, 16;
    %assign/vec4 v0x5555788b2f70_0, 0;
    %jmp T_79.1;
T_79.0 ;
    %load/vec4 v0x5555788abea0_0;
    %flag_set/vec4 8;
    %jmp/0xz  T_79.2, 8;
    %load/vec4 v0x5555788b1dc0_0;
    %assign/vec4 v0x5555788b2cd0_0, 0;
    %load/vec4 v0x5555788b1f80_0;
    %assign/vec4 v0x5555788b2f70_0, 0;
T_79.2 ;
T_79.1 ;
    %jmp T_79;
    .thread T_79;
    .scope S_0x555578835660;
T_80 ;
    %wait E_0x5555788ab2a0;
    %load/vec4 v0x5555788ac5d0_0;
    %flag_set/vec4 8;
    %jmp/0xz  T_80.0, 8;
    %pushi/vec4 0, 0, 16;
    %assign/vec4 v0x5555788b3050_0, 0;
    %pushi/vec4 0, 0, 16;
    %assign/vec4 v0x5555788b2db0_0, 0;
    %jmp T_80.1;
T_80.0 ;
    %load/vec4 v0x5555788abea0_0;
    %flag_set/vec4 8;
    %jmp/0xz  T_80.2, 8;
    %load/vec4 v0x5555788b1ea0_0;
    %assign/vec4 v0x5555788b3050_0, 0;
    %load/vec4 v0x5555788b2060_0;
    %assign/vec4 v0x5555788b2db0_0, 0;
T_80.2 ;
T_80.1 ;
    %jmp T_80;
    .thread T_80;
    .scope S_0x555578835660;
T_81 ;
    %wait E_0x5555788ab2a0;
    %load/vec4 v0x5555788ac5d0_0;
    %flag_set/vec4 8;
    %jmp/0xz  T_81.0, 8;
    %pushi/vec4 0, 0, 32;
    %assign/vec4 v0x5555788b2e90_0, 0;
    %jmp T_81.1;
T_81.0 ;
    %load/vec4 v0x5555788abea0_0;
    %flag_set/vec4 8;
    %jmp/0xz  T_81.2, 8;
    %load/vec4 v0x5555788b15e0_0;
    %assign/vec4 v0x5555788b2e90_0, 0;
T_81.2 ;
T_81.1 ;
    %jmp T_81;
    .thread T_81;
    .scope S_0x555578835660;
T_82 ;
    %wait E_0x5555788ab240;
    %load/vec4 v0x5555788acd70_0;
    %flag_set/vec4 8;
    %jmp/0xz  T_82.0, 8;
    %pushi/vec4 0, 0, 16;
    %assign/vec4 v0x5555788b3130_0, 0;
    %jmp T_82.1;
T_82.0 ;
    %load/vec4 v0x5555788abea0_0;
    %flag_set/vec4 8;
    %jmp/0xz  T_82.2, 8;
    %load/vec4 v0x5555788aca70_0;
    %nor/r;
    %flag_set/vec4 8;
    %jmp/0xz  T_82.4, 8;
    %load/vec4 v0x5555788b16c0_0;
    %assign/vec4 v0x5555788b3130_0, 0;
T_82.4 ;
T_82.2 ;
T_82.1 ;
    %jmp T_82;
    .thread T_82;
    .scope S_0x555578835660;
T_83 ;
    %wait E_0x5555788ab1c0;
    %load/vec4 v0x5555788accb0_0;
    %flag_set/vec4 8;
    %jmp/0xz  T_83.0, 8;
    %pushi/vec4 0, 0, 16;
    %assign/vec4 v0x5555788b3210_0, 0;
    %jmp T_83.1;
T_83.0 ;
    %load/vec4 v0x5555788abea0_0;
    %flag_set/vec4 8;
    %jmp/0xz  T_83.2, 8;
    %load/vec4 v0x5555788ac9b0_0;
    %nor/r;
    %flag_set/vec4 8;
    %jmp/0xz  T_83.4, 8;
    %load/vec4 v0x5555788b1880_0;
    %assign/vec4 v0x5555788b3210_0, 0;
T_83.4 ;
T_83.2 ;
T_83.1 ;
    %jmp T_83;
    .thread T_83;
    .scope S_0x5555788b7450;
T_84 ;
    %pushi/vec4 0, 0, 32;
    %store/vec4 v0x5555788ba870_0, 0, 32;
T_84.0 ; Top of for-loop 
    %load/vec4 v0x5555788ba870_0;
    %cmpi/s 16, 0, 32;
    %jmp/0xz T_84.1, 5;
    %pushi/vec4 0, 0, 256;
    %load/vec4 v0x5555788ba870_0;
    %muli 16, 0, 32;
    %part/s 16;
    %pushi/vec4 0, 0, 32;
    %load/vec4 v0x5555788ba870_0;
    %add;
    %ix/vec4/s 4;
    %store/vec4a v0x5555788ba950, 4, 0;
    %pushi/vec4 0, 0, 256;
    %load/vec4 v0x5555788ba870_0;
    %muli 16, 0, 32;
    %part/s 16;
    %pushi/vec4 16, 0, 32;
    %load/vec4 v0x5555788ba870_0;
    %add;
    %ix/vec4/s 4;
    %store/vec4a v0x5555788ba950, 4, 0;
    %pushi/vec4 0, 0, 256;
    %load/vec4 v0x5555788ba870_0;
    %muli 16, 0, 32;
    %part/s 16;
    %pushi/vec4 32, 0, 32;
    %load/vec4 v0x5555788ba870_0;
    %add;
    %ix/vec4/s 4;
    %store/vec4a v0x5555788ba950, 4, 0;
    %pushi/vec4 0, 0, 256;
    %load/vec4 v0x5555788ba870_0;
    %muli 16, 0, 32;
    %part/s 16;
    %pushi/vec4 48, 0, 32;
    %load/vec4 v0x5555788ba870_0;
    %add;
    %ix/vec4/s 4;
    %store/vec4a v0x5555788ba950, 4, 0;
    %pushi/vec4 0, 0, 256;
    %load/vec4 v0x5555788ba870_0;
    %muli 16, 0, 32;
    %part/s 16;
    %pushi/vec4 64, 0, 32;
    %load/vec4 v0x5555788ba870_0;
    %add;
    %ix/vec4/s 4;
    %store/vec4a v0x5555788ba950, 4, 0;
    %pushi/vec4 0, 0, 256;
    %load/vec4 v0x5555788ba870_0;
    %muli 16, 0, 32;
    %part/s 16;
    %pushi/vec4 80, 0, 32;
    %load/vec4 v0x5555788ba870_0;
    %add;
    %ix/vec4/s 4;
    %store/vec4a v0x5555788ba950, 4, 0;
    %pushi/vec4 0, 0, 256;
    %load/vec4 v0x5555788ba870_0;
    %muli 16, 0, 32;
    %part/s 16;
    %pushi/vec4 96, 0, 32;
    %load/vec4 v0x5555788ba870_0;
    %add;
    %ix/vec4/s 4;
    %store/vec4a v0x5555788ba950, 4, 0;
    %pushi/vec4 0, 0, 256;
    %load/vec4 v0x5555788ba870_0;
    %muli 16, 0, 32;
    %part/s 16;
    %pushi/vec4 112, 0, 32;
    %load/vec4 v0x5555788ba870_0;
    %add;
    %ix/vec4/s 4;
    %store/vec4a v0x5555788ba950, 4, 0;
    %pushi/vec4 0, 0, 256;
    %load/vec4 v0x5555788ba870_0;
    %muli 16, 0, 32;
    %part/s 16;
    %pushi/vec4 128, 0, 32;
    %load/vec4 v0x5555788ba870_0;
    %add;
    %ix/vec4/s 4;
    %store/vec4a v0x5555788ba950, 4, 0;
    %pushi/vec4 0, 0, 256;
    %load/vec4 v0x5555788ba870_0;
    %muli 16, 0, 32;
    %part/s 16;
    %pushi/vec4 144, 0, 32;
    %load/vec4 v0x5555788ba870_0;
    %add;
    %ix/vec4/s 4;
    %store/vec4a v0x5555788ba950, 4, 0;
    %pushi/vec4 0, 0, 256;
    %load/vec4 v0x5555788ba870_0;
    %muli 16, 0, 32;
    %part/s 16;
    %pushi/vec4 160, 0, 32;
    %load/vec4 v0x5555788ba870_0;
    %add;
    %ix/vec4/s 4;
    %store/vec4a v0x5555788ba950, 4, 0;
    %pushi/vec4 0, 0, 256;
    %load/vec4 v0x5555788ba870_0;
    %muli 16, 0, 32;
    %part/s 16;
    %pushi/vec4 176, 0, 32;
    %load/vec4 v0x5555788ba870_0;
    %add;
    %ix/vec4/s 4;
    %store/vec4a v0x5555788ba950, 4, 0;
    %pushi/vec4 0, 0, 256;
    %load/vec4 v0x5555788ba870_0;
    %muli 16, 0, 32;
    %part/s 16;
    %pushi/vec4 192, 0, 32;
    %load/vec4 v0x5555788ba870_0;
    %add;
    %ix/vec4/s 4;
    %store/vec4a v0x5555788ba950, 4, 0;
    %pushi/vec4 0, 0, 256;
    %load/vec4 v0x5555788ba870_0;
    %muli 16, 0, 32;
    %part/s 16;
    %pushi/vec4 208, 0, 32;
    %load/vec4 v0x5555788ba870_0;
    %add;
    %ix/vec4/s 4;
    %store/vec4a v0x5555788ba950, 4, 0;
    %pushi/vec4 0, 0, 256;
    %load/vec4 v0x5555788ba870_0;
    %muli 16, 0, 32;
    %part/s 16;
    %pushi/vec4 224, 0, 32;
    %load/vec4 v0x5555788ba870_0;
    %add;
    %ix/vec4/s 4;
    %store/vec4a v0x5555788ba950, 4, 0;
    %pushi/vec4 0, 0, 256;
    %load/vec4 v0x5555788ba870_0;
    %muli 16, 0, 32;
    %part/s 16;
    %pushi/vec4 240, 0, 32;
    %load/vec4 v0x5555788ba870_0;
    %add;
    %ix/vec4/s 4;
    %store/vec4a v0x5555788ba950, 4, 0;
T_84.2 ; for-loop step statement
    %load/vec4 v0x5555788ba870_0;
    %addi 1, 0, 32;
    %store/vec4 v0x5555788ba870_0, 0, 32;
    %jmp T_84.0;
T_84.1 ; for-loop exit label
    %end;
    .thread T_84;
    .scope S_0x5555788b7450;
T_85 ;
    %wait E_0x5555788b9380;
    %load/vec4 v0x5555788ba6d0_0;
    %flag_set/vec4 9;
    %flag_get/vec4 9;
    %jmp/0 T_85.2, 9;
    %load/vec4 v0x5555788ba450_0;
    %and;
T_85.2;
    %flag_set/vec4 8;
    %jmp/0xz  T_85.0, 8;
    %load/vec4 v0x5555788ba790_0;
    %parti/s 1, 0, 2;
    %nor/r;
    %flag_set/vec4 8;
    %jmp/0xz  T_85.3, 8;
    %load/vec4 v0x5555788ba5f0_0;
    %parti/s 1, 0, 2;
    %load/vec4 v0x5555788ba2b0_0;
    %parti/s 8, 0, 2;
    %pad/u 10;
    %ix/vec4 3;
    %ix/load 4, 0, 0; Constant delay
    %assign/vec4/a/d v0x5555788ba950, 0, 4;
T_85.3 ;
    %load/vec4 v0x5555788ba790_0;
    %parti/s 1, 1, 2;
    %nor/r;
    %flag_set/vec4 8;
    %jmp/0xz  T_85.5, 8;
    %load/vec4 v0x5555788ba5f0_0;
    %parti/s 1, 1, 2;
    %load/vec4 v0x5555788ba2b0_0;
    %parti/s 8, 0, 2;
    %pad/u 10;
    %ix/vec4 3;
    %ix/load 4, 1, 0; part off
    %ix/load 5, 0, 0; Constant delay
    %assign/vec4/a/d v0x5555788ba950, 4, 5;
T_85.5 ;
    %load/vec4 v0x5555788ba790_0;
    %parti/s 1, 2, 3;
    %nor/r;
    %flag_set/vec4 8;
    %jmp/0xz  T_85.7, 8;
    %load/vec4 v0x5555788ba5f0_0;
    %parti/s 1, 2, 3;
    %load/vec4 v0x5555788ba2b0_0;
    %parti/s 8, 0, 2;
    %pad/u 10;
    %ix/vec4 3;
    %ix/load 4, 2, 0; part off
    %ix/load 5, 0, 0; Constant delay
    %assign/vec4/a/d v0x5555788ba950, 4, 5;
T_85.7 ;
    %load/vec4 v0x5555788ba790_0;
    %parti/s 1, 3, 3;
    %nor/r;
    %flag_set/vec4 8;
    %jmp/0xz  T_85.9, 8;
    %load/vec4 v0x5555788ba5f0_0;
    %parti/s 1, 3, 3;
    %load/vec4 v0x5555788ba2b0_0;
    %parti/s 8, 0, 2;
    %pad/u 10;
    %ix/vec4 3;
    %ix/load 4, 3, 0; part off
    %ix/load 5, 0, 0; Constant delay
    %assign/vec4/a/d v0x5555788ba950, 4, 5;
T_85.9 ;
    %load/vec4 v0x5555788ba790_0;
    %parti/s 1, 4, 4;
    %nor/r;
    %flag_set/vec4 8;
    %jmp/0xz  T_85.11, 8;
    %load/vec4 v0x5555788ba5f0_0;
    %parti/s 1, 4, 4;
    %load/vec4 v0x5555788ba2b0_0;
    %parti/s 8, 0, 2;
    %pad/u 10;
    %ix/vec4 3;
    %ix/load 4, 4, 0; part off
    %ix/load 5, 0, 0; Constant delay
    %assign/vec4/a/d v0x5555788ba950, 4, 5;
T_85.11 ;
    %load/vec4 v0x5555788ba790_0;
    %parti/s 1, 5, 4;
    %nor/r;
    %flag_set/vec4 8;
    %jmp/0xz  T_85.13, 8;
    %load/vec4 v0x5555788ba5f0_0;
    %parti/s 1, 5, 4;
    %load/vec4 v0x5555788ba2b0_0;
    %parti/s 8, 0, 2;
    %pad/u 10;
    %ix/vec4 3;
    %ix/load 4, 5, 0; part off
    %ix/load 5, 0, 0; Constant delay
    %assign/vec4/a/d v0x5555788ba950, 4, 5;
T_85.13 ;
    %load/vec4 v0x5555788ba790_0;
    %parti/s 1, 6, 4;
    %nor/r;
    %flag_set/vec4 8;
    %jmp/0xz  T_85.15, 8;
    %load/vec4 v0x5555788ba5f0_0;
    %parti/s 1, 6, 4;
    %load/vec4 v0x5555788ba2b0_0;
    %parti/s 8, 0, 2;
    %pad/u 10;
    %ix/vec4 3;
    %ix/load 4, 6, 0; part off
    %ix/load 5, 0, 0; Constant delay
    %assign/vec4/a/d v0x5555788ba950, 4, 5;
T_85.15 ;
    %load/vec4 v0x5555788ba790_0;
    %parti/s 1, 7, 4;
    %nor/r;
    %flag_set/vec4 8;
    %jmp/0xz  T_85.17, 8;
    %load/vec4 v0x5555788ba5f0_0;
    %parti/s 1, 7, 4;
    %load/vec4 v0x5555788ba2b0_0;
    %parti/s 8, 0, 2;
    %pad/u 10;
    %ix/vec4 3;
    %ix/load 4, 7, 0; part off
    %ix/load 5, 0, 0; Constant delay
    %assign/vec4/a/d v0x5555788ba950, 4, 5;
T_85.17 ;
    %load/vec4 v0x5555788ba790_0;
    %parti/s 1, 8, 5;
    %nor/r;
    %flag_set/vec4 8;
    %jmp/0xz  T_85.19, 8;
    %load/vec4 v0x5555788ba5f0_0;
    %parti/s 1, 8, 5;
    %load/vec4 v0x5555788ba2b0_0;
    %parti/s 8, 0, 2;
    %pad/u 10;
    %ix/vec4 3;
    %ix/load 4, 8, 0; part off
    %ix/load 5, 0, 0; Constant delay
    %assign/vec4/a/d v0x5555788ba950, 4, 5;
T_85.19 ;
    %load/vec4 v0x5555788ba790_0;
    %parti/s 1, 9, 5;
    %nor/r;
    %flag_set/vec4 8;
    %jmp/0xz  T_85.21, 8;
    %load/vec4 v0x5555788ba5f0_0;
    %parti/s 1, 9, 5;
    %load/vec4 v0x5555788ba2b0_0;
    %parti/s 8, 0, 2;
    %pad/u 10;
    %ix/vec4 3;
    %ix/load 4, 9, 0; part off
    %ix/load 5, 0, 0; Constant delay
    %assign/vec4/a/d v0x5555788ba950, 4, 5;
T_85.21 ;
    %load/vec4 v0x5555788ba790_0;
    %parti/s 1, 10, 5;
    %nor/r;
    %flag_set/vec4 8;
    %jmp/0xz  T_85.23, 8;
    %load/vec4 v0x5555788ba5f0_0;
    %parti/s 1, 10, 5;
    %load/vec4 v0x5555788ba2b0_0;
    %parti/s 8, 0, 2;
    %pad/u 10;
    %ix/vec4 3;
    %ix/load 4, 10, 0; part off
    %ix/load 5, 0, 0; Constant delay
    %assign/vec4/a/d v0x5555788ba950, 4, 5;
T_85.23 ;
    %load/vec4 v0x5555788ba790_0;
    %parti/s 1, 11, 5;
    %nor/r;
    %flag_set/vec4 8;
    %jmp/0xz  T_85.25, 8;
    %load/vec4 v0x5555788ba5f0_0;
    %parti/s 1, 11, 5;
    %load/vec4 v0x5555788ba2b0_0;
    %parti/s 8, 0, 2;
    %pad/u 10;
    %ix/vec4 3;
    %ix/load 4, 11, 0; part off
    %ix/load 5, 0, 0; Constant delay
    %assign/vec4/a/d v0x5555788ba950, 4, 5;
T_85.25 ;
    %load/vec4 v0x5555788ba790_0;
    %parti/s 1, 12, 5;
    %nor/r;
    %flag_set/vec4 8;
    %jmp/0xz  T_85.27, 8;
    %load/vec4 v0x5555788ba5f0_0;
    %parti/s 1, 12, 5;
    %load/vec4 v0x5555788ba2b0_0;
    %parti/s 8, 0, 2;
    %pad/u 10;
    %ix/vec4 3;
    %ix/load 4, 12, 0; part off
    %ix/load 5, 0, 0; Constant delay
    %assign/vec4/a/d v0x5555788ba950, 4, 5;
T_85.27 ;
    %load/vec4 v0x5555788ba790_0;
    %parti/s 1, 13, 5;
    %nor/r;
    %flag_set/vec4 8;
    %jmp/0xz  T_85.29, 8;
    %load/vec4 v0x5555788ba5f0_0;
    %parti/s 1, 13, 5;
    %load/vec4 v0x5555788ba2b0_0;
    %parti/s 8, 0, 2;
    %pad/u 10;
    %ix/vec4 3;
    %ix/load 4, 13, 0; part off
    %ix/load 5, 0, 0; Constant delay
    %assign/vec4/a/d v0x5555788ba950, 4, 5;
T_85.29 ;
    %load/vec4 v0x5555788ba790_0;
    %parti/s 1, 14, 5;
    %nor/r;
    %flag_set/vec4 8;
    %jmp/0xz  T_85.31, 8;
    %load/vec4 v0x5555788ba5f0_0;
    %parti/s 1, 14, 5;
    %load/vec4 v0x5555788ba2b0_0;
    %parti/s 8, 0, 2;
    %pad/u 10;
    %ix/vec4 3;
    %ix/load 4, 14, 0; part off
    %ix/load 5, 0, 0; Constant delay
    %assign/vec4/a/d v0x5555788ba950, 4, 5;
T_85.31 ;
    %load/vec4 v0x5555788ba790_0;
    %parti/s 1, 15, 5;
    %nor/r;
    %flag_set/vec4 8;
    %jmp/0xz  T_85.33, 8;
    %load/vec4 v0x5555788ba5f0_0;
    %parti/s 1, 15, 5;
    %load/vec4 v0x5555788ba2b0_0;
    %parti/s 8, 0, 2;
    %pad/u 10;
    %ix/vec4 3;
    %ix/load 4, 15, 0; part off
    %ix/load 5, 0, 0; Constant delay
    %assign/vec4/a/d v0x5555788ba950, 4, 5;
T_85.33 ;
T_85.0 ;
    %jmp T_85;
    .thread T_85;
    .scope S_0x5555788b7450;
T_86 ;
    %wait E_0x5555788b9300;
    %load/vec4 v0x5555788ba110_0;
    %flag_set/vec4 9;
    %flag_get/vec4 9;
    %jmp/0 T_86.2, 9;
    %load/vec4 v0x5555788b9e40_0;
    %and;
T_86.2;
    %flag_set/vec4 8;
    %jmp/0xz  T_86.0, 8;
    %load/vec4 v0x5555788b9c90_0;
    %parti/s 8, 0, 2;
    %pad/u 10;
    %ix/vec4 4;
    %load/vec4a v0x5555788ba950, 4;
    %load/vec4 v0x5555788ba1d0_0;
    %inv;
    %and;
    %assign/vec4 v0x5555788ba030_0, 0;
T_86.0 ;
    %jmp T_86;
    .thread T_86;
    .scope S_0x5555788bb650;
T_87 ;
    %pushi/vec4 0, 0, 32;
    %store/vec4 v0x5555788bebb0_0, 0, 32;
T_87.0 ; Top of for-loop 
    %load/vec4 v0x5555788bebb0_0;
    %cmpi/s 16, 0, 32;
    %jmp/0xz T_87.1, 5;
    %pushi/vec4 0, 0, 256;
    %load/vec4 v0x5555788bebb0_0;
    %muli 16, 0, 32;
    %part/s 16;
    %pushi/vec4 0, 0, 32;
    %load/vec4 v0x5555788bebb0_0;
    %add;
    %ix/vec4/s 4;
    %store/vec4a v0x5555788bec90, 4, 0;
    %pushi/vec4 0, 0, 256;
    %load/vec4 v0x5555788bebb0_0;
    %muli 16, 0, 32;
    %part/s 16;
    %pushi/vec4 16, 0, 32;
    %load/vec4 v0x5555788bebb0_0;
    %add;
    %ix/vec4/s 4;
    %store/vec4a v0x5555788bec90, 4, 0;
    %pushi/vec4 0, 0, 256;
    %load/vec4 v0x5555788bebb0_0;
    %muli 16, 0, 32;
    %part/s 16;
    %pushi/vec4 32, 0, 32;
    %load/vec4 v0x5555788bebb0_0;
    %add;
    %ix/vec4/s 4;
    %store/vec4a v0x5555788bec90, 4, 0;
    %pushi/vec4 0, 0, 256;
    %load/vec4 v0x5555788bebb0_0;
    %muli 16, 0, 32;
    %part/s 16;
    %pushi/vec4 48, 0, 32;
    %load/vec4 v0x5555788bebb0_0;
    %add;
    %ix/vec4/s 4;
    %store/vec4a v0x5555788bec90, 4, 0;
    %pushi/vec4 0, 0, 256;
    %load/vec4 v0x5555788bebb0_0;
    %muli 16, 0, 32;
    %part/s 16;
    %pushi/vec4 64, 0, 32;
    %load/vec4 v0x5555788bebb0_0;
    %add;
    %ix/vec4/s 4;
    %store/vec4a v0x5555788bec90, 4, 0;
    %pushi/vec4 0, 0, 256;
    %load/vec4 v0x5555788bebb0_0;
    %muli 16, 0, 32;
    %part/s 16;
    %pushi/vec4 80, 0, 32;
    %load/vec4 v0x5555788bebb0_0;
    %add;
    %ix/vec4/s 4;
    %store/vec4a v0x5555788bec90, 4, 0;
    %pushi/vec4 0, 0, 256;
    %load/vec4 v0x5555788bebb0_0;
    %muli 16, 0, 32;
    %part/s 16;
    %pushi/vec4 96, 0, 32;
    %load/vec4 v0x5555788bebb0_0;
    %add;
    %ix/vec4/s 4;
    %store/vec4a v0x5555788bec90, 4, 0;
    %pushi/vec4 0, 0, 256;
    %load/vec4 v0x5555788bebb0_0;
    %muli 16, 0, 32;
    %part/s 16;
    %pushi/vec4 112, 0, 32;
    %load/vec4 v0x5555788bebb0_0;
    %add;
    %ix/vec4/s 4;
    %store/vec4a v0x5555788bec90, 4, 0;
    %pushi/vec4 0, 0, 256;
    %load/vec4 v0x5555788bebb0_0;
    %muli 16, 0, 32;
    %part/s 16;
    %pushi/vec4 128, 0, 32;
    %load/vec4 v0x5555788bebb0_0;
    %add;
    %ix/vec4/s 4;
    %store/vec4a v0x5555788bec90, 4, 0;
    %pushi/vec4 0, 0, 256;
    %load/vec4 v0x5555788bebb0_0;
    %muli 16, 0, 32;
    %part/s 16;
    %pushi/vec4 144, 0, 32;
    %load/vec4 v0x5555788bebb0_0;
    %add;
    %ix/vec4/s 4;
    %store/vec4a v0x5555788bec90, 4, 0;
    %pushi/vec4 0, 0, 256;
    %load/vec4 v0x5555788bebb0_0;
    %muli 16, 0, 32;
    %part/s 16;
    %pushi/vec4 160, 0, 32;
    %load/vec4 v0x5555788bebb0_0;
    %add;
    %ix/vec4/s 4;
    %store/vec4a v0x5555788bec90, 4, 0;
    %pushi/vec4 0, 0, 256;
    %load/vec4 v0x5555788bebb0_0;
    %muli 16, 0, 32;
    %part/s 16;
    %pushi/vec4 176, 0, 32;
    %load/vec4 v0x5555788bebb0_0;
    %add;
    %ix/vec4/s 4;
    %store/vec4a v0x5555788bec90, 4, 0;
    %pushi/vec4 0, 0, 256;
    %load/vec4 v0x5555788bebb0_0;
    %muli 16, 0, 32;
    %part/s 16;
    %pushi/vec4 192, 0, 32;
    %load/vec4 v0x5555788bebb0_0;
    %add;
    %ix/vec4/s 4;
    %store/vec4a v0x5555788bec90, 4, 0;
    %pushi/vec4 0, 0, 256;
    %load/vec4 v0x5555788bebb0_0;
    %muli 16, 0, 32;
    %part/s 16;
    %pushi/vec4 208, 0, 32;
    %load/vec4 v0x5555788bebb0_0;
    %add;
    %ix/vec4/s 4;
    %store/vec4a v0x5555788bec90, 4, 0;
    %pushi/vec4 0, 0, 256;
    %load/vec4 v0x5555788bebb0_0;
    %muli 16, 0, 32;
    %part/s 16;
    %pushi/vec4 224, 0, 32;
    %load/vec4 v0x5555788bebb0_0;
    %add;
    %ix/vec4/s 4;
    %store/vec4a v0x5555788bec90, 4, 0;
    %pushi/vec4 0, 0, 256;
    %load/vec4 v0x5555788bebb0_0;
    %muli 16, 0, 32;
    %part/s 16;
    %pushi/vec4 240, 0, 32;
    %load/vec4 v0x5555788bebb0_0;
    %add;
    %ix/vec4/s 4;
    %store/vec4a v0x5555788bec90, 4, 0;
T_87.2 ; for-loop step statement
    %load/vec4 v0x5555788bebb0_0;
    %addi 1, 0, 32;
    %store/vec4 v0x5555788bebb0_0, 0, 32;
    %jmp T_87.0;
T_87.1 ; for-loop exit label
    %end;
    .thread T_87;
    .scope S_0x5555788bb650;
T_88 ;
    %wait E_0x5555788bd6c0;
    %load/vec4 v0x5555788bea10_0;
    %flag_set/vec4 9;
    %flag_get/vec4 9;
    %jmp/0 T_88.2, 9;
    %load/vec4 v0x5555788be790_0;
    %and;
T_88.2;
    %flag_set/vec4 8;
    %jmp/0xz  T_88.0, 8;
    %load/vec4 v0x5555788bead0_0;
    %parti/s 1, 0, 2;
    %nor/r;
    %flag_set/vec4 8;
    %jmp/0xz  T_88.3, 8;
    %load/vec4 v0x5555788be930_0;
    %parti/s 1, 0, 2;
    %load/vec4 v0x5555788be5f0_0;
    %parti/s 8, 0, 2;
    %pad/u 10;
    %ix/vec4 3;
    %ix/load 4, 0, 0; Constant delay
    %assign/vec4/a/d v0x5555788bec90, 0, 4;
T_88.3 ;
    %load/vec4 v0x5555788bead0_0;
    %parti/s 1, 1, 2;
    %nor/r;
    %flag_set/vec4 8;
    %jmp/0xz  T_88.5, 8;
    %load/vec4 v0x5555788be930_0;
    %parti/s 1, 1, 2;
    %load/vec4 v0x5555788be5f0_0;
    %parti/s 8, 0, 2;
    %pad/u 10;
    %ix/vec4 3;
    %ix/load 4, 1, 0; part off
    %ix/load 5, 0, 0; Constant delay
    %assign/vec4/a/d v0x5555788bec90, 4, 5;
T_88.5 ;
    %load/vec4 v0x5555788bead0_0;
    %parti/s 1, 2, 3;
    %nor/r;
    %flag_set/vec4 8;
    %jmp/0xz  T_88.7, 8;
    %load/vec4 v0x5555788be930_0;
    %parti/s 1, 2, 3;
    %load/vec4 v0x5555788be5f0_0;
    %parti/s 8, 0, 2;
    %pad/u 10;
    %ix/vec4 3;
    %ix/load 4, 2, 0; part off
    %ix/load 5, 0, 0; Constant delay
    %assign/vec4/a/d v0x5555788bec90, 4, 5;
T_88.7 ;
    %load/vec4 v0x5555788bead0_0;
    %parti/s 1, 3, 3;
    %nor/r;
    %flag_set/vec4 8;
    %jmp/0xz  T_88.9, 8;
    %load/vec4 v0x5555788be930_0;
    %parti/s 1, 3, 3;
    %load/vec4 v0x5555788be5f0_0;
    %parti/s 8, 0, 2;
    %pad/u 10;
    %ix/vec4 3;
    %ix/load 4, 3, 0; part off
    %ix/load 5, 0, 0; Constant delay
    %assign/vec4/a/d v0x5555788bec90, 4, 5;
T_88.9 ;
    %load/vec4 v0x5555788bead0_0;
    %parti/s 1, 4, 4;
    %nor/r;
    %flag_set/vec4 8;
    %jmp/0xz  T_88.11, 8;
    %load/vec4 v0x5555788be930_0;
    %parti/s 1, 4, 4;
    %load/vec4 v0x5555788be5f0_0;
    %parti/s 8, 0, 2;
    %pad/u 10;
    %ix/vec4 3;
    %ix/load 4, 4, 0; part off
    %ix/load 5, 0, 0; Constant delay
    %assign/vec4/a/d v0x5555788bec90, 4, 5;
T_88.11 ;
    %load/vec4 v0x5555788bead0_0;
    %parti/s 1, 5, 4;
    %nor/r;
    %flag_set/vec4 8;
    %jmp/0xz  T_88.13, 8;
    %load/vec4 v0x5555788be930_0;
    %parti/s 1, 5, 4;
    %load/vec4 v0x5555788be5f0_0;
    %parti/s 8, 0, 2;
    %pad/u 10;
    %ix/vec4 3;
    %ix/load 4, 5, 0; part off
    %ix/load 5, 0, 0; Constant delay
    %assign/vec4/a/d v0x5555788bec90, 4, 5;
T_88.13 ;
    %load/vec4 v0x5555788bead0_0;
    %parti/s 1, 6, 4;
    %nor/r;
    %flag_set/vec4 8;
    %jmp/0xz  T_88.15, 8;
    %load/vec4 v0x5555788be930_0;
    %parti/s 1, 6, 4;
    %load/vec4 v0x5555788be5f0_0;
    %parti/s 8, 0, 2;
    %pad/u 10;
    %ix/vec4 3;
    %ix/load 4, 6, 0; part off
    %ix/load 5, 0, 0; Constant delay
    %assign/vec4/a/d v0x5555788bec90, 4, 5;
T_88.15 ;
    %load/vec4 v0x5555788bead0_0;
    %parti/s 1, 7, 4;
    %nor/r;
    %flag_set/vec4 8;
    %jmp/0xz  T_88.17, 8;
    %load/vec4 v0x5555788be930_0;
    %parti/s 1, 7, 4;
    %load/vec4 v0x5555788be5f0_0;
    %parti/s 8, 0, 2;
    %pad/u 10;
    %ix/vec4 3;
    %ix/load 4, 7, 0; part off
    %ix/load 5, 0, 0; Constant delay
    %assign/vec4/a/d v0x5555788bec90, 4, 5;
T_88.17 ;
    %load/vec4 v0x5555788bead0_0;
    %parti/s 1, 8, 5;
    %nor/r;
    %flag_set/vec4 8;
    %jmp/0xz  T_88.19, 8;
    %load/vec4 v0x5555788be930_0;
    %parti/s 1, 8, 5;
    %load/vec4 v0x5555788be5f0_0;
    %parti/s 8, 0, 2;
    %pad/u 10;
    %ix/vec4 3;
    %ix/load 4, 8, 0; part off
    %ix/load 5, 0, 0; Constant delay
    %assign/vec4/a/d v0x5555788bec90, 4, 5;
T_88.19 ;
    %load/vec4 v0x5555788bead0_0;
    %parti/s 1, 9, 5;
    %nor/r;
    %flag_set/vec4 8;
    %jmp/0xz  T_88.21, 8;
    %load/vec4 v0x5555788be930_0;
    %parti/s 1, 9, 5;
    %load/vec4 v0x5555788be5f0_0;
    %parti/s 8, 0, 2;
    %pad/u 10;
    %ix/vec4 3;
    %ix/load 4, 9, 0; part off
    %ix/load 5, 0, 0; Constant delay
    %assign/vec4/a/d v0x5555788bec90, 4, 5;
T_88.21 ;
    %load/vec4 v0x5555788bead0_0;
    %parti/s 1, 10, 5;
    %nor/r;
    %flag_set/vec4 8;
    %jmp/0xz  T_88.23, 8;
    %load/vec4 v0x5555788be930_0;
    %parti/s 1, 10, 5;
    %load/vec4 v0x5555788be5f0_0;
    %parti/s 8, 0, 2;
    %pad/u 10;
    %ix/vec4 3;
    %ix/load 4, 10, 0; part off
    %ix/load 5, 0, 0; Constant delay
    %assign/vec4/a/d v0x5555788bec90, 4, 5;
T_88.23 ;
    %load/vec4 v0x5555788bead0_0;
    %parti/s 1, 11, 5;
    %nor/r;
    %flag_set/vec4 8;
    %jmp/0xz  T_88.25, 8;
    %load/vec4 v0x5555788be930_0;
    %parti/s 1, 11, 5;
    %load/vec4 v0x5555788be5f0_0;
    %parti/s 8, 0, 2;
    %pad/u 10;
    %ix/vec4 3;
    %ix/load 4, 11, 0; part off
    %ix/load 5, 0, 0; Constant delay
    %assign/vec4/a/d v0x5555788bec90, 4, 5;
T_88.25 ;
    %load/vec4 v0x5555788bead0_0;
    %parti/s 1, 12, 5;
    %nor/r;
    %flag_set/vec4 8;
    %jmp/0xz  T_88.27, 8;
    %load/vec4 v0x5555788be930_0;
    %parti/s 1, 12, 5;
    %load/vec4 v0x5555788be5f0_0;
    %parti/s 8, 0, 2;
    %pad/u 10;
    %ix/vec4 3;
    %ix/load 4, 12, 0; part off
    %ix/load 5, 0, 0; Constant delay
    %assign/vec4/a/d v0x5555788bec90, 4, 5;
T_88.27 ;
    %load/vec4 v0x5555788bead0_0;
    %parti/s 1, 13, 5;
    %nor/r;
    %flag_set/vec4 8;
    %jmp/0xz  T_88.29, 8;
    %load/vec4 v0x5555788be930_0;
    %parti/s 1, 13, 5;
    %load/vec4 v0x5555788be5f0_0;
    %parti/s 8, 0, 2;
    %pad/u 10;
    %ix/vec4 3;
    %ix/load 4, 13, 0; part off
    %ix/load 5, 0, 0; Constant delay
    %assign/vec4/a/d v0x5555788bec90, 4, 5;
T_88.29 ;
    %load/vec4 v0x5555788bead0_0;
    %parti/s 1, 14, 5;
    %nor/r;
    %flag_set/vec4 8;
    %jmp/0xz  T_88.31, 8;
    %load/vec4 v0x5555788be930_0;
    %parti/s 1, 14, 5;
    %load/vec4 v0x5555788be5f0_0;
    %parti/s 8, 0, 2;
    %pad/u 10;
    %ix/vec4 3;
    %ix/load 4, 14, 0; part off
    %ix/load 5, 0, 0; Constant delay
    %assign/vec4/a/d v0x5555788bec90, 4, 5;
T_88.31 ;
    %load/vec4 v0x5555788bead0_0;
    %parti/s 1, 15, 5;
    %nor/r;
    %flag_set/vec4 8;
    %jmp/0xz  T_88.33, 8;
    %load/vec4 v0x5555788be930_0;
    %parti/s 1, 15, 5;
    %load/vec4 v0x5555788be5f0_0;
    %parti/s 8, 0, 2;
    %pad/u 10;
    %ix/vec4 3;
    %ix/load 4, 15, 0; part off
    %ix/load 5, 0, 0; Constant delay
    %assign/vec4/a/d v0x5555788bec90, 4, 5;
T_88.33 ;
T_88.0 ;
    %jmp T_88;
    .thread T_88;
    .scope S_0x5555788bb650;
T_89 ;
    %wait E_0x5555788bd640;
    %load/vec4 v0x5555788be450_0;
    %flag_set/vec4 9;
    %flag_get/vec4 9;
    %jmp/0 T_89.2, 9;
    %load/vec4 v0x5555788be180_0;
    %and;
T_89.2;
    %flag_set/vec4 8;
    %jmp/0xz  T_89.0, 8;
    %load/vec4 v0x5555788bdfd0_0;
    %parti/s 8, 0, 2;
    %pad/u 10;
    %ix/vec4 4;
    %load/vec4a v0x5555788bec90, 4;
    %load/vec4 v0x5555788be510_0;
    %inv;
    %and;
    %assign/vec4 v0x5555788be370_0, 0;
T_89.0 ;
    %jmp T_89;
    .thread T_89;
    .scope S_0x5555788bf9a0;
T_90 ;
    %pushi/vec4 0, 0, 32;
    %store/vec4 v0x5555788c2f00_0, 0, 32;
T_90.0 ; Top of for-loop 
    %load/vec4 v0x5555788c2f00_0;
    %cmpi/s 16, 0, 32;
    %jmp/0xz T_90.1, 5;
    %pushi/vec4 0, 0, 256;
    %load/vec4 v0x5555788c2f00_0;
    %muli 16, 0, 32;
    %part/s 16;
    %pushi/vec4 0, 0, 32;
    %load/vec4 v0x5555788c2f00_0;
    %add;
    %ix/vec4/s 4;
    %store/vec4a v0x5555788c2fe0, 4, 0;
    %pushi/vec4 0, 0, 256;
    %load/vec4 v0x5555788c2f00_0;
    %muli 16, 0, 32;
    %part/s 16;
    %pushi/vec4 16, 0, 32;
    %load/vec4 v0x5555788c2f00_0;
    %add;
    %ix/vec4/s 4;
    %store/vec4a v0x5555788c2fe0, 4, 0;
    %pushi/vec4 0, 0, 256;
    %load/vec4 v0x5555788c2f00_0;
    %muli 16, 0, 32;
    %part/s 16;
    %pushi/vec4 32, 0, 32;
    %load/vec4 v0x5555788c2f00_0;
    %add;
    %ix/vec4/s 4;
    %store/vec4a v0x5555788c2fe0, 4, 0;
    %pushi/vec4 0, 0, 256;
    %load/vec4 v0x5555788c2f00_0;
    %muli 16, 0, 32;
    %part/s 16;
    %pushi/vec4 48, 0, 32;
    %load/vec4 v0x5555788c2f00_0;
    %add;
    %ix/vec4/s 4;
    %store/vec4a v0x5555788c2fe0, 4, 0;
    %pushi/vec4 0, 0, 256;
    %load/vec4 v0x5555788c2f00_0;
    %muli 16, 0, 32;
    %part/s 16;
    %pushi/vec4 64, 0, 32;
    %load/vec4 v0x5555788c2f00_0;
    %add;
    %ix/vec4/s 4;
    %store/vec4a v0x5555788c2fe0, 4, 0;
    %pushi/vec4 0, 0, 256;
    %load/vec4 v0x5555788c2f00_0;
    %muli 16, 0, 32;
    %part/s 16;
    %pushi/vec4 80, 0, 32;
    %load/vec4 v0x5555788c2f00_0;
    %add;
    %ix/vec4/s 4;
    %store/vec4a v0x5555788c2fe0, 4, 0;
    %pushi/vec4 0, 0, 256;
    %load/vec4 v0x5555788c2f00_0;
    %muli 16, 0, 32;
    %part/s 16;
    %pushi/vec4 96, 0, 32;
    %load/vec4 v0x5555788c2f00_0;
    %add;
    %ix/vec4/s 4;
    %store/vec4a v0x5555788c2fe0, 4, 0;
    %pushi/vec4 0, 0, 256;
    %load/vec4 v0x5555788c2f00_0;
    %muli 16, 0, 32;
    %part/s 16;
    %pushi/vec4 112, 0, 32;
    %load/vec4 v0x5555788c2f00_0;
    %add;
    %ix/vec4/s 4;
    %store/vec4a v0x5555788c2fe0, 4, 0;
    %pushi/vec4 0, 0, 256;
    %load/vec4 v0x5555788c2f00_0;
    %muli 16, 0, 32;
    %part/s 16;
    %pushi/vec4 128, 0, 32;
    %load/vec4 v0x5555788c2f00_0;
    %add;
    %ix/vec4/s 4;
    %store/vec4a v0x5555788c2fe0, 4, 0;
    %pushi/vec4 0, 0, 256;
    %load/vec4 v0x5555788c2f00_0;
    %muli 16, 0, 32;
    %part/s 16;
    %pushi/vec4 144, 0, 32;
    %load/vec4 v0x5555788c2f00_0;
    %add;
    %ix/vec4/s 4;
    %store/vec4a v0x5555788c2fe0, 4, 0;
    %pushi/vec4 0, 0, 256;
    %load/vec4 v0x5555788c2f00_0;
    %muli 16, 0, 32;
    %part/s 16;
    %pushi/vec4 160, 0, 32;
    %load/vec4 v0x5555788c2f00_0;
    %add;
    %ix/vec4/s 4;
    %store/vec4a v0x5555788c2fe0, 4, 0;
    %pushi/vec4 0, 0, 256;
    %load/vec4 v0x5555788c2f00_0;
    %muli 16, 0, 32;
    %part/s 16;
    %pushi/vec4 176, 0, 32;
    %load/vec4 v0x5555788c2f00_0;
    %add;
    %ix/vec4/s 4;
    %store/vec4a v0x5555788c2fe0, 4, 0;
    %pushi/vec4 0, 0, 256;
    %load/vec4 v0x5555788c2f00_0;
    %muli 16, 0, 32;
    %part/s 16;
    %pushi/vec4 192, 0, 32;
    %load/vec4 v0x5555788c2f00_0;
    %add;
    %ix/vec4/s 4;
    %store/vec4a v0x5555788c2fe0, 4, 0;
    %pushi/vec4 0, 0, 256;
    %load/vec4 v0x5555788c2f00_0;
    %muli 16, 0, 32;
    %part/s 16;
    %pushi/vec4 208, 0, 32;
    %load/vec4 v0x5555788c2f00_0;
    %add;
    %ix/vec4/s 4;
    %store/vec4a v0x5555788c2fe0, 4, 0;
    %pushi/vec4 0, 0, 256;
    %load/vec4 v0x5555788c2f00_0;
    %muli 16, 0, 32;
    %part/s 16;
    %pushi/vec4 224, 0, 32;
    %load/vec4 v0x5555788c2f00_0;
    %add;
    %ix/vec4/s 4;
    %store/vec4a v0x5555788c2fe0, 4, 0;
    %pushi/vec4 0, 0, 256;
    %load/vec4 v0x5555788c2f00_0;
    %muli 16, 0, 32;
    %part/s 16;
    %pushi/vec4 240, 0, 32;
    %load/vec4 v0x5555788c2f00_0;
    %add;
    %ix/vec4/s 4;
    %store/vec4a v0x5555788c2fe0, 4, 0;
T_90.2 ; for-loop step statement
    %load/vec4 v0x5555788c2f00_0;
    %addi 1, 0, 32;
    %store/vec4 v0x5555788c2f00_0, 0, 32;
    %jmp T_90.0;
T_90.1 ; for-loop exit label
    %end;
    .thread T_90;
    .scope S_0x5555788bf9a0;
T_91 ;
    %wait E_0x5555788c1a10;
    %load/vec4 v0x5555788c2d60_0;
    %flag_set/vec4 9;
    %flag_get/vec4 9;
    %jmp/0 T_91.2, 9;
    %load/vec4 v0x5555788c2ae0_0;
    %and;
T_91.2;
    %flag_set/vec4 8;
    %jmp/0xz  T_91.0, 8;
    %load/vec4 v0x5555788c2e20_0;
    %parti/s 1, 0, 2;
    %nor/r;
    %flag_set/vec4 8;
    %jmp/0xz  T_91.3, 8;
    %load/vec4 v0x5555788c2c80_0;
    %parti/s 1, 0, 2;
    %load/vec4 v0x5555788c2940_0;
    %parti/s 8, 0, 2;
    %pad/u 10;
    %ix/vec4 3;
    %ix/load 4, 0, 0; Constant delay
    %assign/vec4/a/d v0x5555788c2fe0, 0, 4;
T_91.3 ;
    %load/vec4 v0x5555788c2e20_0;
    %parti/s 1, 1, 2;
    %nor/r;
    %flag_set/vec4 8;
    %jmp/0xz  T_91.5, 8;
    %load/vec4 v0x5555788c2c80_0;
    %parti/s 1, 1, 2;
    %load/vec4 v0x5555788c2940_0;
    %parti/s 8, 0, 2;
    %pad/u 10;
    %ix/vec4 3;
    %ix/load 4, 1, 0; part off
    %ix/load 5, 0, 0; Constant delay
    %assign/vec4/a/d v0x5555788c2fe0, 4, 5;
T_91.5 ;
    %load/vec4 v0x5555788c2e20_0;
    %parti/s 1, 2, 3;
    %nor/r;
    %flag_set/vec4 8;
    %jmp/0xz  T_91.7, 8;
    %load/vec4 v0x5555788c2c80_0;
    %parti/s 1, 2, 3;
    %load/vec4 v0x5555788c2940_0;
    %parti/s 8, 0, 2;
    %pad/u 10;
    %ix/vec4 3;
    %ix/load 4, 2, 0; part off
    %ix/load 5, 0, 0; Constant delay
    %assign/vec4/a/d v0x5555788c2fe0, 4, 5;
T_91.7 ;
    %load/vec4 v0x5555788c2e20_0;
    %parti/s 1, 3, 3;
    %nor/r;
    %flag_set/vec4 8;
    %jmp/0xz  T_91.9, 8;
    %load/vec4 v0x5555788c2c80_0;
    %parti/s 1, 3, 3;
    %load/vec4 v0x5555788c2940_0;
    %parti/s 8, 0, 2;
    %pad/u 10;
    %ix/vec4 3;
    %ix/load 4, 3, 0; part off
    %ix/load 5, 0, 0; Constant delay
    %assign/vec4/a/d v0x5555788c2fe0, 4, 5;
T_91.9 ;
    %load/vec4 v0x5555788c2e20_0;
    %parti/s 1, 4, 4;
    %nor/r;
    %flag_set/vec4 8;
    %jmp/0xz  T_91.11, 8;
    %load/vec4 v0x5555788c2c80_0;
    %parti/s 1, 4, 4;
    %load/vec4 v0x5555788c2940_0;
    %parti/s 8, 0, 2;
    %pad/u 10;
    %ix/vec4 3;
    %ix/load 4, 4, 0; part off
    %ix/load 5, 0, 0; Constant delay
    %assign/vec4/a/d v0x5555788c2fe0, 4, 5;
T_91.11 ;
    %load/vec4 v0x5555788c2e20_0;
    %parti/s 1, 5, 4;
    %nor/r;
    %flag_set/vec4 8;
    %jmp/0xz  T_91.13, 8;
    %load/vec4 v0x5555788c2c80_0;
    %parti/s 1, 5, 4;
    %load/vec4 v0x5555788c2940_0;
    %parti/s 8, 0, 2;
    %pad/u 10;
    %ix/vec4 3;
    %ix/load 4, 5, 0; part off
    %ix/load 5, 0, 0; Constant delay
    %assign/vec4/a/d v0x5555788c2fe0, 4, 5;
T_91.13 ;
    %load/vec4 v0x5555788c2e20_0;
    %parti/s 1, 6, 4;
    %nor/r;
    %flag_set/vec4 8;
    %jmp/0xz  T_91.15, 8;
    %load/vec4 v0x5555788c2c80_0;
    %parti/s 1, 6, 4;
    %load/vec4 v0x5555788c2940_0;
    %parti/s 8, 0, 2;
    %pad/u 10;
    %ix/vec4 3;
    %ix/load 4, 6, 0; part off
    %ix/load 5, 0, 0; Constant delay
    %assign/vec4/a/d v0x5555788c2fe0, 4, 5;
T_91.15 ;
    %load/vec4 v0x5555788c2e20_0;
    %parti/s 1, 7, 4;
    %nor/r;
    %flag_set/vec4 8;
    %jmp/0xz  T_91.17, 8;
    %load/vec4 v0x5555788c2c80_0;
    %parti/s 1, 7, 4;
    %load/vec4 v0x5555788c2940_0;
    %parti/s 8, 0, 2;
    %pad/u 10;
    %ix/vec4 3;
    %ix/load 4, 7, 0; part off
    %ix/load 5, 0, 0; Constant delay
    %assign/vec4/a/d v0x5555788c2fe0, 4, 5;
T_91.17 ;
    %load/vec4 v0x5555788c2e20_0;
    %parti/s 1, 8, 5;
    %nor/r;
    %flag_set/vec4 8;
    %jmp/0xz  T_91.19, 8;
    %load/vec4 v0x5555788c2c80_0;
    %parti/s 1, 8, 5;
    %load/vec4 v0x5555788c2940_0;
    %parti/s 8, 0, 2;
    %pad/u 10;
    %ix/vec4 3;
    %ix/load 4, 8, 0; part off
    %ix/load 5, 0, 0; Constant delay
    %assign/vec4/a/d v0x5555788c2fe0, 4, 5;
T_91.19 ;
    %load/vec4 v0x5555788c2e20_0;
    %parti/s 1, 9, 5;
    %nor/r;
    %flag_set/vec4 8;
    %jmp/0xz  T_91.21, 8;
    %load/vec4 v0x5555788c2c80_0;
    %parti/s 1, 9, 5;
    %load/vec4 v0x5555788c2940_0;
    %parti/s 8, 0, 2;
    %pad/u 10;
    %ix/vec4 3;
    %ix/load 4, 9, 0; part off
    %ix/load 5, 0, 0; Constant delay
    %assign/vec4/a/d v0x5555788c2fe0, 4, 5;
T_91.21 ;
    %load/vec4 v0x5555788c2e20_0;
    %parti/s 1, 10, 5;
    %nor/r;
    %flag_set/vec4 8;
    %jmp/0xz  T_91.23, 8;
    %load/vec4 v0x5555788c2c80_0;
    %parti/s 1, 10, 5;
    %load/vec4 v0x5555788c2940_0;
    %parti/s 8, 0, 2;
    %pad/u 10;
    %ix/vec4 3;
    %ix/load 4, 10, 0; part off
    %ix/load 5, 0, 0; Constant delay
    %assign/vec4/a/d v0x5555788c2fe0, 4, 5;
T_91.23 ;
    %load/vec4 v0x5555788c2e20_0;
    %parti/s 1, 11, 5;
    %nor/r;
    %flag_set/vec4 8;
    %jmp/0xz  T_91.25, 8;
    %load/vec4 v0x5555788c2c80_0;
    %parti/s 1, 11, 5;
    %load/vec4 v0x5555788c2940_0;
    %parti/s 8, 0, 2;
    %pad/u 10;
    %ix/vec4 3;
    %ix/load 4, 11, 0; part off
    %ix/load 5, 0, 0; Constant delay
    %assign/vec4/a/d v0x5555788c2fe0, 4, 5;
T_91.25 ;
    %load/vec4 v0x5555788c2e20_0;
    %parti/s 1, 12, 5;
    %nor/r;
    %flag_set/vec4 8;
    %jmp/0xz  T_91.27, 8;
    %load/vec4 v0x5555788c2c80_0;
    %parti/s 1, 12, 5;
    %load/vec4 v0x5555788c2940_0;
    %parti/s 8, 0, 2;
    %pad/u 10;
    %ix/vec4 3;
    %ix/load 4, 12, 0; part off
    %ix/load 5, 0, 0; Constant delay
    %assign/vec4/a/d v0x5555788c2fe0, 4, 5;
T_91.27 ;
    %load/vec4 v0x5555788c2e20_0;
    %parti/s 1, 13, 5;
    %nor/r;
    %flag_set/vec4 8;
    %jmp/0xz  T_91.29, 8;
    %load/vec4 v0x5555788c2c80_0;
    %parti/s 1, 13, 5;
    %load/vec4 v0x5555788c2940_0;
    %parti/s 8, 0, 2;
    %pad/u 10;
    %ix/vec4 3;
    %ix/load 4, 13, 0; part off
    %ix/load 5, 0, 0; Constant delay
    %assign/vec4/a/d v0x5555788c2fe0, 4, 5;
T_91.29 ;
    %load/vec4 v0x5555788c2e20_0;
    %parti/s 1, 14, 5;
    %nor/r;
    %flag_set/vec4 8;
    %jmp/0xz  T_91.31, 8;
    %load/vec4 v0x5555788c2c80_0;
    %parti/s 1, 14, 5;
    %load/vec4 v0x5555788c2940_0;
    %parti/s 8, 0, 2;
    %pad/u 10;
    %ix/vec4 3;
    %ix/load 4, 14, 0; part off
    %ix/load 5, 0, 0; Constant delay
    %assign/vec4/a/d v0x5555788c2fe0, 4, 5;
T_91.31 ;
    %load/vec4 v0x5555788c2e20_0;
    %parti/s 1, 15, 5;
    %nor/r;
    %flag_set/vec4 8;
    %jmp/0xz  T_91.33, 8;
    %load/vec4 v0x5555788c2c80_0;
    %parti/s 1, 15, 5;
    %load/vec4 v0x5555788c2940_0;
    %parti/s 8, 0, 2;
    %pad/u 10;
    %ix/vec4 3;
    %ix/load 4, 15, 0; part off
    %ix/load 5, 0, 0; Constant delay
    %assign/vec4/a/d v0x5555788c2fe0, 4, 5;
T_91.33 ;
T_91.0 ;
    %jmp T_91;
    .thread T_91;
    .scope S_0x5555788bf9a0;
T_92 ;
    %wait E_0x5555788c1990;
    %load/vec4 v0x5555788c27a0_0;
    %flag_set/vec4 9;
    %flag_get/vec4 9;
    %jmp/0 T_92.2, 9;
    %load/vec4 v0x5555788c24d0_0;
    %and;
T_92.2;
    %flag_set/vec4 8;
    %jmp/0xz  T_92.0, 8;
    %load/vec4 v0x5555788c2320_0;
    %parti/s 8, 0, 2;
    %pad/u 10;
    %ix/vec4 4;
    %load/vec4a v0x5555788c2fe0, 4;
    %load/vec4 v0x5555788c2860_0;
    %inv;
    %and;
    %assign/vec4 v0x5555788c26c0_0, 0;
T_92.0 ;
    %jmp T_92;
    .thread T_92;
    .scope S_0x5555786eaca0;
T_93 ;
    %wait E_0x5555788c7960;
    %pushi/vec4 0, 0, 32;
    %store/vec4 v0x5555788c8280_0, 0, 32;
T_93.0 ; Top of for-loop 
    %load/vec4 v0x5555788c8280_0;
    %cmpi/s 16383, 0, 32;
    %flag_or 5, 4;
    %jmp/0xz T_93.1, 5;
    %pushi/vec4 65535, 65535, 16;
    %ix/getv/s 4, v0x5555788c8280_0;
    %store/vec4a v0x5555788c8360, 4, 0;
T_93.2 ; for-loop step statement
    %load/vec4 v0x5555788c8280_0;
    %addi 1, 0, 32;
    %store/vec4 v0x5555788c8280_0, 0, 32;
    %jmp T_93.0;
T_93.1 ; for-loop exit label
    %jmp T_93;
    .thread T_93;
    .scope S_0x5555786eaca0;
T_94 ;
    %wait E_0x5555788c78e0;
    %load/vec4 v0x5555788c8420_0;
    %flag_set/vec4 8;
    %jmp/0xz  T_94.0, 8;
    %pushi/vec4 0, 0, 16;
    %assign/vec4 v0x5555788c7d00_0, 0;
    %jmp T_94.1;
T_94.0 ;
    %load/vec4 v0x5555788c8040_0;
    %flag_set/vec4 8;
    %jmp/0xz  T_94.2, 8;
    %pushi/vec4 65535, 65535, 16;
    %assign/vec4 v0x5555788c7d00_0, 0;
    %jmp T_94.3;
T_94.2 ;
    %load/vec4 v0x5555788c7ac0_0;
    %flag_set/vec4 8;
    %jmp/0xz  T_94.4, 8;
    %load/vec4 v0x5555788c8100_0;
    %nor/r;
    %flag_set/vec4 8;
    %jmp/0xz  T_94.6, 8;
    %load/vec4 v0x5555788c79c0_0;
    %pad/u 16;
    %ix/vec4 4;
    %load/vec4a v0x5555788c8360, 4;
    %assign/vec4 v0x5555788c7d00_0, 0;
    %jmp T_94.7;
T_94.6 ;
    %load/vec4 v0x5555788c7de0_0;
    %parti/s 1, 0, 2;
    %flag_set/vec4 8;
    %jmp/0xz  T_94.8, 8;
    %load/vec4 v0x5555788c7c20_0;
    %parti/s 4, 0, 2;
    %load/vec4 v0x5555788c79c0_0;
    %pad/u 16;
    %ix/vec4 3;
    %ix/load 4, 0, 0; Constant delay
    %assign/vec4/a/d v0x5555788c8360, 0, 4;
T_94.8 ;
    %load/vec4 v0x5555788c7de0_0;
    %parti/s 1, 1, 2;
    %flag_set/vec4 8;
    %jmp/0xz  T_94.10, 8;
    %load/vec4 v0x5555788c7c20_0;
    %parti/s 4, 4, 4;
    %load/vec4 v0x5555788c79c0_0;
    %pad/u 16;
    %ix/vec4 3;
    %ix/load 4, 4, 0; part off
    %ix/load 5, 0, 0; Constant delay
    %assign/vec4/a/d v0x5555788c8360, 4, 5;
T_94.10 ;
    %load/vec4 v0x5555788c7de0_0;
    %parti/s 1, 2, 3;
    %flag_set/vec4 8;
    %jmp/0xz  T_94.12, 8;
    %load/vec4 v0x5555788c7c20_0;
    %parti/s 4, 8, 5;
    %load/vec4 v0x5555788c79c0_0;
    %pad/u 16;
    %ix/vec4 3;
    %ix/load 4, 8, 0; part off
    %ix/load 5, 0, 0; Constant delay
    %assign/vec4/a/d v0x5555788c8360, 4, 5;
T_94.12 ;
    %load/vec4 v0x5555788c7de0_0;
    %parti/s 1, 3, 3;
    %flag_set/vec4 8;
    %jmp/0xz  T_94.14, 8;
    %load/vec4 v0x5555788c7c20_0;
    %parti/s 4, 12, 5;
    %load/vec4 v0x5555788c79c0_0;
    %pad/u 16;
    %ix/vec4 3;
    %ix/load 4, 12, 0; part off
    %ix/load 5, 0, 0; Constant delay
    %assign/vec4/a/d v0x5555788c8360, 4, 5;
T_94.14 ;
    %pushi/vec4 65535, 65535, 16;
    %assign/vec4 v0x5555788c7d00_0, 0;
T_94.7 ;
T_94.4 ;
T_94.3 ;
T_94.1 ;
    %jmp T_94;
    .thread T_94;
    .scope S_0x5555786eab10;
T_95 ;
    %wait E_0x5555788c8900;
    %load/vec4 v0x5555788c8a60_0;
    %load/vec4 v0x5555788c8b20_0;
    %and;
    %store/vec4 v0x5555788c8980_0, 0, 1;
    %jmp T_95;
    .thread T_95, $push;
    .scope S_0x5555786f85d0;
T_96 ;
    %pushi/vec4 0, 0, 1;
    %store/vec4 v0x5555788c8d40_0, 0, 1;
    %pushi/vec4 0, 0, 1;
    %store/vec4 v0x5555788c8e10_0, 0, 1;
    %delay 1000, 0;
    %pushi/vec4 1, 0, 1;
    %store/vec4 v0x5555788c8d40_0, 0, 1;
    %pushi/vec4 0, 0, 1;
    %store/vec4 v0x5555788c8e10_0, 0, 1;
    %delay 1000, 0;
    %pushi/vec4 0, 0, 1;
    %store/vec4 v0x5555788c8d40_0, 0, 1;
    %pushi/vec4 1, 0, 1;
    %store/vec4 v0x5555788c8e10_0, 0, 1;
    %delay 1000, 0;
    %pushi/vec4 1, 0, 1;
    %store/vec4 v0x5555788c8d40_0, 0, 1;
    %pushi/vec4 1, 0, 1;
    %store/vec4 v0x5555788c8e10_0, 0, 1;
    %delay 1000, 0;
    %vpi_call 3 26 "$finish" {0 0 0};
    %vpi_call 3 27 "$dumpfile", "led_and_gate_tb.vcd" {0 0 0};
    %vpi_call 3 28 "$dumpvars" {0 0 0};
    %end;
    .thread T_96;
# The file index is used to find the file name in the following table.
:file_names 5;
    "N/A";
    "<interactive>";
    "/home/rizzy/.apio/packages/tools-oss-cad-suite/share/yosys/ice40/cells_sim.v";
    "led_and_gate_tb.v";
    "led_and_gate.v";
